employee_id,name,email,phone,role,branch_id
1,Vanessa Hernandez,shaun63@arias.com,306-820-3379,Teller,24
2,Kenneth Martinez,julie45@turner.info,001-762-121-0076x38794,Teller,97
3,Kathleen Mccoy,andersonstacey@yahoo.com,533-418-5072x823,Loan Officer,69
4,Allen White,annette92@villa.com,+1-487-108-2640,Manager,61
5,Ronald Davis,michaelhensley@benson-murphy.net,001-260-632-9968x54117,Manager,31
6,Nicholas Bridges,snyderjack@gmail.com,+1-372-515-5344x273,Manager,29
7,Kayla Wilson,vscott@hotmail.com,709-059-8906,Teller,39
8,Zachary Tanner,jford@yahoo.com,013-363-1277x7085,Teller,91
9,Sabrina Brown,ufuller@yahoo.com,001-702-258-8535x17681,CSR,19
10,Jeffery Brown,smithbrandon@yahoo.com,329-110-2895x370,Teller,60
11,Angela Long,christopherharris@munoz.com,+1-745-054-6790x413,Teller,8
12,Stephanie Cortez,lgraham@jones.com,001-912-626-7128x199,Teller,72
13,Monica Young,jessesmith@davis.com,(574)734-7720x9744,Manager,53
14,Jamie Morse,jdeleon@gmail.com,386.074.3366x39759,Manager,54
15,Kendra Gregory,brianwalker@coleman.com,001-640-257-1870,Teller,72
16,Todd Gibbs,jameswatson@yahoo.com,001-103-898-0476x59831,Manager,68
17,Diane Hernandez,williamssteven@hotmail.com,001-965-750-6830x9235,CSR,18
18,Jennifer Atkins,josejohnson@watson.com,165-074-0171x923,Manager,50
19,Melissa Moore,arivera@baxter.com,(799)488-0105x03188,CSR,32
20,Andrew Kelly,simpsonashley@hotmail.com,470-289-6960,Loan Officer,33
21,Jillian Alexander,bellcharles@hotmail.com,+1-663-086-2172x81894,Teller,27
22,Joel Martinez,dtaylor@gmail.com,001-673-559-4141x10394,Manager,43
23,Sabrina Mitchell,angelasimpson@lam.com,+1-349-386-9135x75367,CSR,83
24,Jason Garrett,ireyes@yahoo.com,7416499306,Loan Officer,11
25,Denise Petersen,zjohnson@yahoo.com,870-137-3383x58764,Loan Officer,58
26,Derrick Perkins,lluna@wilcox-everett.com,9481996736,Manager,48
27,Larry Lee,brendancruz@yahoo.com,+1-398-321-5616x8842,Manager,12
28,Lauren Burgess,melissa76@saunders.info,223-286-3074,Loan Officer,69
29,Robert Floyd,meyersemily@king-cruz.net,298-346-2228,Teller,93
30,Michael Brooks,pamelawilson@yahoo.com,(337)736-8314x34788,Teller,25
31,Daniel Duncan,tbutler@gmail.com,+1-958-378-5892x51374,CSR,7
32,Dr. Sara Bishop MD,blake76@smith.net,675-034-1060x769,Teller,35
33,Eric Vega,carloschang@lam.net,+1-370-700-0779x8688,Loan Officer,49
34,Michael Hines,qlopez@castillo-holmes.org,(928)452-6420x8249,Loan Officer,87
35,Michael Olson,kimberlyanderson@gmail.com,(278)486-1187x656,Loan Officer,78
36,Christina Ellis,cisnerosscott@johnson.com,190-514-7811,Teller,78
37,Christine Mendez,grantroman@yahoo.com,001-353-146-5602,CSR,6
38,Taylor Gregory,william17@gmail.com,994.435.2539x49861,Teller,10
39,Ian Hobbs,millerrodney@yahoo.com,011.518.1616,CSR,25
40,Mrs. Miranda Scott,james02@hotmail.com,(910)667-2117,Teller,98
41,Kimberly Mccormick,hturner@hotmail.com,186.377.6918,Loan Officer,76
42,Ryan Castro,rachel98@hotmail.com,(020)822-3782x2610,Loan Officer,93
43,Heather Pope,veleztimothy@yahoo.com,+1-486-823-8898x26529,Manager,86
44,William Welch,sellerssharon@velasquez.com,193.938.3732,Teller,72
45,Anthony Tucker,oallen@yahoo.com,4044744995,Teller,28
46,Julie Miranda,pattersonannette@gmail.com,727.260.9475,Manager,62
47,Jenna Burnett,crosbyjake@gmail.com,001-841-149-5111,Loan Officer,27
48,Michael Duncan,angelica90@gutierrez.net,274-025-7429x4057,Teller,43
49,Jordan Coleman,caitlin80@luna.com,001-073-409-8500x7683,Manager,39
50,Jacob Fields,boydchristopher@johnson.com,(533)725-6463,Teller,2
51,Sara Morgan,dbeck@yahoo.com,(383)794-3072,CSR,28
52,Eric Smith,osbornpaul@middleton.com,685.571.6088,Loan Officer,25
53,Carl Watson,robertrogers@hotmail.com,(193)146-3634x7962,CSR,95
54,Tracy Henson,ysmith@newman.com,031.603.6542x542,Loan Officer,16
55,Darren Martinez,rriddle@gmail.com,(580)398-2789,Manager,96
56,George Anthony,jennifer02@lee.com,036-037-9707,Loan Officer,97
57,Chad Chan,brandibrown@gmail.com,+1-630-540-0182x5864,Loan Officer,62
58,Kelly Oconnor,michaelhenderson@allen.com,(869)148-6996x328,Manager,32
59,Christine Wong,collinsscott@hicks.com,+1-069-350-5160x94928,Loan Officer,90
60,Karen Walker,kimberly98@yahoo.com,470.179.8561x3287,Teller,78
61,James Harris,pamelaalvarez@lawson.com,+1-671-300-0431x018,Manager,91
62,Christopher Scott,matthewroy@rodriguez.org,019.616.3208,Manager,27
63,Tommy Wilson,michelle55@gmail.com,+1-427-496-0863x433,Manager,51
64,Linda Riley,kyle09@davis-perez.com,(785)462-5634x708,CSR,31
65,Shelley Hansen,eking@garner-costa.com,(147)386-9785x614,CSR,71
66,Chad Conner,ttaylor@yahoo.com,001-320-847-5516x562,Loan Officer,42
67,Laura Cooper,jasonadkins@parrish.org,(708)995-1133x8738,Manager,100
68,Paul Smith,amygibson@yahoo.com,920-874-1810x069,Loan Officer,37
69,Yvette Smith,yjackson@collins.info,4558587919,Teller,49
70,Kristin Morse,garcialindsay@gmail.com,(878)063-0814,Manager,60
71,William Rodriguez,rdaniels@clayton-hubbard.com,263-741-8724,Teller,69
72,Patrick Wells,evelynpark@bell-griffin.com,001-965-327-7450,Loan Officer,84
73,Robert Thompson,teaton@hotmail.com,+1-855-128-4138x53649,CSR,46
74,Richard Carr,hbeasley@yahoo.com,001-951-487-0929x325,Loan Officer,40
75,George Sanchez,oharrell@hotmail.com,001-858-404-6849,Teller,34
76,Jocelyn Evans,claytonkevin@hotmail.com,+1-203-304-8828,Manager,47
77,Evan Wright,mary95@hotmail.com,(761)417-3532x186,Loan Officer,66
78,Brent Moss,fharris@rodriguez.net,(599)943-4043x8212,Manager,64
79,Nichole Ellis,leachnicholas@yahoo.com,(526)156-7245x53780,CSR,60
80,Nathan Marshall,jasonstone@wu.biz,745-757-0222x5903,CSR,13
81,Robert Ramirez,shelly06@hotmail.com,955.762.7851x86131,CSR,93
82,Angela Weeks,debrajohnson@singh.biz,202-387-9144x09056,Manager,61
83,Mark Padilla,brianthompson@williamson.com,952-361-0484,Loan Officer,98
84,Joy Mckenzie,ibarragarrett@hotmail.com,0244612953,Manager,41
85,Raymond Blake,jamesclements@yahoo.com,001-568-288-7203x8455,Manager,27
86,Brian Castro,randalldavidson@hotmail.com,(709)405-5935,Loan Officer,48
87,Crystal Thompson,ronaldwilliams@brown-morales.com,+1-960-563-7146x16198,CSR,41
88,Michael Salinas,sharpbrian@hotmail.com,001-400-927-5293,CSR,53
89,Brandy Mcknight,taylor67@burton.com,+1-865-429-1261x760,Loan Officer,6
90,William Luna,michelle79@fitzgerald.com,221-797-2431x5782,Manager,73
91,William Mcguire,ryan83@sanchez-miles.info,001-761-575-7220x6487,Manager,29
92,Tara Bell,melissa45@payne.com,247.394.4761x4019,CSR,95
93,Cory Hanson,brandon29@arroyo.com,(377)456-3467x0280,Teller,19
94,Charles Tate,reedjulie@gmail.com,001-504-373-9840,Teller,3
95,Sara Johnson,marysanchez@hotmail.com,036-112-4256x767,Teller,34
96,Craig Thomas,alison85@turner.com,146.850.2450x402,Manager,71
97,Jennifer King,kathy98@gmail.com,001-089-864-2852,Manager,75
98,Brian Singh,thomas40@yahoo.com,010.583.2436,CSR,75
99,Heidi Ellis,edwardsisabella@nguyen-king.biz,928-700-3808,Teller,93
100,John Green,aevans@yahoo.com,+1-589-429-0887x310,CSR,54
101,Erika Smith,harrisheidi@yahoo.com,+1-734-228-2189,CSR,38
102,Jessica Ortega,carolyngreen@hotmail.com,(364)300-7632x811,CSR,20
103,Rodney Odonnell,carlakhan@aguilar.com,9786012169,Loan Officer,26
104,April Campbell,udonaldson@gmail.com,283-054-9182x57359,Teller,43
105,Paul Murphy,johnmartinez@yahoo.com,768.339.4707x8298,Teller,30
106,Dr. Catherine Lambert,jill97@gmail.com,001-155-563-3717,Loan Officer,49
107,Randy Smith,nancy06@yahoo.com,757-592-7708x6253,Loan Officer,73
108,Jerome Rodriguez,dbarron@tran-valencia.net,+1-305-542-4643x1010,Teller,32
109,Patrick Wyatt,flynnpeter@farmer.org,323-551-8568x414,Loan Officer,64
110,Tara Smith,mitchellchristina@logan.biz,171.573.2564x41075,CSR,71
111,Matthew Bates,lisa75@gmail.com,5854056969,Manager,84
112,Chelsea Johnson,erin28@gmail.com,001-375-725-7624,CSR,88
113,Victor Willis,acurry@gmail.com,938-629-3565x0187,Teller,44
114,Brandon Green,john29@peterson.net,001-138-336-8735,Loan Officer,33
115,Jonathan Collins,dawnsalazar@myers.biz,8094839527,Manager,98
116,Aaron Collins,markadams@mendoza-martin.com,822.167.7691,Teller,63
117,Anthony Walker,mibarra@scott-brooks.com,8195867415,Loan Officer,93
118,Hannah Miller,ngonzalez@anderson.biz,001-748-612-6410x5965,Manager,83
119,Michelle Lambert,scottflores@hotmail.com,+1-112-582-4053,Manager,95
120,Clayton Wright,mackenziehendricks@hotmail.com,1450557502,Loan Officer,63
121,Maria Carlson,meganhiggins@hotmail.com,(981)961-6138x88464,Manager,59
122,Stephanie Coleman,mfisher@hotmail.com,276-603-1679,Teller,22
123,Alison Santana,anthony76@rice.com,(980)537-7508x0312,Loan Officer,94
124,Jonathan May,fergusonmisty@calhoun-kaufman.com,424.126.1381,CSR,46
125,Cody Miller,smithdavid@hotmail.com,(822)386-4196x47537,Teller,22
126,Martin Powers,dunnmckenzie@gmail.com,+1-989-042-2843x92310,Teller,18
127,Jonathan Smith,nicole25@yahoo.com,710.882.3660x06520,Loan Officer,93
128,Jack Moore,ulewis@lindsey-scott.org,3068218350,Loan Officer,70
129,Andrew Warner,ogreen@hotmail.com,001-370-579-6768x57038,Manager,63
130,Christopher Taylor,peter60@gmail.com,001-339-174-7749x12763,Teller,24
131,Erica Baldwin,ewillis@gmail.com,001-830-198-9512x57440,Manager,70
132,Marcus Wright,omurray@hotmail.com,(846)893-3686,Teller,83
133,Heidi Cunningham,caseyblankenship@rogers-nichols.com,476-928-6588,Teller,8
134,Rose Hickman,lashley@yahoo.com,190-801-7990x858,CSR,68
135,Sarah Burns,jessicacummings@mason-brown.com,935-305-2968,Teller,5
136,Joshua Carroll,ttrujillo@sanders-bridges.com,(467)870-1965,Manager,10
137,Joshua Harris,yjohnson@anthony.com,+1-458-573-0839x2382,Manager,86
138,Billy King,mgarcia@hotmail.com,486.208.0237x365,CSR,7
139,Michael Lewis,michael89@morris.com,602-829-9105x10367,Manager,98
140,Sharon Smith,williamsmeghan@gmail.com,571.276.9578x9594,Loan Officer,1
141,David Hayes,patriciacrawford@winters.info,001-541-476-5632x175,CSR,53
142,Mary Best,richard09@livingston.biz,+1-885-419-4179,Manager,18
143,Mario Velazquez,susanwagner@yates-wiggins.com,001-594-697-7584x913,Manager,81
144,Carol Miller,fgalvan@hotmail.com,984.542.9686x58152,Loan Officer,30
145,Angela Bryant,catherine41@yahoo.com,341.041.6903,CSR,9
146,Katherine Ingram,neil50@richard-stevenson.com,261-940-9744x596,Loan Officer,91
147,Tyler Porter,william65@hotmail.com,517-092-4055x70533,CSR,20
148,James Freeman,mosleyedward@hotmail.com,277.638.2564,CSR,2
149,Alejandra Williams,jamesflores@hotmail.com,013.765.7207,Teller,28
150,Melissa Hill,patrickbailey@cuevas-andrade.com,(261)130-0203x5495,Manager,65
151,Carol Hunter,aprilmiller@yahoo.com,974-513-3465x341,Manager,59
152,Michael White,bennettlindsey@rosario-williams.com,+1-468-417-6236x75922,Teller,48
153,Jessica White,zhangkatherine@hotmail.com,(796)925-2223,Loan Officer,8
154,Mrs. Sara Lopez DDS,tlucas@jensen-anthony.com,8036463856,Teller,80
155,Victor Peck,karalewis@yahoo.com,814-555-7472,Manager,82
156,Michael Thompson,virginianolan@mayer.info,(807)467-0992x990,Manager,86
157,Jason Wright,christopher37@hotmail.com,268.762.0998,Teller,79
158,Brandy Tucker,jonathan71@gmail.com,001-902-800-3150x3313,Teller,62
159,James Bush,jessecain@george.com,+1-511-584-9693x9091,Teller,85
160,Lucas White,porterandrew@hensley.com,8603064413,Manager,63
161,James Brown,hardyhannah@mcintyre-harris.org,(423)670-0906,Teller,3
162,Jessica Hartman,frichard@gonzales-sanchez.net,001-644-909-3511x8824,Teller,1
163,Fred Morrow,ryan63@pierce.org,001-600-722-6389x94835,Loan Officer,69
164,Christopher Malone,buchananmark@saunders.org,+1-082-831-9219x87613,Teller,71
165,Tonya Thomas,amygolden@hotmail.com,(200)031-5725x589,Manager,53
166,Lee Baker,mejiarebecca@gmail.com,7964945510,Loan Officer,2
167,Deanna Jones,jonathan06@calhoun.com,(604)512-2670,CSR,3
168,Pamela Randall,halltammy@gmail.com,707-297-7715,Manager,68
169,Bradley Dawson,awalton@may.info,646.499.8539x98824,Manager,93
170,Matthew Wilson,briancarlson@hotmail.com,061-328-9031x34402,CSR,36
171,Pamela Barnes,phopkins@myers.com,(469)998-4071,Manager,69
172,Brian Riley,justinfoster@yahoo.com,(144)872-9001x4707,CSR,37
173,Erin Smith,matthewmarquez@white-hughes.biz,001-618-382-1061x4305,CSR,3
174,Robert Smith,elizabeth32@hotmail.com,773.472.3519x146,Manager,65
175,Scott Nichols,tcolon@perez-maldonado.info,+1-251-323-8331x329,Teller,90
176,Elizabeth Jones,jamesevans@hotmail.com,(142)256-0696,Teller,87
177,Christopher Hampton DVM,uroberts@hotmail.com,(183)286-1973x758,CSR,56
178,Cindy Rodriguez,qdean@hotmail.com,321.803.6927x4014,Loan Officer,23
179,Courtney Bautista,ssnow@cobb.org,001-677-726-0816x27477,CSR,14
180,Amber Valenzuela,smedina@hotmail.com,575.117.3120x767,CSR,13
181,Alexander Hughes,gabriellafischer@moore.info,9029327373,CSR,68
182,Traci Gonzalez,patriciahooper@sloan.biz,001-143-723-4815x0132,Teller,20
183,John Morales,lisa29@lindsey.com,6015978018,Teller,31
184,Steven Hansen,thomaserin@moore-wade.org,+1-430-679-9654x887,Teller,25
185,Justin Phillips,christina22@gmail.com,001-557-037-6363,CSR,80
186,Kayla Stokes DDS,gking@lewis.com,(360)543-2809x1767,Loan Officer,68
187,Timothy Ewing,schneideranne@norman.biz,7577581627,Teller,33
188,Jessica Martin,mendozaannette@yahoo.com,+1-273-614-0493x179,Manager,46
189,Steven Rivera,benjaminevans@bell-thomas.com,(214)974-3346,Manager,35
190,Elizabeth Salazar,wilcoxolivia@king.com,518.223.9782x728,Manager,51
191,Chad Taylor,kylie02@mcdowell.com,911.479.7721x0143,CSR,11
192,Adam Griffin,alove@nelson-campbell.com,(097)787-5381x83262,Manager,48
193,Tara Hill,donnastephens@hotmail.com,(058)871-6277,CSR,52
194,Julie Vasquez,toddwillis@gmail.com,086.730.9153,Manager,59
195,Taylor Collins,zhernandez@murphy.info,3997400427,Loan Officer,73
196,Brandon Cole,marcus89@gmail.com,+1-806-000-3512x661,CSR,32
197,Carly Garza,amywatkins@chandler.org,859.787.7209x74608,Manager,90
198,Rhonda Bass,lovejoshua@gmail.com,290-944-1049,Teller,29
199,Timothy Washington,castrolaura@mcguire.info,887-014-0051x3090,CSR,39
200,Todd Becker,alexandernunez@hotmail.com,926-960-1446x249,Teller,88
201,Sheila Campbell,steven13@payne.info,001-948-449-0958x2906,Teller,11
202,Victoria Hardin,huntjohnny@thomas-williams.com,460.140.2559x5540,Teller,84
203,Jasmine Kim,rgonzales@hotmail.com,439-086-6098x19245,Teller,84
204,Xavier Dougherty,ryanmurray@summers.net,0352902119,Manager,98
205,Vanessa Oneill,lisa36@summers.com,(653)758-6879x04288,Manager,5
206,Nancy Gallegos,alexandraweber@hotmail.com,001-414-342-1876x408,CSR,12
207,Wendy Lyons,rmay@garrett.org,639.040.2447x7013,CSR,52
208,Robert Snyder,jodi38@church.info,+1-757-274-9397x7329,CSR,49
209,Caitlyn Hunt,shawn36@yahoo.com,876-982-4947x20219,Manager,49
210,Daniel Thompson,brittany07@ellis.com,(847)593-0162,CSR,71
211,Richard Dunn,charlespatricia@yahoo.com,9388177260,Teller,61
212,Catherine Morgan,xgould@gardner.com,(157)374-5328,Manager,8
213,Todd Thomas DDS,matthewdixon@hendrix-nichols.com,946-843-4249,CSR,82
214,Jennifer Miller,stephaniewade@gmail.com,965.418.0307x0916,Teller,2
215,Patrick Jackson,ryangarcia@yahoo.com,937-669-1351,CSR,90
216,Shane Williams,kennethharper@miller.info,217.251.3305x347,Loan Officer,22
217,Angel Braun,paynejustin@gmail.com,(734)476-5547x781,CSR,11
218,Tonya Solis,brandiortega@gmail.com,001-104-571-6135x173,Loan Officer,64
219,Angela Phillips,urodriguez@gmail.com,+1-509-670-2767x4417,CSR,56
220,Michael Green,flowersrichard@edwards.com,001-937-278-7496x456,CSR,83
221,Michael Walsh,xsmith@mata-sanchez.net,065.043.9586x5531,Manager,43
222,Sheryl Jackson,ctran@dorsey-adams.biz,818-517-3004,Manager,73
223,Michael Reyes,qsheppard@montgomery-johnson.com,430.689.2939x9149,Loan Officer,13
224,Heather Mathews,stewartdylan@bryant.biz,001-297-445-4400x32274,Manager,68
225,Michael Alvarez,ericamendoza@owens-clark.org,657-665-5173x781,Teller,6
226,Bonnie Anderson,halledward@gmail.com,723-706-2447,Teller,30
227,Richard Smith,barrongreg@sullivan.com,897-918-2032x3062,Loan Officer,28
228,Anthony Abbott,qsanchez@hotmail.com,001-567-979-7153,Teller,89
229,Jennifer Mendez,jessicaelliott@gmail.com,001-822-623-3503,Teller,73
230,Frank Mcguire,david08@yahoo.com,(348)515-1397x805,CSR,61
231,Caroline Davis,urichards@clark-johnson.org,+1-203-213-2001,Manager,35
232,Mrs. Jennifer Jones,krodriguez@rogers.org,994-196-3533x47179,Teller,6
233,Amber Harrington,hayessarah@hotmail.com,+1-501-585-9430,Teller,10
234,Dr. Deborah Campbell,kingbrianna@hotmail.com,307.842.9555x5998,Manager,88
235,Dean Hatfield,pdavis@hendricks.com,830.324.3024x36270,Teller,36
236,Christopher Smith,denisemartin@gmail.com,122-860-7930x25100,Teller,70
237,Maria Ruiz,melissa40@hotmail.com,+1-284-329-1023x37277,Manager,73
238,Amanda Ramos,marshkelsey@delacruz-brooks.com,977-567-5599x976,CSR,85
239,Victor Gonzales,lindsay24@salazar.com,(597)688-8777,Teller,5
240,Matthew Bennett,omoore@gmail.com,330-052-7960,Manager,23
241,James Scott,penny76@smith.com,930-424-4799x89131,Teller,41
242,Michael Carrillo,debrarivera@dalton.com,(897)659-4723x4410,Teller,3
243,Rebecca Love,brandongarcia@manning-davis.net,734.889.2875,CSR,27
244,Russell Lawson,lmcneil@anderson.com,791-887-7669x804,Loan Officer,76
245,Latoya Salazar,apatel@hotmail.com,808-465-9441x884,Loan Officer,19
246,Rick Young,ymurphy@yahoo.com,001-136-771-1096,Manager,97
247,Dennis Vargas,randy13@gmail.com,2604606430,Loan Officer,92
248,Melanie Herring,lperez@acevedo.org,(560)985-7580x194,Manager,51
249,Jacob Wells,wesleyharrison@gmail.com,306-844-6605x988,Loan Officer,10
250,Kathleen Mcguire,simpsonmichelle@cox.com,(184)788-1091x0498,CSR,39
251,Joshua Bell,davidpacheco@adams-lopez.com,(605)077-3797,Manager,21
252,Thomas Davis,psullivan@aguirre.com,073-858-8105,Loan Officer,73
253,Anthony Lindsey,ywalker@gmail.com,+1-538-777-7451,CSR,31
254,Bradley Hill,mullinsryan@fernandez.info,386.840.7023x976,Loan Officer,73
255,Gary Kaufman,rscott@gmail.com,001-805-856-4358x4784,Teller,50
256,Jose French,hardymaria@jacobs.com,714.785.5904x21196,Teller,87
257,Robert Hughes PhD,xfarmer@yahoo.com,(834)189-4808x33661,CSR,70
258,Laura Clark DDS,zrios@hotmail.com,001-231-216-9535,Teller,43
259,Sean Forbes,pamela10@cherry.org,946-577-2800x622,Teller,50
260,Debra Burns,jenniferli@wilkerson-ellis.info,336-138-0891x2115,Manager,97
261,Clinton Terrell,kmunoz@yahoo.com,(105)675-0658x17914,Loan Officer,95
262,Christopher Olson,romerodon@yahoo.com,099.486.8600,Manager,18
263,Danielle Wheeler,teresa46@yahoo.com,001-917-951-7021x0931,Loan Officer,89
264,Cynthia Robinson,hhunter@yahoo.com,005.015.4619x7336,Teller,93
265,Ms. Erin Espinoza,omitchell@yahoo.com,6251426554,Manager,11
266,Patricia Chang DDS,corey77@johnson.biz,(166)240-8048x8450,Loan Officer,65
267,Juan Leach,raymond97@jones.info,001-179-990-5285,Loan Officer,96
268,Christopher Johnson,newtonjesus@williams.info,163.790.4708,Manager,45
269,Yvonne Fox,duanebates@gmail.com,646-017-5380x72242,CSR,7
270,Diane Robertson,tylerhernandez@estrada-houston.com,6374914810,Loan Officer,13
271,Jonathan Harrison,wangwanda@gmail.com,001-883-097-5736x97159,Teller,56
272,Laura Williams,ramireztyler@hotmail.com,(244)371-3473,Loan Officer,30
273,Stephen Garcia,dbrennan@sexton.biz,254-808-8129x6091,Teller,10
274,Heather Morales,jhoward@yahoo.com,001-170-670-6503x62772,Manager,44
275,Brett Davenport,dorseywendy@golden.biz,438-288-8411x83577,Loan Officer,78
276,Megan Velez,robertjones@gross-thompson.com,001-961-066-7404,Teller,99
277,Luis Green,wallacemelissa@hotmail.com,(456)437-4793x6877,Teller,79
278,Nicole Pena,jdominguez@hawkins.org,+1-364-402-5778x55397,Manager,77
279,Darlene Floyd,ftaylor@gmail.com,001-677-620-7539x292,Loan Officer,51
280,Corey Johnson,johnrussell@hotmail.com,277-793-7603,Loan Officer,100
281,Gregory Stanley,eric80@baker.com,+1-551-733-2410x17383,Manager,42
282,Kristina Evans,shannon78@hotmail.com,399.026.8698x2249,Loan Officer,4
283,Jessica Ramos,jonescurtis@gmail.com,+1-298-756-7776x0032,Manager,82
284,Samuel Murillo,gherring@goodwin-harris.com,980-383-6536x8768,Loan Officer,35
285,Bradley White,rachelgomez@kirby.com,006.637.3558x13942,CSR,58
286,Laura Hill,amywilliams@rojas.com,863.827.9245,Loan Officer,63
287,Timothy Sutton,harrisontrevor@frazier.com,185-351-8839x329,Teller,30
288,Jerome Campbell,wolfewilliam@arias.com,178.266.3402,Teller,46
289,Jamie Castro,dodsonashley@smith.com,(537)354-0005x45674,CSR,71
290,Janet Nelson,christinaharris@yahoo.com,753-238-6313x6356,Loan Officer,49
291,Deborah Smith,michaelprice@haynes.net,(742)401-6436x45152,Teller,56
292,Danielle Ramirez,tgonzales@hodges.com,+1-807-045-2193x36074,Teller,24
293,Aaron Duncan,deborahwalker@yahoo.com,869.251.7247x7979,Loan Officer,88
294,Frank Finley,smithkaren@hotmail.com,616.444.0934x9175,Manager,75
295,Jessica Gross,karinaadams@smith-bennett.org,+1-865-980-5942x334,Loan Officer,85
296,Gary West,veronicanguyen@yahoo.com,511.887.4054,Manager,49
297,Belinda Foster,jonathan22@gmail.com,(322)097-6580x3504,CSR,11
298,Andrew House,plynch@gmail.com,510.144.8072,CSR,99
299,Jason Wright,daviestimothy@wyatt.org,232.381.5766x4532,Teller,80
300,Jeffery Ortega,rickpeck@dyer-ellis.com,001-472-968-6988x80849,Teller,38
301,Jamie Sharp,gjohnson@hotmail.com,803.444.6491x7474,Teller,32
302,William Roberts,fullersamantha@hotmail.com,001-666-148-6622x76778,Manager,92
303,Robert Gray,michaeldavis@bell-johnson.info,(615)073-3568x69366,Teller,10
304,Timothy Williams,jamesolson@williams.com,+1-113-370-2578x8230,Loan Officer,11
305,Keith Harris,jeffrey74@smith-hubbard.com,001-827-191-3906x0716,Manager,35
306,Lucas Johnson,reneephillips@yahoo.com,(039)950-9599x070,CSR,20
307,Mary Nelson,claytonrobert@meyers.biz,970-172-3208,Manager,49
308,Kathleen Taylor,elee@davis.org,211.829.2571x50604,Teller,92
309,John Jones,lsmith@yahoo.com,001-218-933-3124x802,Loan Officer,82
310,Andrea Webb,matthew63@clay.net,(429)133-8156x3903,Loan Officer,20
311,Kristen Dixon,davidcarroll@hotmail.com,905-555-1833,Teller,95
312,Keith Peterson,christian04@guerrero.com,+1-098-133-8817x351,Loan Officer,50
313,Antonio Atkins,crosbychristina@navarro.info,+1-111-232-2380x28986,Manager,41
314,Samantha Cook,lindsey15@martin.com,(868)288-7485x464,Manager,47
315,Richard Butler,cantrellrichard@ellis-phillips.org,001-245-594-1305x79866,Teller,14
316,Mason Olson,michelecombs@gmail.com,596-701-8090x8758,Loan Officer,12
317,Dr. Robert Smith Jr.,nicholschristine@bender.net,492.457.9951x38275,CSR,1
318,William Mata,cjohnson@bruce.info,(354)015-4125,Manager,40
319,Deborah Ortiz,alexiscarney@beck.org,930-911-9545x05339,Manager,57
320,Stephanie Charles,schneidermatthew@gmail.com,0925668277,Manager,47
321,Angela Ray,miguel65@gmail.com,408-507-1419,Manager,98
322,Michael Mueller,brewerjames@watson.org,208.231.2983,CSR,35
323,Sara Burke,justin74@hotmail.com,001-143-179-4110x37576,Teller,14
324,Nicole Diaz,cynthia47@mills-rivera.com,644.377.0042,Manager,17
325,Tanner Cooley,willierice@gmail.com,001-844-794-3510x289,Loan Officer,12
326,Michelle Hughes,heather20@jordan.com,218.895.7093,CSR,24
327,Wendy Mitchell,henry93@hotmail.com,(962)274-6451,Manager,56
328,Cindy Marshall,shermangregory@weber-miller.biz,9265874498,Loan Officer,58
329,Danielle Rodriguez,jacob53@hotmail.com,292.944.5474,Manager,72
330,Howard Craig,mark05@hotmail.com,(248)729-3736x3972,Teller,72
331,Corey Williams,rramirez@howard-stanley.com,001-371-995-1450,CSR,66
332,Dr. Justin Martin,jordan55@murray.net,(909)568-4957x001,Teller,53
333,Jacob Williams,graymichael@hotmail.com,+1-190-349-5792,CSR,14
334,Christopher Knapp,heatherfarley@haley.biz,932.818.8883x560,Manager,4
335,Suzanne Bennett,philippalmer@hutchinson.net,232.504.1492x753,Manager,12
336,Donna Gaines,upeterson@gmail.com,408.241.8738,CSR,46
337,Bobby Oneal,vmaynard@hotmail.com,+1-169-479-2553x194,Loan Officer,71
338,Yvonne Kim,laura94@hotmail.com,130.307.2765,Loan Officer,12
339,Emily Weber,murphysteven@gmail.com,001-488-858-9406,Manager,77
340,Paul Vega,bferguson@harris.net,+1-061-394-2451x4364,Manager,77
341,Brian Archer,jonesbruce@yahoo.com,205.724.1024x4353,Teller,42
342,Ivan Ortega,nathanlucas@hotmail.com,001-406-214-9067,Manager,50
343,Shannon Brown,hoopertiffany@figueroa-burns.com,281.934.1777x88363,CSR,2
344,Teresa Warren,henryrandy@evans.org,657-909-6755x07260,Loan Officer,38
345,Rodney Cooley,aaron61@gmail.com,+1-480-312-2914x4801,Loan Officer,53
346,Valerie Church,gonzalesgloria@vaughn.com,961-930-6424,Teller,50
347,Lori Bell,zburch@gmail.com,6147353785,Loan Officer,100
348,Heather Pope,paulpatel@gmail.com,299.749.5936,Loan Officer,11
349,Aimee Kane,nbeasley@yahoo.com,001-339-045-2277x77761,CSR,93
350,Emily Miller,mclaughlinstephen@patton.com,001-723-520-2211x613,Loan Officer,72
351,Kenneth Fuller,joseph48@hotmail.com,915.448.4564x886,Teller,32
352,Jennifer Gill,wgibson@gmail.com,519.416.2415,Teller,74
353,Michael Conway,albertlove@hotmail.com,001-988-249-9205x67966,Loan Officer,67
354,Kelly Mitchell,carrollcatherine@gmail.com,+1-434-144-1487x624,Manager,22
355,Emma Scott,patricia56@yahoo.com,316.867.9918,Loan Officer,88
356,Deborah James,kevinrandolph@yahoo.com,629-176-4996,Teller,49
357,Zachary Logan,maryturner@yahoo.com,296.714.0823x81097,Teller,22
358,Leah Patterson,pricesamantha@yahoo.com,028-962-2083,CSR,18
359,Jessica Lee,campbelljeffery@hall.info,326-712-2631x09647,Loan Officer,35
360,Sandra Stark,amartin@hotmail.com,116.608.3050x76634,Loan Officer,39
361,Brandon Brooks,hernandezstephen@yahoo.com,+1-290-557-4700x699,CSR,35
362,Robert Johnson,adrian72@gmail.com,(735)554-0763,Teller,64
363,Joel Tucker,harveyshelby@baldwin-wood.com,(608)132-5715,CSR,19
364,Dana Contreras,michael07@bishop.biz,(026)485-9498x157,Manager,9
365,Mrs. Madison Cox MD,wchen@hotmail.com,001-040-775-5628x97823,Loan Officer,22
366,Christian Bridges,chungchristopher@hotmail.com,001-468-451-8291x6415,Teller,56
367,James Gomez Jr.,iriley@yahoo.com,+1-649-521-2884x4650,CSR,36
368,Kathryn Scott,hernandezbrian@gmail.com,163-827-5010x3248,Teller,54
369,Thomas Tran,walkerelijah@hotmail.com,567.440.7488x350,Manager,39
370,Allison Davis,obrienmichael@short.com,954.254.4944x44386,Loan Officer,62
371,Nicholas Mccullough,pmyers@hotmail.com,281-269-7649x836,CSR,10
372,Kelly Davis,williamsjeremy@yahoo.com,(298)675-8519,Teller,47
373,Elizabeth Macdonald,imendoza@williams.com,001-099-380-7469x428,Loan Officer,33
374,John Martin,lbishop@matthews.com,+1-514-908-5507x43879,Loan Officer,32
375,Catherine Brennan,espinozapaul@jones.biz,688-897-0403,Teller,93
376,Todd Knox,xsmith@welch.com,+1-042-002-8177x76760,Loan Officer,81
377,Nathaniel Phillips,zhanglacey@hotmail.com,(868)457-7400x8924,Loan Officer,64
378,Margaret Drake,aimeewatson@mclaughlin.info,+1-412-976-1654x6340,CSR,77
379,Robert Santos,everettaaron@sellers.net,870-825-9307x4118,Loan Officer,79
380,Paul Miller,michelle49@yahoo.com,(202)881-6258x0699,CSR,26
381,Lauren Moore MD,ularson@cameron.info,606-147-6470,Loan Officer,59
382,Christopher Berger,meredith02@anderson-rollins.com,001-657-140-3944,Manager,14
383,Daniel Bruce,marywagner@ramirez-boone.com,348.588.3203x66336,Manager,18
384,Krystal Kennedy,elizabeth66@yahoo.com,+1-447-703-4385x429,CSR,39
385,Dawn Park PhD,wernerrobert@wallace.biz,(933)791-2438,CSR,1
386,Jennifer Fischer,christineherrera@yahoo.com,(388)363-5738,Manager,51
387,Kerry Miller,matthewbrown@knapp-scott.com,897.161.4466,Loan Officer,43
388,Michael Carter,scott04@hall.info,(773)453-5618,CSR,80
389,Elizabeth Rivera,richardmartin@boyd-guerrero.net,+1-533-769-3070x595,Teller,49
390,Christy Nguyen,bbrown@taylor.org,+1-884-955-5247x5175,Loan Officer,43
391,Julie Cooke,williamray@gmail.com,001-657-364-2031x94685,Loan Officer,57
392,Amy Lawrence,scottdaniel@strickland-harris.com,+1-025-473-5713,Manager,43
393,Ricky Sanchez,vbaker@yahoo.com,947-261-2356x8217,CSR,56
394,Jimmy Stone,paulsalas@gmail.com,9798471722,Loan Officer,84
395,Todd Jimenez,carolinejames@santiago.com,(341)789-7377,CSR,77
396,Roger Ramirez,cindy42@george-garcia.info,(137)546-1978x3453,CSR,18
397,Cynthia Reyes,karensmith@stevens-lee.biz,264-043-0919,CSR,39
398,Joseph Gonzalez,pittsjohnny@hotmail.com,+1-915-887-2644x626,Manager,42
399,Maria Horton,nicholas57@yahoo.com,2987525605,CSR,78
400,Daniel Lara,uhall@hotmail.com,183.400.0338x80304,Manager,89
401,Scott Curtis,rramirez@cortez.com,+1-018-846-1567x27129,Teller,26
402,Jennifer Martinez,kedwards@yahoo.com,795-111-3544,Loan Officer,62
403,Jonathan Reed,garrettlittle@foster.org,+1-275-927-2980,Loan Officer,41
404,Ricardo Fuentes,derek53@thompson-lopez.com,+1-884-796-1880,Teller,23
405,Christopher Harris,smithbetty@bates.com,812-948-9171,Manager,51
406,Christopher Hines,mwright@carrillo.info,4434147253,Loan Officer,41
407,Gregory Murray,rowlandkathryn@walters.biz,+1-017-040-8415x540,Manager,38
408,Billy Bush,nicholassmith@dunn-henson.com,041.568.5554x405,Manager,95
409,Michael Owens,jill76@lopez.com,(086)720-4043x47696,Manager,89
410,Michelle White,kristencarlson@wilson.com,(100)622-8945,Teller,82
411,Brett Patterson,vfrazier@gmail.com,6238493652,Teller,63
412,Amanda Turner,michaeljohnson@yahoo.com,+1-096-926-1667x7419,Manager,74
413,Paula Phelps,heather26@gmail.com,178-783-2278x9077,CSR,32
414,Jennifer Henderson,jay09@hull.com,+1-339-606-5798x2234,Teller,42
415,Paul Torres,samuel26@hotmail.com,550.695.1607x60050,CSR,49
416,Teresa Fox,kathy51@howard.info,627-026-4083x19356,CSR,36
417,Johnathan Thomas,vbeard@gmail.com,485-822-7983,Manager,51
418,Joshua Wheeler,ymassey@richardson.info,001-420-765-6876x44031,CSR,47
419,Marvin Wilson,sperkins@hotmail.com,001-990-463-6333x2006,CSR,15
420,Anna Davis,bluna@cox.com,767-342-2131,CSR,73
421,Jeffery Williams,tamijohnson@yahoo.com,880-845-2211,Manager,26
422,Rebekah Rowland,travismason@barber-newman.com,+1-148-250-3611x97800,Manager,76
423,Brett Jones,qharris@yahoo.com,(332)205-0718x7951,Teller,70
424,Jody Robinson,robertmason@white.com,+1-968-347-5822x7086,Teller,24
425,Rebecca Jones,elizabeth64@love.info,564-580-1350x14769,CSR,88
426,Donald Pittman,buckleydebra@yahoo.com,+1-944-970-4799x442,Manager,99
427,Betty Davis,scarroll@williams.org,(891)700-2167x30115,Manager,71
428,Christopher Mccoy,brendasilva@foster-thomas.com,848-655-4085x38604,CSR,4
429,Lisa Hensley,michael30@beasley.biz,2957523828,Teller,94
430,Steven Flynn,pwood@schroeder.com,505-576-4617x2970,Manager,60
431,Brian Simpson,tyler75@stokes.com,884-587-9086x02080,Teller,91
432,Amanda Hart,karabrown@yahoo.com,9765581418,CSR,27
433,Michelle Chapman,shannonhenderson@marshall.com,659.005.6575,Manager,57
434,Vincent Shaffer,william83@gmail.com,(881)329-9387x72907,CSR,38
435,Ms. Michele Walker,walkerclifford@bullock.com,(448)134-8594x905,Loan Officer,89
436,Samantha Key,alan15@zamora-bruce.biz,(586)182-5089x3393,CSR,9
437,Marvin Richards,moorechristina@gmail.com,669-798-7459,CSR,53
438,Fernando Wood,robinsonpatrick@gmail.com,(881)328-0074x5622,CSR,87
439,Kevin Rios,ryanhartman@brown.com,903-479-6966,Manager,64
440,Nicholas Smith,jill25@beard.com,596-010-1166x449,CSR,18
441,Heather Bowers,brooksrachel@yahoo.com,3695387578,CSR,82
442,Elizabeth Thomas,christineparsons@gmail.com,+1-846-125-2651,Loan Officer,39
443,Gregory Simpson,dawnnixon@hotmail.com,+1-768-359-1040x97047,Manager,31
444,John Moore DDS,lukedavis@townsend.com,0536595896,Loan Officer,33
445,Stephanie Garza,coheneric@gmail.com,(869)654-8926,CSR,85
446,Jacob Johnson,kyle35@hotmail.com,(366)819-5720x077,Manager,20
447,Andrew Best,huangashley@grimes.org,119-407-7303x25843,Loan Officer,92
448,Erica Herman,ycabrera@johnson.org,209.490.6622x8081,CSR,55
449,Ryan Holmes,philipscott@yahoo.com,001-186-457-5591x7817,Teller,49
450,Kaitlyn Walker,carolynhampton@mendoza.info,172.851.7514x44767,Loan Officer,10
451,Daniel Meadows,hcummings@nguyen.net,326.965.1824x4637,Manager,58
452,Cody Carrillo,rebeccaanderson@yahoo.com,+1-577-030-9602x149,Loan Officer,77
453,Charles Johnson,andreamendoza@hotmail.com,(698)836-8741x75052,Loan Officer,62
454,Adam Daniels,shawpaul@gmail.com,001-153-708-7710x6199,Loan Officer,75
455,Vincent Turner,wknight@gmail.com,001-456-155-2324x210,Teller,52
456,Mindy King,thomas21@gmail.com,188-960-1803x36278,Manager,69
457,Donald Smith,wilsoncody@perez-carter.org,089.812.1624x9924,Manager,65
458,Rebecca Wilkerson,phillipsashley@hotmail.com,720-014-7015,Manager,89
459,Regina Burke,jenna72@gmail.com,948.686.8753,CSR,54
460,Jeffrey Wood,robincurry@vaughan-stein.info,0169543430,Manager,70
461,Michael Larsen,robertsjames@sawyer.com,+1-143-131-0381x8785,Manager,5
462,Ronald Larson,stevenwhitehead@chavez.com,097.084.6512,Teller,47
463,Terry Graham,hannah61@espinoza.biz,006.172.5693x5625,CSR,90
464,Leslie Brown,jeremy53@cline.org,596.583.8800x68806,CSR,69
465,Pamela Wells,stewartzachary@gmail.com,024.203.7378x0685,Loan Officer,77
466,Justin Oneill,jonathanlawson@gmail.com,017-414-4842x2259,CSR,82
467,Michael Davis,nicole68@sanders.org,189.047.7929x4282,CSR,11
468,Jason Lynch,cwinters@warren.biz,625.890.7797x95817,Teller,14
469,Ms. Sara Banks,susanadkins@moore-woods.org,+1-541-923-3040x490,Manager,99
470,Beverly Young,mharvey@yahoo.com,503-660-4569x245,CSR,32
471,Jessica Baker,tcook@bailey.com,(442)442-7683x22763,CSR,85
472,Chad Romero,prestonvictoria@gmail.com,774-026-6681x236,Teller,86
473,Jasmine Miller,gstevens@yahoo.com,(702)649-3683x141,CSR,46
474,Carl Barrett,tyrone38@camacho.com,(254)632-5340x5961,CSR,22
475,Antonio Young,gcole@hotmail.com,002.752.7670x91458,Teller,83
476,Christopher Costa,melinda11@yahoo.com,124-114-5444,Loan Officer,79
477,Cynthia Patrick,davidwalker@ramsey-wilson.com,001-689-630-2075x42204,Loan Officer,6
478,Joseph Davis,mark67@briggs.com,001-018-567-9943,CSR,73
479,Casey Lindsey,scottpamela@edwards.com,001-072-520-1421,CSR,83
480,Dawn Hernandez,haydenlopez@brooks.com,031.356.6871x583,Manager,87
481,Denise Hernandez,oramirez@yahoo.com,001-705-772-2912x73186,CSR,83
482,Kelly Porter,kaitlinreese@gordon-winters.com,194.222.4025x939,Manager,52
483,Lisa Bryant,jennifer25@morse.biz,+1-408-029-6457,Loan Officer,97
484,John Quinn,contrerasmary@hotmail.com,748.698.8201x4553,CSR,43
485,Tim Stone,tyler42@hotmail.com,(738)098-4080,CSR,56
486,Andrew Cohen,graymichael@johnson.com,(978)917-2147,Teller,14
487,Jared Griffin,heidi29@mcdaniel.biz,(586)992-4088,CSR,2
488,Sarah Rogers,meganyoder@hotmail.com,461.114.4783x38977,Loan Officer,13
489,Darren Perez,jacob72@yahoo.com,8203980502,CSR,34
490,Steven Travis,cbarnes@gmail.com,857.866.4016x2405,Manager,29
491,Jeffrey Nolan,michelle95@hotmail.com,+1-132-197-3188x68717,CSR,66
492,Courtney Johnson,james51@gmail.com,001-706-658-9103,Manager,96
493,Matthew George,jenniferbond@turner.com,(402)124-9449x9466,Teller,67
494,Patrick Dominguez,brandon71@mccarthy-maxwell.net,(585)921-6831x88189,CSR,72
495,Bradley Moore,ramoscody@yahoo.com,(256)700-4290x911,Teller,75
496,Kristi Brown,latoya85@gmail.com,(601)098-5580x979,Teller,89
497,Adrian Thomas,walterskyle@hotmail.com,001-877-694-4034x7936,CSR,74
498,Theresa Torres,wendysantos@james.info,(082)312-4894x06454,Manager,29
499,Brandon Lee,fgarcia@rodriguez-lewis.com,(208)501-2302x1969,CSR,58
500,Gabrielle Monroe,phillipwheeler@gmail.com,359-850-0061x473,Manager,48
501,Bradley Williams,warnerpatricia@yahoo.com,001-948-778-7090x545,Teller,51
502,Sarah Green,dominguezmary@cunningham.com,001-844-901-8657x051,Loan Officer,60
503,Amy Martinez,olsonalicia@gmail.com,+1-704-193-0170x107,CSR,99
504,Andrew Cooper,fhodge@gmail.com,545-910-8265x437,Loan Officer,87
505,John Drake,annagreen@alexander.net,(808)254-7818,Manager,76
506,Brian Cobb,dorothymoody@hotmail.com,001-011-348-1918x6953,CSR,89
507,Ian Huff,danielle74@johnson.com,001-271-178-0745x42479,Loan Officer,65
508,Shannon Diaz,taylor48@yahoo.com,(330)475-4890,Loan Officer,20
509,Robin Brown,pvasquez@cook.com,157.284.2244x78430,CSR,45
510,Marissa Smith,leviramsey@yahoo.com,+1-915-282-5785,Loan Officer,4
511,Robert Valdez,fishermorgan@fuentes-larson.com,+1-957-228-7269,CSR,62
512,Michelle Mckinney,whitejames@hotmail.com,5286904603,Loan Officer,14
513,Sarah Baker,vargasadam@trujillo.net,(681)062-9160,Teller,38
514,Andre Rojas,merrittalexandra@hotmail.com,555-488-3121x597,CSR,54
515,Charles Hicks,valvarez@thompson-kim.com,(925)153-2971x7293,Teller,11
516,Lisa Rodriguez,lmills@allen.com,(064)991-5912x1089,Teller,15
517,Daniel Moore,njohnson@gmail.com,+1-898-714-2381,Loan Officer,94
518,Vanessa Barker,grichards@yahoo.com,725-659-6821x7244,Manager,19
519,Donald Aguilar,jenniferwarner@gmail.com,475-378-8577,Teller,45
520,Casey Daniel,jerryburns@willis.com,001-497-737-7771x407,Teller,40
521,Kevin Miles,watsonjohn@yahoo.com,760-690-5991,Teller,44
522,Julia Reed,ronaldvelazquez@yahoo.com,599-905-3005x0170,Manager,59
523,Austin Cabrera,rperkins@thomas-soto.info,108.960.3739,Manager,27
524,Brendan Mcdaniel,craigoneal@yahoo.com,+1-794-526-4698x2751,Teller,67
525,Jonathan Gillespie,kevin65@yahoo.com,7667017505,Manager,62
526,Elizabeth Davis,urivera@hotmail.com,(031)660-1463,Manager,45
527,Haley Carter,daviddoyle@decker-heath.com,360-820-5357,Manager,61
528,Abigail Cabrera,steven77@hotmail.com,695-885-2467,CSR,13
529,Sarah Parrish,wayne23@yahoo.com,(183)722-1479,Teller,57
530,Russell Jenkins,russell75@gmail.com,001-658-582-5562x2383,Manager,93
531,Michael Hill,matthewsjose@hotmail.com,821-695-9357x703,CSR,90
532,Nicole Elliott,stonebrandon@hotmail.com,001-348-301-3668x88405,Loan Officer,58
533,Matthew Skinner,zamoraronnie@gmail.com,+1-844-530-3732x3614,Loan Officer,41
534,George Cummings,jsalas@hotmail.com,001-666-099-4573x267,Manager,9
535,Susan Wilson,jeffrey86@white-wilcox.org,640-025-0215x66553,Teller,39
536,Kiara Watson,williamflores@hotmail.com,6106731353,Manager,6
537,Angela Black,amytucker@woods-joseph.com,(537)236-5863x661,Loan Officer,91
538,Keith Burke,reneerobles@parks.com,001-067-382-9950x69077,Teller,15
539,Joseph Smith,michaelthomas@yahoo.com,+1-819-637-1976x4931,Teller,3
540,Ryan Pitts,sarah73@gmail.com,001-688-230-9704x977,Loan Officer,44
541,Clifford Waller,aimeemorales@frye.com,930.048.9200,CSR,83
542,Jennifer Lambert,clarktimothy@dodson.org,463-454-7175x53384,CSR,14
543,Michael Schmidt,bradylisa@merritt-taylor.com,306.221.3610x749,Manager,87
544,Eric Lopez,vancemichele@foster.com,(885)439-3034x981,Teller,22
545,Paige James,ochoamark@gmail.com,856.906.9614,Manager,95
546,Natalie Moore,jeremywang@dominguez.biz,001-971-524-0050x239,Teller,32
547,Dalton Miller,williamsderrick@hotmail.com,129.927.8049x62313,Loan Officer,67
548,Danny Newton,cnelson@yahoo.com,001-925-553-1786x87268,Teller,23
549,Jamie Adams,elizabethmyers@carrillo.biz,978-287-0665,Teller,71
550,Darrell Morales,sullivandanielle@wade-sutton.biz,119-263-8386,Loan Officer,21
551,Briana Long,dodonnell@perez-russell.com,7335334959,CSR,43
552,Amanda Gonzales,erik15@garrett.info,087-466-1842,Loan Officer,72
553,Walter Kennedy,susanjoseph@lamb.org,(158)709-6269x232,Teller,55
554,Stephen Williams,terrikrueger@wilson-johnson.com,587-340-4522,Loan Officer,60
555,Thomas Valdez,kevin69@hall.com,808-810-9321,Teller,30
556,Ernest Spencer,qnguyen@williams.com,+1-166-954-7844x614,CSR,52
557,Robert Solomon,agarrison@hotmail.com,079-048-4345x895,CSR,81
558,Keith Salazar,davidsonshane@fox.net,001-797-847-7742x524,Teller,24
559,Kimberly Hansen,jason33@stanley-johnson.org,001-542-633-1939,CSR,24
560,Adam Robinson,edwardsjames@reed.info,001-375-431-2008x4347,Loan Officer,82
561,Phillip Fernandez,dominic72@myers.biz,001-535-727-9144x564,CSR,85
562,Renee Tucker,zortega@hotmail.com,359.910.0332,Manager,56
563,William Jones,joeclark@hotmail.com,935.996.7014x066,CSR,51
564,Jennifer Haney,gyoung@adams.com,883-053-4104x37276,Manager,4
565,Leroy Reyes,diana58@hotmail.com,751-354-1867x4616,Loan Officer,95
566,Douglas Nelson,christina91@frost.org,323-538-7110x5686,CSR,79
567,Faith Hogan,haroldmoore@hughes-nelson.com,+1-965-447-7946x566,CSR,26
568,Michelle Tran,mpetersen@gmail.com,(639)899-7351x52234,CSR,58
569,Thomas Gonzalez,gutierrezthomas@allen.org,001-033-622-6362x36478,Loan Officer,76
570,Anna Mills,kimberlylittle@jones.com,811-804-3372x28469,Loan Officer,55
571,Ariel Calhoun,jamieriley@dalton.com,001-136-084-4118x650,Manager,50
572,Jenny Lee,jonbright@yahoo.com,213-189-4859,Teller,1
573,Ashley Miller,mullenvernon@martin.net,829.421.5604x3866,Loan Officer,91
574,Joann Johnson,theresaking@porter.org,498-640-7016,CSR,28
575,Patrick Waters,brenda57@yahoo.com,2511653019,Manager,27
576,Christina Reed,lynn69@gmail.com,+1-584-403-0404x77216,CSR,36
577,Christine Gallegos,wallen@gibson.com,650.891.5076,CSR,97
578,Joshua Allen,lori04@chang.info,675.454.7860,Loan Officer,91
579,Brianna Hudson,seanlamb@parker.com,7806577968,Teller,9
580,Aaron Boyer,popegary@hotmail.com,838.506.9898x6300,CSR,74
581,Melissa Moss,jason71@baker.com,001-668-988-7073x8150,Loan Officer,14
582,Rhonda Stone,rushsabrina@clark.info,467-653-6714x816,Manager,69
583,Amber Oconnor,williamsbrittany@hotmail.com,8809177960,CSR,24
584,Erin Savage,icole@gmail.com,905-207-4263x452,Manager,47
585,Susan Jones,yeseniahopkins@yahoo.com,001-692-223-3018,Loan Officer,42
586,Lisa Turner,kristinaholmes@mcdaniel.com,001-926-793-1988,Loan Officer,26
587,Laura Mccoy DVM,thompsoncolin@gmail.com,001-143-458-2172,Loan Officer,59
588,Lindsey Fleming,montgomerydaniel@wolfe.org,993-153-1098x2261,Loan Officer,15
589,Bradley Brown,carrillosabrina@roberson.com,931.067.5789,Loan Officer,34
590,Ashley Ellis,johnsontara@yahoo.com,(558)353-8682x182,Teller,86
591,Gregory Hunter,evan26@liu.com,(119)202-2804x7819,Manager,63
592,Jerry Graves,tonya40@allen-palmer.com,+1-207-001-5564x278,Teller,68
593,Teresa Mitchell,jjackson@hotmail.com,876-264-6609,Manager,82
594,Adam Brown,miranda55@yahoo.com,349-899-1618x438,CSR,41
595,Zachary Kim,adam15@yahoo.com,+1-751-685-9363x155,CSR,77
596,Christina Vasquez,jameshouston@yahoo.com,+1-454-419-2590x3998,Manager,50
597,Christina Turner,marmstrong@leonard.com,001-900-865-3955x17519,CSR,79
598,Grace Frazier,cindy04@hotmail.com,315.973.3349,CSR,51
599,Mrs. Samantha Lane,angelicaburke@moore.net,001-335-851-3981x52015,CSR,76
600,Tina Reid,landerson@gmail.com,001-512-797-9375x82541,Teller,15
601,Randy Hanson,christophercummings@ortiz-dunn.com,001-769-969-9776x1519,Teller,45
602,Elizabeth Marquez,katiesanchez@keller.com,(472)264-2837x07546,Loan Officer,46
603,Susan Brown,rose34@hotmail.com,928-483-3837x49424,Manager,59
604,James Adams,grace12@gmail.com,(625)686-3710,CSR,80
605,Emily Garcia,kelleyjason@yahoo.com,+1-342-970-9680,Manager,23
606,Kimberly Bradley,gomezjose@montgomery-sheppard.com,293.893.6667x36541,Loan Officer,87
607,Sandra Williams,bryan76@gmail.com,001-504-882-1404x419,Loan Officer,91
608,Robert Kelly,ethan90@monroe.com,001-083-118-7817x60860,CSR,39
609,Michael Blankenship,danielle86@day.biz,+1-632-129-7379x5668,Loan Officer,79
610,Carolyn Perez,cody80@gmail.com,6389114452,CSR,76
611,William Dickson,jessewilson@yahoo.com,112-399-8210x2382,Loan Officer,11
612,Jessica Zamora,allison43@willis.com,(598)705-0142,Loan Officer,87
613,Melissa Fernandez,shaun92@ayala-pratt.biz,(306)066-2636,CSR,18
614,Joanne Castaneda,zjohnson@hall-vaughn.net,315.780.3060,Loan Officer,41
615,Christopher Burch,dawn92@reese.biz,921-545-6272x75914,Loan Officer,16
616,Benjamin Jackson,fwells@yahoo.com,(009)940-7625x742,Loan Officer,31
617,Diana Mendoza,kennedyronald@roberts.com,136.853.1463x5231,Manager,40
618,John Lawson,brittanypennington@gmail.com,(604)957-7028,Teller,15
619,Johnny Lang,lsmith@sullivan.org,809.539.0262x11418,Manager,24
620,Jason Harding,aaron61@miller-hall.com,627.279.2121x69519,Loan Officer,48
621,Jessica Martinez,alexchan@hotmail.com,045.047.7657,Teller,89
622,Michele Hart,johnsonbarbara@yahoo.com,7553393717,Manager,19
623,Kimberly Wilson,jamie68@bird-ramirez.com,874-982-8264x553,Manager,66
624,Amanda Spencer,peterstokes@chavez-burke.org,001-611-960-1809x95226,Manager,50
625,Norman Lewis,chorton@hernandez.com,001-540-270-2928x2724,CSR,54
626,Betty Lopez,alan54@sanchez.net,455.687.8938x25766,Loan Officer,77
627,Patrick Cooke,qswanson@barrett-gray.com,297.996.6310x07243,Loan Officer,18
628,Laura Flores,jacksonbrittney@gmail.com,+1-203-932-2126x60295,Teller,74
629,Shannon Harris,xaviermurphy@hotmail.com,+1-966-982-2273x3773,Manager,50
630,Erin Vargas,danielsandoval@hotmail.com,+1-155-274-8338,Loan Officer,55
631,Brian Perez,morriserin@atkinson-baker.net,840.903.6676x5159,Manager,24
632,Andrew Brennan,stephenpeters@yahoo.com,959-696-8460,Loan Officer,63
633,Elizabeth Jensen,fknapp@hurst.com,(981)675-8032,Manager,82
634,Adam Sullivan,jacquelineholland@dillon-watson.com,174-548-3782x237,Loan Officer,69
635,Jillian Rodriguez,henryjeffrey@gmail.com,234-080-8948x266,Teller,89
636,Sean Hernandez,victorjackson@owens-jones.org,(362)044-6489x215,Manager,83
637,Barbara Miller,woodscynthia@yahoo.com,(034)269-3841x876,Loan Officer,23
638,Brandon Blair,leonardchristina@mendoza.com,4285216095,Teller,72
639,Michael Conner,annemendoza@gmail.com,(503)077-6430,Teller,22
640,Lindsay Meza,wjackson@jimenez.com,508.539.7821x30299,Loan Officer,63
641,Jacqueline Palmer,tgriffin@yahoo.com,001-094-303-7348x05748,Manager,37
642,Beth Weaver,alexis52@nichols.com,743.496.8078x2833,CSR,18
643,Kevin Harris,danielleclarke@gmail.com,051-760-0953x40346,Teller,24
644,Sean Rodriguez,millerwilliam@hudson-ware.com,196-367-6492x130,Teller,41
645,Christopher Cummings,twilliams@yahoo.com,(291)554-1705,Loan Officer,58
646,Stephen Nichols,qstephens@anderson-wheeler.com,(635)453-7636x83919,CSR,80
647,Robert Gardner,nsimon@baker.net,+1-366-449-2478x15006,CSR,7
648,Teresa Gibson,brycecollins@yahoo.com,001-586-690-5999x333,CSR,46
649,Felicia Smith,shepparddestiny@hotmail.com,+1-307-091-5269x772,Loan Officer,2
650,Charles Lopez,umiller@yahoo.com,+1-563-993-4917x091,Manager,63
651,Brandon Howard,williamking@yahoo.com,528-421-9651x028,Teller,18
652,Amy Brady,colleenmartin@hill.org,(185)506-6074,Loan Officer,25
653,Daniel Harvey,hugheslori@gutierrez-burke.biz,583-533-9303,CSR,50
654,Elizabeth Graham,michaeljones@hotmail.com,001-567-108-8393x13486,Teller,72
655,Sarah Hickman,fpierce@hoffman.net,653.364.6198x718,Teller,65
656,Gregory Duncan,tyronefrost@hotmail.com,339-043-6284x71041,CSR,84
657,Evan Salas,shirley32@hotmail.com,942-798-6913,CSR,64
658,Patricia Murphy MD,diane52@lawson.net,(760)594-5351,Teller,53
659,Tracy Shannon,jessica27@yahoo.com,(316)675-4426x4558,Teller,88
660,Cameron Harmon,keith72@mcmillan.com,001-046-383-4213x76924,Manager,63
661,Jeffrey Johnson,jacobjoyce@espinoza.info,(775)773-9124x469,Manager,54
662,Alexis Kim,david97@gmail.com,4758698546,Loan Officer,91
663,Brittney Boyer,graydeanna@yahoo.com,(890)537-3271,Teller,57
664,Jay Rush,greenerebecca@hotmail.com,545-226-2295x5391,Manager,63
665,Jennifer Khan,jeffrey59@mcknight.org,(157)018-4707x095,Teller,22
666,Katie Williams,dreilly@yahoo.com,828-526-6539,CSR,11
667,Anita Guerrero,jsanders@hernandez.org,(910)927-0179x129,Manager,73
668,Jeffrey Mccullough,adam70@phillips.biz,001-963-433-8370x8696,CSR,4
669,Travis Barker,sarah39@yahoo.com,+1-539-260-0832x65916,CSR,98
670,Ronald White,joshuayoung@hodges-berry.com,+1-345-695-0390x717,CSR,29
671,Charles Freeman,nobletiffany@scott.biz,001-886-944-0337x731,Loan Officer,38
672,Morgan Brown,sschroeder@powers.com,001-670-445-6454,CSR,5
673,Michael Bell,garciaamanda@vaughn.com,001-928-374-2573x2811,Loan Officer,36
674,Andrew Berry,timothy50@lee.com,851-857-3895,Teller,29
675,Melissa Schwartz DDS,thorntonpam@hotmail.com,(467)323-0058,Teller,69
676,Barbara Cannon,christopher33@gmail.com,960-679-0031x874,Manager,37
677,Christopher Collins,penglish@gmail.com,+1-794-967-5196,Manager,22
678,Joseph Rogers,hreed@becker-whitaker.biz,+1-179-375-1213x7127,Loan Officer,100
679,Michael Wright,isingleton@powell-montgomery.com,(980)748-4540x082,Teller,59
680,Matthew Stein,clarkbarbara@brown-jones.net,764.541.0854x5291,Manager,73
681,Carly Thomas,greeneallen@gmail.com,(559)815-6444x52828,Manager,96
682,Randy Moore,dustinmarquez@hotmail.com,001-542-585-4206x1549,Manager,99
683,Deborah Knapp,jared91@gmail.com,(615)551-3134x46880,Teller,99
684,Rebecca Acevedo,david65@gmail.com,549.622.1148x9950,Manager,64
685,Brittany Brewer,rcardenas@yahoo.com,+1-179-842-2581x018,Teller,71
686,April Kerr,snyderrobin@hotmail.com,(975)661-4932,CSR,66
687,Michael Long,davischeryl@turner.info,537.449.7755x666,CSR,15
688,Monica Rose,dsanford@hotmail.com,143-732-7419x988,CSR,74
689,Sharon Thompson,kellis@gmail.com,411.408.6029x87816,Loan Officer,15
690,Kevin Friedman,mboyer@obrien.info,+1-964-775-0617,Teller,35
691,Monica Ortiz,brownjohn@hotmail.com,651.585.8448x73490,Manager,100
692,Deborah Burns,zherman@yahoo.com,(086)910-3730x203,Loan Officer,70
693,Rodney Gates,bradley30@delacruz.com,8421137681,Loan Officer,47
694,James Finley,samanthaflores@yahoo.com,001-565-156-3795x03380,CSR,70
695,Sharon Melendez,clarkelindsey@hill.com,584.877.7684x06177,Teller,97
696,Stephanie Burton,amy65@young.com,4442677159,Manager,6
697,Sandra Harrington,charvey@may-wiley.org,548.522.6918x3193,Loan Officer,98
698,Carl Rodriguez,reevesmonica@hardy-miller.info,(577)154-7202,Manager,93
699,George Garcia,hcarroll@gmail.com,+1-094-707-8983x21161,CSR,57
700,Cheryl Hunt,colleen21@yahoo.com,419-865-7625x33351,Teller,70
701,Amanda Watson,gregoryduran@charles.org,001-217-661-9359x5876,Manager,28
702,Vincent Moore,kelliott@gmail.com,572.707.4548,Manager,55
703,Lisa Hamilton,jeanpalmer@yahoo.com,644.958.1986,Loan Officer,14
704,Mason Chapman,craig45@yahoo.com,(273)721-8017x082,Manager,95
705,Carla Jimenez,rodriguezmichael@baker.biz,001-745-945-1989,Teller,84
706,Leslie Martin,chelseahines@donovan.info,(191)720-0075x49971,Teller,97
707,Krystal Osborne,vclark@yahoo.com,+1-951-947-3225x6893,Manager,32
708,Becky Marks,perryjames@hotmail.com,(213)438-6121x30555,Loan Officer,39
709,Kevin Reynolds,kenneth13@yahoo.com,175-013-5643,Loan Officer,5
710,Greg Hunter,danielalvarez@adams.org,265-744-0313x3796,CSR,58
711,Joseph Rice,wfowler@yahoo.com,001-705-504-3818x0631,Teller,34
712,Alan Berry,joshua95@yahoo.com,(875)294-9904x186,CSR,45
713,John Rodriguez,stewartjohn@jimenez.info,672-383-0906x061,Loan Officer,12
714,Christine Black,susanchavez@bates.com,246.740.8961x3449,CSR,57
715,Bruce Eaton,nschroeder@gmail.com,(011)656-4207x49428,Loan Officer,16
716,Adrian Salazar,zachary57@yahoo.com,484-178-5400x199,CSR,100
717,Casey Santiago,glassconnie@hotmail.com,708-380-5262x618,CSR,31
718,Kayla Pearson,acevedoheather@gmail.com,001-681-517-4420x763,Teller,27
719,Dylan Smith,reginamcfarland@gmail.com,815.033.4525,Teller,95
720,Dylan Collins,rochajamie@gmail.com,484.339.7080,CSR,76
721,Robert Stephens,jordanemily@williams-gomez.com,(208)595-1494x4116,Loan Officer,89
722,Nicole Adams,curtis81@gonzalez-stevens.com,(800)517-7296,Loan Officer,45
723,Erica Crane,lopezmargaret@martinez.com,001-435-551-5975x87715,Teller,91
724,Alan Hart,mcarrillo@kennedy.com,+1-091-357-6648,Teller,79
725,Michael Rios Jr.,christinafarrell@williams.net,(171)519-8377x55965,Manager,81
726,Rebecca Price,heather19@gmail.com,777.527.6180,Teller,55
727,David Hunt,kelsey88@hotmail.com,377-758-0381x52780,Loan Officer,22
728,Jessica Levine,megan62@baker.net,+1-194-748-1774x6304,Teller,79
729,Kevin Rivera,micheleferguson@daniel.net,001-818-250-0264x4391,Manager,18
730,Joanne Bates,april89@gmail.com,467-157-9384x6437,CSR,27
731,Nicole White,carolineperkins@green-holt.net,472-894-2787,CSR,27
732,Maria Torres,williambradley@lee.com,001-163-474-0943x1529,Loan Officer,8
733,Christine Mays,rachel45@long-vazquez.com,291.752.0786x043,Manager,73
734,Kelly Hogan,cynthialandry@fields.com,+1-106-055-9525x88377,CSR,45
735,Emily Fitzgerald,josepharias@gmail.com,6568202529,CSR,69
736,David Edwards,carolcross@stanley.net,+1-152-556-2966x7515,Teller,36
737,Richard Johnson,jasminemartinez@obrien-christian.com,249.988.1415x11635,CSR,77
738,Tyler Farmer,zfisher@gonzales-torres.com,887.365.8853x376,Loan Officer,69
739,Larry Daniels,evansmiranda@gmail.com,001-164-321-5327x130,CSR,22
740,Thomas Mckenzie,raymond68@davidson-sherman.biz,810-737-9684,Loan Officer,42
741,Matthew Hamilton,yolandaswanson@woods-rice.info,733-612-0746x5457,Loan Officer,91
742,Nicholas Perry,kristingamble@hotmail.com,9947659437,Teller,38
743,Kevin Lee,dramirez@travis.com,815-455-2688x676,Manager,38
744,Lori Mcclure,wesleykane@spencer.info,666-699-4313x86740,Loan Officer,74
745,Jesus Peterson,sean91@stevens-ward.com,2631921950,CSR,35
746,Samuel Jones,xwallace@hotmail.com,0480501814,CSR,66
747,Eric Watts,esparks@cox.org,+1-630-235-4598x60610,Loan Officer,87
748,Claudia Miller,terry77@yahoo.com,504-029-3331x4086,CSR,13
749,Samantha Romero,natalie86@hotmail.com,488-116-7269,Teller,18
750,Aimee Pham,zhahn@hart-collins.com,001-966-702-7017x13548,CSR,97
751,Holly Silva,williamsjeffrey@yahoo.com,619.519.1350x883,Teller,53
752,Craig Barber DDS,eross@hotmail.com,(796)725-9434,Loan Officer,8
753,Matthew Whitaker,acantrell@meyer.com,001-880-030-0575x658,Loan Officer,36
754,Brett Flores,cferguson@gmail.com,001-863-552-5056x1052,Loan Officer,84
755,Kathleen Anderson,ronaldwilliams@gmail.com,7724727711,Teller,17
756,Kimberly Moreno,villanuevaraymond@olson.com,(151)872-2717x1229,CSR,90
757,Damon Andrews,markdavis@hotmail.com,377.024.8594x660,Teller,17
758,Kelly Wright,annastephenson@gmail.com,(891)531-0533x8117,CSR,32
759,Emily Lambert,zdeleon@hotmail.com,(550)394-6052x695,CSR,19
760,Alison Taylor,deniseaguirre@yahoo.com,(594)694-3386x7213,Teller,92
761,Thomas Lane,camachoglenda@huang.com,432.704.5505,Manager,42
762,Jason Clay,gstafford@yahoo.com,1040312409,Loan Officer,32
763,Emily Saunders,bruce07@hotmail.com,4814397690,CSR,98
764,Alyssa Carr,christinehanson@deleon.net,768-507-3261x6164,CSR,87
765,Regina Page,linda55@morgan.com,001-071-821-2754x61366,Teller,51
766,Alicia Ford,rhonda28@williams-anderson.com,+1-076-080-5490,Manager,63
767,Douglas Mccann,mitchell28@gmail.com,744.731.5416x907,Loan Officer,19
768,Logan Lee,markschmidt@hotmail.com,0925601909,Manager,74
769,William Griffin,mmyers@hotmail.com,001-051-064-1663x019,Loan Officer,81
770,James Burton,michaelvega@yahoo.com,001-413-842-5877,CSR,35
771,Nathan Dixon,walkercarol@yahoo.com,001-787-260-0962,CSR,81
772,Aaron Richard,dianaklein@garcia-young.org,2102797742,Teller,54
773,Shannon Thompson,keithfranklin@hotmail.com,+1-061-610-0316,Teller,49
774,Shane Brown,carl14@gmail.com,253.030.1378,Manager,58
775,Aaron Hart,stantonmelissa@ellis.com,001-486-710-8565x93163,Manager,10
776,James Thompson,vfernandez@mosley-mccarthy.com,9050635004,Loan Officer,82
777,Matthew Romero,whiteheadlisa@thomas.biz,127.206.6678x25003,Teller,99
778,Stephanie Taylor,omendoza@gmail.com,4081255523,CSR,12
779,Jeffery Moore,cynthia19@yahoo.com,001-103-866-0466x426,Teller,52
780,Jennifer Howard,williampatrick@taylor-griffin.com,230-822-9138x7357,Manager,66
781,Paula Robinson,hancockjohn@lopez.org,3975595642,Teller,96
782,Kathryn Robbins,connie27@yahoo.com,1079143870,CSR,36
783,Robert Martin,qphelps@hotmail.com,001-561-457-5342,Teller,89
784,Paul Richardson,leejennifer@manning.com,+1-715-960-1769x202,Manager,48
785,Holly Pruitt MD,abigail80@hotmail.com,231-319-5084x63208,CSR,59
786,Jamie Williamson,clarkbryan@hotmail.com,888.030.9055,Loan Officer,63
787,David Miller,pcobb@rodriguez.com,(823)146-7044,Loan Officer,42
788,Desiree Harris,jonesmichelle@hotmail.com,001-052-055-6736x29094,CSR,75
789,Jason Simmons,aosborne@gmail.com,(996)058-1697x8781,CSR,1
790,Annette Fowler,tevans@collins.com,+1-291-612-0015,CSR,100
791,Danielle Johnson,moraleskatie@daniels.com,124-129-0367x5852,Manager,94
792,Cynthia Gill,lewisrebecca@gmail.com,332.939.1835x87996,CSR,12
793,Jeff Williamson,tbell@taylor.info,122.450.1042x01658,Manager,94
794,Valerie Garcia,sanderskristina@jones.com,582-522-1828,CSR,59
795,Jared Woods,brianbrown@gmail.com,001-889-265-6333x4927,Manager,82
796,Shari Blanchard,tgraham@yahoo.com,+1-457-335-6130x29476,Manager,86
797,Joshua Hughes,savannahhernandez@yahoo.com,871.740.6720,Teller,90
798,Stacy Reed,whitesamantha@hotmail.com,001-847-541-5375x3649,Loan Officer,46
799,Ivan Watts,gregorykristin@hotmail.com,116-365-0199x12995,CSR,9
800,Andrew Short,kaitlinyoung@yahoo.com,061.303.0093,Loan Officer,69
801,Karen Mclaughlin,wolfecatherine@wilcox-bush.com,001-003-034-3688x8969,Loan Officer,51
802,Jennifer Cervantes DDS,orrjulia@gmail.com,(574)470-8517,Teller,28
803,Amanda Edwards,rachel56@yahoo.com,634.923.3715x2179,Loan Officer,55
804,Jessica George,nguyenallison@king-shannon.com,698.489.8044,Loan Officer,28
805,Daniel Manning,daniel11@clark-osborne.com,430.165.1549x0981,CSR,64
806,Jake Guerrero,krystalmontes@harris.com,017.501.0276x43214,Manager,35
807,Linda Buck,millerwilliam@goodman-howard.biz,010-434-9358,CSR,42
808,Samantha Mitchell,crystal65@neal-roberts.info,940-408-0453,CSR,37
809,Ashley Steele,brittanywilkinson@gmail.com,720-533-9444x81365,Loan Officer,44
810,Deanna Ramirez,nunezgary@hotmail.com,345-699-2420x28227,Loan Officer,71
811,Haley Smith,xmiller@yahoo.com,001-641-083-6635x42668,CSR,74
812,Amanda Harris,smithsherry@yahoo.com,+1-501-135-0158x9884,CSR,17
813,Roy Chen,steven01@wagner.org,(949)106-5248x416,Loan Officer,73
814,Renee Collins,blankenshipsusan@orozco.biz,132.384.0467,Manager,63
815,Michael Silva,harold08@gmail.com,+1-327-720-2936,Manager,44
816,Jason Clark,tolson@yahoo.com,+1-563-947-3609x0490,CSR,88
817,Laura Li,kevinmoore@carpenter-daniels.com,311.399.7283x9222,Manager,98
818,Deborah Smith,lisa19@garcia-reyes.com,+1-971-769-1197x719,CSR,7
819,Laura Williams,arnoldwayne@cook.net,+1-903-641-5185x8349,Teller,6
820,Thomas Lambert,morrislouis@ramirez-smith.com,593-379-9926,Loan Officer,13
821,Stephanie Thomas,amanda39@casey-gutierrez.biz,(036)591-5054x68979,CSR,81
822,John Solis,marvin74@hotmail.com,(146)147-8660x34455,CSR,59
823,Scott Newton,durangina@gmail.com,+1-867-629-8545,CSR,3
824,Chelsea Watson,mfowler@ramos.com,+1-434-298-7569x313,Manager,16
825,Virginia Krause,christopher14@hill.org,5507793322,CSR,21
826,Karen Barrera,greenthomas@tapia.org,469.636.5872x9703,Teller,57
827,Lauren Bailey,crodgers@hotmail.com,9569375531,Manager,59
828,Robert Bryant,christina17@drake.biz,472-268-3841x2912,Loan Officer,1
829,Timothy Robinson,daniellenelson@gmail.com,001-654-475-5980,Teller,55
830,Kristina Carpenter,jflores@yahoo.com,0585587154,CSR,26
831,Laura Williams,jasonbrown@gmail.com,154-809-2103,Teller,89
832,Kathleen Wilson,williamscarol@lee.com,(131)247-9441x14215,CSR,17
833,Jessica Hurley,richardramsey@hotmail.com,+1-545-921-3996x30065,Teller,84
834,Alan Anderson,shelby47@yahoo.com,001-685-218-3870x9048,Manager,39
835,Stephanie Smith,hannah83@williams-rodriguez.com,032.832.0068x7725,CSR,21
836,David Romero,josephbrown@edwards-robinson.com,(633)304-1759x29959,Manager,36
837,Donald Hurst,robertsonjesse@hernandez.net,614-323-1160x368,Teller,12
838,Paul Thomas,jessicalee@gmail.com,+1-062-695-0789x39013,CSR,84
839,Regina Mays,juanklein@gmail.com,001-208-801-9353x64195,Loan Officer,47
840,Michelle Reilly,hmcmahon@garrett.com,001-859-814-5991x2379,Loan Officer,33
841,Victoria Stewart,kevinserrano@gmail.com,001-600-937-1899,CSR,11
842,Misty Goodwin,valerie24@brown.com,+1-536-957-8454x69582,Teller,48
843,Samantha Bowman,ryansmith@gmail.com,021-775-9299x100,Loan Officer,86
844,Christopher Velazquez,coffeysabrina@nunez.org,473.240.3760x504,CSR,84
845,Holly Wallace,robynlarson@love.org,438.562.2588,Loan Officer,22
846,Terry Fuller,garyberry@gmail.com,569.453.2559x7920,CSR,7
847,Taylor Melendez,knightbrett@hotmail.com,+1-944-298-9463x43495,Teller,51
848,Sarah Cook,jennifernewton@chan.biz,0571301144,Teller,81
849,Jeffrey Stanley,jilltyler@mckinney.com,(550)769-5426,Manager,40
850,Stephanie Moore,xreynolds@hotmail.com,+1-416-793-3228x938,Loan Officer,93
851,Cody Zuniga,ryancarl@fuller.com,8561735235,Manager,90
852,Mary Johnson,phill@moore.net,(995)987-5102x0001,Teller,97
853,Kimberly Mccoy,deleondeborah@gmail.com,(830)548-2344x163,CSR,30
854,Deborah Williams,steinnatalie@white.com,439.725.2747x068,Teller,55
855,James Romero,award@hotmail.com,001-767-931-5757,Teller,84
856,Margaret Cook,ashley64@gmail.com,001-961-110-7018x524,CSR,12
857,Kelly Ford,hayesbradley@gmail.com,001-285-062-2590,Manager,91
858,Michael Edwards,mwilliams@jones-vargas.com,001-988-408-9258x482,Loan Officer,13
859,Alan Anderson,bpollard@hotmail.com,+1-875-086-4302x1595,Teller,1
860,Michael Gibson,phess@yahoo.com,5568725832,Teller,28
861,Emily Weber,rcolon@hotmail.com,405.806.3686,Loan Officer,62
862,Heidi Craig,smithlisa@gmail.com,847-778-1358x412,Teller,10
863,Mrs. Catherine Torres,ucopeland@ortiz-salas.biz,4965940929,Loan Officer,17
864,Regina Matthews,anthonyhayden@hotmail.com,637-240-3529,Loan Officer,76
865,Todd Madden,ejohnson@yahoo.com,095.511.0347x63452,Loan Officer,29
866,Cindy Williams,marieelliott@perkins.com,1487923558,CSR,67
867,Cory Henderson,turnerbreanna@hotmail.com,(054)649-5725x21024,Manager,88
868,Meghan Day,seth02@hotmail.com,269-353-6075x689,Manager,57
869,Michael Costa,brucedecker@gmail.com,821.110.5330,CSR,2
870,Rita Patterson,april53@kane.info,(895)011-0465x6287,Manager,2
871,Kristen Aguirre PhD,bentonkristina@yahoo.com,(515)170-4543x20103,Manager,90
872,Bryce Martin,nmartinez@yahoo.com,001-751-596-6689x768,Manager,44
873,Ruth Davis,rperez@gmail.com,+1-886-137-2833x503,Teller,16
874,Anthony Gaines,xvaldez@hotmail.com,+1-493-203-0504x05279,CSR,55
875,Eric Hale,justindixon@hotmail.com,(265)165-7050x481,Manager,89
876,Angelica Aguilar,matthew86@gmail.com,374-214-4680x84880,CSR,17
877,Jessica Simmons,codygriffin@yahoo.com,+1-383-263-0200x700,Manager,62
878,Kimberly Garrett,oliviagonzalez@yahoo.com,9117238993,Manager,10
879,Lance Bennett,johnstoncynthia@hotmail.com,001-948-109-1068,CSR,30
880,Joshua Romero,ricardochambers@johnson-martin.com,(551)997-6304x6882,Loan Officer,50
881,Dr. Rebekah Weber,janice37@torres.biz,(339)113-5007,CSR,12
882,Jennifer Mills,samueljackson@gmail.com,962.311.3747,Loan Officer,94
883,Julie Stephenson,douglasvictoria@yahoo.com,1403393471,Teller,14
884,Angela Murray DDS,oscarshepherd@miller.com,(602)229-2952,CSR,14
885,Nancy Jackson,yalvarez@hale.com,(040)826-9036x9086,Loan Officer,41
886,Hailey Phillips,chunt@hotmail.com,485.568.6973x990,Manager,48
887,Lisa Yang,samanthacruz@gmail.com,937-467-4335x48318,Teller,39
888,Kathy Walker,john57@gmail.com,358-279-8369x71218,CSR,18
889,Heather Hill,thomas76@hotmail.com,+1-790-545-1428,Loan Officer,49
890,Jay Brown,emunoz@hotmail.com,+1-074-354-6727x87898,Loan Officer,100
891,Michelle Holland,fpowell@horn-weber.com,616-234-7632x242,CSR,97
892,Karen Williamson,kathrynlopez@weber-glenn.com,(158)759-1424,Loan Officer,18
893,Erin Miles,stevenjohnson@hotmail.com,458-399-0598x070,CSR,83
894,Tonya Marshall,chad75@hotmail.com,+1-699-802-5905x5728,Loan Officer,87
895,David King,evanswalter@keller-liu.com,(955)386-9203x02226,Manager,19
896,Jacqueline Walker,zmann@hotmail.com,595-555-3363x51652,CSR,9
897,Lori Carroll,shall@yahoo.com,+1-267-209-7356x106,CSR,68
898,Sydney Tapia,smithgabriela@hotmail.com,001-128-738-2143x63475,Teller,73
899,Janice Scott,michael47@yahoo.com,445.090.6771,Manager,2
900,Kevin Fernandez,aaguilar@brown-rodriguez.com,001-713-654-2050,CSR,79
901,Melissa Brown,lindseyemma@hotmail.com,715-915-2458,Loan Officer,84
902,Kyle Anderson,emily16@adams.com,001-916-889-1155x690,Loan Officer,22
903,Robert Lara,kevin64@hotmail.com,+1-624-120-1555x136,Loan Officer,57
904,Paul Flores,brittany80@yahoo.com,(172)885-7673,Teller,45
905,Eddie Burns,colleenschwartz@hotmail.com,023-590-5020x9919,CSR,93
906,William Stewart,john17@yahoo.com,(137)810-6366,Loan Officer,28
907,William Benitez,xpowers@medina-gray.com,181.996.5255,Teller,81
908,Christopher Spencer,james60@yahoo.com,(429)580-7799x50234,Teller,96
909,Christine Fields,jacksonmary@gmail.com,001-048-843-1394x96169,CSR,20
910,Donald Freeman,wmadden@miller-whitehead.com,(455)433-4875,Loan Officer,53
911,Stacy Thompson,lking@brewer.com,4737935400,Manager,79
912,Robin Allen,wandabeck@hotmail.com,(482)967-1902x596,Loan Officer,88
913,Kathy Anderson,alberthernandez@davis-perkins.com,166.342.0093x8295,Manager,57
914,Frank Kline,julie92@gay-ball.com,826.471.3836x321,Manager,28
915,Anthony Gould,carlossmith@smith.org,001-498-773-1995,Loan Officer,12
916,Jennifer Vincent,garyramos@yahoo.com,224.700.6394,Manager,13
917,Carrie Walker,jennifer42@hotmail.com,2971473539,Teller,18
918,Angela Guerra,ruizmatthew@browning.biz,+1-524-738-4248x69698,Teller,97
919,John Harris,yvonne02@gmail.com,001-741-062-0294x47621,Loan Officer,16
920,Lauren Taylor,mccarthymatthew@gmail.com,(847)545-7088x15352,CSR,76
921,Andrew Thornton,jorge61@williamson.com,(884)484-1305,Teller,94
922,Jeffery Duncan,catherine40@gmail.com,001-164-391-9163x2224,Loan Officer,50
923,Mr. Jonathan Butler,ambergarcia@rasmussen.net,166-384-9490,Manager,45
924,Julie Davis,walkerjohn@gmail.com,420-574-4702x089,Teller,55
925,Scott Harper,vwood@ball-richard.com,443-448-0647,Loan Officer,41
926,Carolyn Martinez,madams@perez-miller.biz,(635)741-1452x0664,Loan Officer,18
927,Marilyn Jordan,denise11@gmail.com,(730)150-5760x5754,CSR,32
928,Tammy Reilly,megan09@nichols.info,983-480-7894,Manager,36
929,Morgan Reed,acarr@gmail.com,(390)286-2801x494,Manager,83
930,Earl Nelson,jennifer08@johnson.net,(469)105-6922x172,Manager,11
931,Matthew Nichols,kevincruz@yahoo.com,269.784.1588x955,Loan Officer,32
932,Patricia Sawyer,bpatterson@yahoo.com,855-547-2139x635,Loan Officer,71
933,Jillian Frederick,yatesshane@gmail.com,146-265-0149,Manager,77
934,Samantha Barry,pcoffey@hotmail.com,110-362-7643x2660,Loan Officer,77
935,Casey Garcia,smays@hotmail.com,001-171-542-2375x03752,CSR,93
936,Justin Stanley,jeffreyjohnson@hall.net,494-808-3652x8737,Loan Officer,78
937,Anthony Garcia,williamscaitlin@hotmail.com,(171)552-1885,Loan Officer,37
938,Alexander Cabrera,robertkennedy@davis.com,(018)106-4864,Teller,100
939,Ashley Bennett,oowens@gmail.com,157-628-3962x5786,CSR,89
940,Eric Clark,gbennett@gmail.com,+1-899-299-8273x00684,Teller,4
941,Joshua Holmes,llopez@mckee.net,968-951-7376,Manager,85
942,Christopher Wood,spayne@rowe.com,(910)818-5129,Manager,39
943,Suzanne Pineda,bryanfreeman@mcdowell-williams.org,+1-993-894-5596,CSR,27
944,Anthony Acevedo,maryoconnor@martinez-bright.com,+1-733-593-0614x933,Loan Officer,67
945,Gina Morris,burtonshannon@yahoo.com,1355786036,Teller,78
946,Daisy Taylor,snyderryan@gmail.com,+1-616-708-6803x56542,CSR,66
947,Deborah Marshall,timothy91@yahoo.com,177-983-4735x9448,Teller,25
948,Ashley Hess,roy25@yahoo.com,+1-595-344-8674x1996,Loan Officer,96
949,Anna Ross,contrerasstephen@chambers-love.org,173-658-6664x7294,Teller,51
950,Devon Sutton,smallandrew@yahoo.com,604-996-2157,CSR,38
951,George Thomas,calebjones@ramsey.com,(492)759-9887x901,Loan Officer,83
952,Katelyn Jones,pstewart@may.info,170.652.1976,Loan Officer,7
953,Steven Carey,mcfarlandshelley@gmail.com,751.309.6762,CSR,31
954,Daniel Benjamin,thomasedwin@hotmail.com,(705)030-4752x74617,Loan Officer,64
955,Tracie Neal,brownbrandy@yahoo.com,240-957-7375,Teller,50
956,Lauren Nelson,alexanderjackson@gmail.com,(674)060-5536,Manager,15
957,Jennifer George,susanhaas@gilmore-cooper.com,417.935.6571,CSR,31
958,George Gates,kjones@gmail.com,481.549.4963,Teller,64
959,Patrick Phillips,ujohnson@stuart.org,220.628.3592x153,Loan Officer,82
960,Amanda Hinton,ocunningham@gmail.com,089-984-5428,Manager,77
961,Jonathan Underwood,huangsteven@suarez.com,+1-768-371-9105x8906,Teller,10
962,Linda Wise,phoward@hotmail.com,+1-123-868-6614x44580,CSR,68
963,Reginald Larsen,iwest@yahoo.com,279-452-5801,Loan Officer,2
964,Joel Silva,susanwalker@robbins.com,+1-675-503-0407x9376,CSR,47
965,Corey Bates,rharris@ibarra-wells.com,3832857993,Teller,41
966,Michael Allen,ryanjustin@hotmail.com,326.410.5856x4017,Manager,17
967,Michael Chavez,susansmith@hotmail.com,001-071-052-4025x2322,Teller,50
968,James Rodriguez,montgomerysteven@hotmail.com,+1-294-407-4892x5888,Teller,73
969,Dylan Boyd,bsmith@mccarthy.com,194.253.4754,Loan Officer,54
970,Russell Lewis,vrogers@yahoo.com,(586)988-6313x2391,CSR,47
971,Joshua Robinson,courtney66@little.biz,(166)555-9326x108,Teller,70
972,Nicole Nelson,pwalker@yahoo.com,8022296612,Teller,88
973,Jessica Lawson,grimesgregory@yahoo.com,+1-322-469-9731x816,Manager,23
974,Jeffrey Reyes,cneal@salas.com,(319)470-5926x5106,Manager,98
975,Stephen Hughes,diana02@ramirez-sharp.com,+1-441-698-3047x963,CSR,61
976,David Price,littlerichard@dixon.info,3972883006,CSR,99
977,Donald Bradley,carrollmary@hotmail.com,(334)566-0665x5513,Loan Officer,10
978,Sandra Williams,vanessa90@gardner.net,7186351485,CSR,3
979,Kyle Matthews,kevin96@yahoo.com,001-574-871-9114,Manager,76
980,Alexandra Stephens,pearsonnicole@haas-williams.net,001-263-287-4520x179,CSR,9
981,Daniel Sanders,susanwebb@gmail.com,001-056-405-2860x79785,Teller,2
982,Carla Patton,eroman@yahoo.com,+1-003-057-3479x6752,CSR,34
983,Julie Williams,david66@davis.com,708.991.5000x219,CSR,28
984,Linda Lucero,ocamacho@mason.info,779-999-6340x13496,Loan Officer,6
985,Kevin Bullock,kwilliams@gmail.com,(000)045-3976,Teller,8
986,Lisa Martinez,lisafields@mcconnell.com,001-917-366-1031,Loan Officer,51
987,Sean Kidd,cromero@roberts.com,906-097-9956x69654,Manager,65
988,Katelyn Bernard,tbrock@gmail.com,860-073-3213,CSR,37
989,Jonathan Holloway,quinnrichard@hotmail.com,001-460-746-6211,CSR,81
990,Thomas Ruiz,duane34@jordan.com,+1-717-867-8723x47922,Manager,92
991,Brian Mcguire,alanrichardson@gmail.com,7384503503,Loan Officer,65
992,Christina Hernandez,christine11@gmail.com,733.705.5049,Teller,99
993,Sara Ramirez,calvinrichardson@marsh-nunez.com,(338)809-1477x522,Loan Officer,54
994,Kellie Jackson,ofoley@rogers.com,959-151-8359x159,Loan Officer,55
995,Mary Salazar,fdiaz@gmail.com,889-474-4477x806,Teller,90
996,Kendra Davis,rgray@pope-hall.com,(333)316-5289,CSR,52
997,Jennifer Perkins,sharonmartin@sanders-rodgers.biz,975-516-2529x2348,Loan Officer,11
998,Steven Williams,emily40@green.com,705-615-4744x47854,Manager,82
999,Michelle Clark,morganjoseph@fitzgerald.com,001-046-395-3997x553,Teller,69
1000,Juan Anderson,bruce37@gmail.com,+1-721-497-0614x0128,CSR,69
1001,Kimberly Boyd,nicole60@robertson.org,+1-955-758-6557x8425,Teller,79
1002,Nicole Ramos,john94@yahoo.com,+1-540-113-8573,Manager,20
1003,Michelle Villarreal,flowersanthony@yahoo.com,+1-884-245-7225x772,Teller,36
1004,Angela Wallace,mckinneyholly@gmail.com,+1-904-284-4538x462,Teller,11
1005,Jennifer Turner,jcarlson@jackson.com,893.431.7611x3044,Loan Officer,40
1006,Abigail Gonzales,michelle32@fletcher.com,+1-364-775-7571x58929,Manager,11
1007,Nicholas Russo,gherrera@hotmail.com,(624)709-2452x3990,Manager,66
1008,Jessica Huffman,kristen03@flores.biz,(427)911-1348,Manager,27
1009,Michael Phillips,mwilliams@martin-myers.com,974-401-3016x9258,Teller,20
1010,Jason Mcdonald,emontgomery@nguyen.org,(808)651-9530x0314,Manager,69
1011,Julie Meyer,michaela32@hotmail.com,848-418-1315,Manager,42
1012,Kelsey Perez,robinjohnson@martinez-walls.org,001-811-586-6879x11515,Manager,51
1013,Summer Huang,dgarcia@hotmail.com,+1-787-238-4270x7535,Loan Officer,76
1014,Ryan Brown,daviscurtis@yahoo.com,(547)490-5377x8706,Manager,82
1015,Andrew Watson,hhampton@gmail.com,+1-057-447-1585x042,Teller,98
1016,Jasmine Perez,rmiller@horton.net,311-645-9608x6890,Loan Officer,84
1017,Julie Hall,makayla57@robertson.net,959-469-1411x471,Manager,88
1018,Patricia Hays,thomasgregory@gmail.com,(517)006-1069x8829,Manager,83
1019,Jesus Douglas,deborahgreen@johnson-jackson.info,304.540.3897,Loan Officer,9
1020,Donald Miller,daychristine@yahoo.com,837-363-4129x5232,Manager,40
1021,James Hernandez,kbradley@yahoo.com,001-655-860-3388x3832,Teller,90
1022,Ryan Klein,randallbonnie@hotmail.com,001-013-066-9256x810,Teller,56
1023,Brian Khan,zavalageorge@hotmail.com,812-684-9265x246,Manager,94
1024,Eric Cole,charlesdawson@santana.net,657.202.5471x797,Teller,31
1025,Jennifer Bauer,brandon85@cook-martinez.com,765-829-7236,Loan Officer,8
1026,Mary Washington,cclark@king.com,007-090-1964,Manager,32
1027,Erin Ball,yfreeman@hotmail.com,001-782-701-4729x02512,Loan Officer,12
1028,April Rodriguez,masonlisa@nolan-james.com,(266)688-3395,Teller,56
1029,Jared Phillips,marcus07@hotmail.com,474-238-6562,Manager,15
1030,David Jackson,cynthiacummings@yahoo.com,(192)585-4415,Loan Officer,59
1031,Mariah Christian,gallegosrachel@thomas-calhoun.net,032-854-4408x47442,Teller,79
1032,Miguel Cross,susanwilliams@lopez-blankenship.info,438-554-8481x001,Manager,78
1033,Kevin Carter,angelaallen@yahoo.com,001-653-851-8736x27649,CSR,8
1034,Danielle Walker,nwilliams@moore-turner.com,(978)604-1631,Teller,40
1035,Tyler Goodman,donaldwoods@huang-hunt.biz,001-349-073-4664x3833,Teller,86
1036,Wendy Wilson,penny66@cummings.biz,(204)425-2537x67107,CSR,95
1037,Scott Berger,bryannatasha@hotmail.com,001-385-104-6647,CSR,85
1038,Parker Wright,palmersara@hotmail.com,(161)963-8520x873,Loan Officer,95
1039,Joe Taylor,wallacecarlos@gmail.com,(226)489-1943x115,Teller,23
1040,Amber Pearson,brandy14@rowland.com,128-749-6032,CSR,16
1041,Jennifer Snow,jon08@yahoo.com,+1-038-783-2082,Manager,2
1042,Shannon Ewing,arodriguez@hotmail.com,(721)268-2346x447,Teller,91
1043,Lisa Baker DDS,andreaharris@yahoo.com,(481)912-8543,Loan Officer,18
1044,Emily Robinson,joshuakeller@gross.net,018.090.0204x04218,CSR,90
1045,Brent Gordon,smithrita@perez.com,+1-220-354-0066,Teller,2
1046,Karen Rivera,alee@gmail.com,001-627-660-0503x284,Teller,21
1047,Jose Wilson,nriley@yahoo.com,6015345942,CSR,64
1048,Harry Golden,uramirez@hotmail.com,9604043675,CSR,45
1049,David Murphy,nasheric@mccann-martin.org,(255)738-3303x46485,CSR,67
1050,Rachel White,qwilson@hotmail.com,492-999-0369x1725,Teller,67
1051,Carol Edwards,xgonzales@gmail.com,992.992.5758x370,CSR,93
1052,John Johnson,danielle22@yahoo.com,+1-126-131-2365x3316,CSR,34
1053,Jodi Guzman,mariah76@gmail.com,(253)741-6657x14530,Teller,22
1054,Jenna Barrett,beardkaren@gmail.com,+1-959-652-2641,Teller,48
1055,Debra Hamilton,mblair@stewart-lawson.biz,8669416294,Loan Officer,17
1056,Raymond Nelson,mitchellapril@yahoo.com,(477)108-4183,Manager,96
1057,Darryl Whitaker,victoria93@yahoo.com,246.107.9611x402,Teller,100
1058,Lynn Martinez,robinsonelizabeth@yahoo.com,217-724-5937x93010,Manager,35
1059,Charles Lopez,parrishlarry@gmail.com,+1-418-388-9714x3216,Loan Officer,94
1060,Justin Olson,marycook@vega.org,(333)465-1991,Loan Officer,16
1061,Jose Cook,joshua69@hotmail.com,674.022.8804,CSR,99
1062,Erin Reyes,dylancooper@calhoun.com,610-487-5936x9963,Loan Officer,4
1063,Kevin Leon,danielbaker@hotmail.com,195-057-2904,CSR,43
1064,Rhonda Wells,jenniferjones@brooks.com,848-871-7721,CSR,55
1065,Jessica Rivera,waltersmith@barnett-schaefer.com,985-123-0269,Teller,35
1066,Gregory Barry,cayers@wade.com,001-610-591-8431x002,Teller,68
1067,James Barnes,james12@williams.info,(717)609-8760x30059,Manager,9
1068,Dennis Strong,gonzalesalec@gmail.com,(849)171-5718,CSR,34
1069,Amy Blanchard,carlos80@gmail.com,160-967-0737x4060,CSR,92
1070,Melanie Maldonado,harrydean@hendricks-bright.biz,7413234774,Manager,74
1071,Katherine Potter,larry17@yahoo.com,+1-313-757-6628x893,CSR,81
1072,Jeffrey Walker,darylmanning@haley.com,(789)650-2439,Loan Officer,10
1073,Miss Kristie Baker,nguyenchelsea@hotmail.com,626-178-1801,CSR,64
1074,Crystal Allen,sarawilliams@gmail.com,645-235-3273,CSR,59
1075,Brittany Perez,sharpdavid@hotmail.com,(078)227-0710x37989,CSR,66
1076,Stephanie Jones,tmaxwell@rodriguez.biz,1916127545,Teller,47
1077,Mr. Jacob Gomez,scottmedina@gmail.com,891.797.0964x8704,Loan Officer,8
1078,Daniel Herring,gwilliams@gmail.com,001-933-230-9913x15351,CSR,64
1079,Michael Taylor,zmorton@lewis.com,(852)638-2257x5765,Loan Officer,73
1080,Rhonda Deleon,olsonamy@yahoo.com,545-127-3099,Loan Officer,22
1081,Pamela Stone,pinedaaustin@yahoo.com,001-305-801-9648x8740,Loan Officer,48
1082,Theresa Humphrey,david66@yahoo.com,908.175.6588,Manager,21
1083,Crystal Bailey,anthony84@glenn.biz,348-285-8015x042,CSR,33
1084,Megan Mueller,probertson@davis.com,3446348634,Teller,99
1085,Jeremy Harris,dawsonjason@lewis.com,069.151.6974x981,Teller,14
1086,George Harris,anthony83@andrews.com,(304)869-4915,Teller,74
1087,Stephanie Brown,susangiles@chavez.com,+1-530-416-8729x7280,Teller,87
1088,Kimberly Fuller,tiffany26@yu.com,992-366-2535,CSR,93
1089,Derek Cherry,sharonbecker@hotmail.com,+1-715-006-9455x510,Teller,15
1090,Mark Brown,josephwong@wilkerson.net,001-581-631-7575x497,Loan Officer,30
1091,Zachary Jones,robert43@henderson.com,(234)326-0201x8855,Manager,95
1092,Joyce Griffin,berrykristen@yahoo.com,231.839.5274,Teller,66
1093,Kristina Williams,arobinson@hotmail.com,138-494-6489x799,Loan Officer,1
1094,Steven Shaw,howeangela@cardenas.org,568-298-8313x6974,Teller,6
1095,Michael Bailey,oberg@scott-myers.biz,001-943-681-0005x7608,CSR,2
1096,Suzanne Hughes,dmcdowell@yahoo.com,972.281.6601x145,Loan Officer,32
1097,Peter Kelly,nicholashall@hotmail.com,(666)402-4229x6347,CSR,6
1098,Brandon Huerta,xreilly@gmail.com,(417)985-9324,Teller,61
1099,Brian Burns,xjohnson@hotmail.com,+1-369-127-6259,Loan Officer,47
1100,Richard Diaz,michael73@gmail.com,+1-698-682-5992x751,Loan Officer,50
1101,Scott Ward,marklove@sanders.info,(177)437-2743x63366,Loan Officer,20
1102,Justin Bennett,mary97@yahoo.com,+1-857-972-9355,Teller,23
1103,Benjamin Coleman,millertammy@willis.org,1089968390,Manager,5
1104,Lauren Gibson,jeffersonmichael@yahoo.com,(777)503-8145x4319,Manager,71
1105,Marie Hartman,lisa07@gmail.com,+1-521-743-7263,CSR,92
1106,Daniel Gonzales,karenpatel@gmail.com,372-284-5381x4678,Manager,95
1107,Nicole Cantu,jdiaz@hotmail.com,001-325-022-2826x8446,Teller,84
1108,Michael Brewer,patricia04@kennedy.com,+1-844-640-8501x705,Loan Officer,54
1109,Sean Burgess,guzmanchristian@howard.com,+1-471-246-0604x642,Loan Officer,29
1110,Sandra Haney,lindsey98@hernandez-smith.org,+1-591-479-0185x99826,Teller,42
1111,Helen Webb,robert16@hotmail.com,001-068-303-6538,Loan Officer,32
1112,Justin Arnold MD,joshuajohnson@scott.com,4608635766,Manager,54
1113,Zachary Barnett,james66@gmail.com,+1-947-980-9726x33495,CSR,93
1114,Jason Morton,cwatts@santos.com,001-125-158-4151x598,Teller,41
1115,Christopher Morrison,myerswilliam@johnson.info,+1-777-975-4655x498,Loan Officer,35
1116,Sarah Horton,leestuart@cabrera-robertson.com,(377)879-3041,Teller,10
1117,Danielle Hardy,dlucas@williams.com,745-300-6384,Manager,74
1118,Donna Collins,savannah43@gmail.com,001-125-859-9915x0555,Loan Officer,48
1119,Chad Garcia,vray@hotmail.com,+1-674-828-9940x30230,Loan Officer,16
1120,James Morgan,rwright@reyes-carter.net,(936)979-7882,Loan Officer,65
1121,Joseph Banks,zavalamarissa@lane-bowman.com,001-534-355-2204x615,Loan Officer,87
1122,John Huber,hglover@brown-simpson.com,992.635.5032,Teller,7
1123,Nicholas Baker,frobertson@hotmail.com,727-192-6607,Manager,23
1124,Adam Rojas,annaphillips@hotmail.com,644.650.9267,Manager,29
1125,Lindsey Jackson,thaynes@moore.com,+1-101-967-8560x18395,CSR,67
1126,Mark Sutton,craig71@cameron-mcconnell.com,(245)940-4277,Teller,6
1127,Jon Hess,janet96@gmail.com,271-644-2306x7147,Manager,52
1128,Amy Johnson,carsonheather@kemp.biz,001-843-589-0198x1227,Teller,9
1129,Jerry Smith,westwilliam@bond.com,(783)829-1237,Teller,60
1130,Susan Wilson,sharon88@hotmail.com,(170)278-6880,Manager,37
1131,Roberta Reynolds,jackgarcia@williams.com,(120)885-9753,CSR,100
1132,Randall Martin,lori48@yahoo.com,908-610-9615x0242,CSR,40
1133,Douglas Ayers,adrienneroberts@harris-mcknight.biz,+1-984-311-2633,CSR,42
1134,Julia Diaz,lindaowen@hotmail.com,(878)251-8115,Loan Officer,12
1135,Mr. Christopher Ortiz,loverandy@yahoo.com,(004)150-6340x26133,Manager,71
1136,Kevin Patton,bryanpowell@johns.com,2017836889,Loan Officer,59
1137,Greg Ryan,megan40@johnson.com,(932)091-3213x7977,Loan Officer,2
1138,Jennifer Nunez,teresa20@smith-smith.com,(997)493-9984x91151,Loan Officer,48
1139,Scott Burns,russelldebra@maxwell.com,001-480-703-7864x67210,Teller,26
1140,Sara Robinson,gmiranda@gmail.com,(448)995-8366x326,Teller,38
1141,Mary Thomas,michelecohen@hotmail.com,465.540.2527,Manager,73
1142,Terry Moreno,autumnrose@yahoo.com,271-223-1740x2448,Manager,39
1143,Richard Sloan,frostchristopher@gmail.com,194.939.9868x1977,Teller,95
1144,Evan Bird,holtstacey@yahoo.com,608-302-0880x29179,Teller,80
1145,Michael Cooper,smithanthony@gmail.com,9579268147,Loan Officer,32
1146,Matthew Moore,goodmanmargaret@yahoo.com,285-183-7384x877,CSR,60
1147,Jared Thornton,bobbyruiz@hotmail.com,567.129.1174x332,CSR,48
1148,Brett Watson,brownzachary@owen.org,205-960-5587,CSR,76
1149,Candice Allen,patricia21@flores.biz,968.012.5217x81352,CSR,64
1150,Victor Rogers,edavenport@gmail.com,001-338-098-9701x972,CSR,99
1151,Darlene Nelson,sgarcia@wilcox-munoz.com,502-995-4388x483,Loan Officer,100
1152,Russell Grant,johnsonbrandy@thompson-griffith.biz,180.488.4450x934,Manager,26
1153,Gabriel Black,apage@gmail.com,185.467.0962x606,Teller,94
1154,Jacqueline Pruitt,shelbybarrett@yahoo.com,001-112-038-2195x40352,Loan Officer,70
1155,Hannah Robinson,robinsonteresa@hotmail.com,001-766-918-9487,CSR,98
1156,Margaret Davis,ljackson@hotmail.com,+1-534-750-1329x28370,Teller,32
1157,Mariah Allen,lisaalexander@yahoo.com,+1-882-662-8023x57474,Loan Officer,20
1158,Chad Hamilton,timothy38@gmail.com,453.596.6302x5884,CSR,1
1159,Bruce Torres,charlesbentley@newman.com,(596)402-3653x34587,Loan Officer,53
1160,Heather Villanueva,kyates@monroe-johnson.com,133-268-4546,Teller,4
1161,Joseph Weber,coopertroy@gmail.com,(789)253-1822x99396,Manager,30
1162,Aaron Holmes,ynguyen@reeves.com,001-391-378-4829x588,CSR,70
1163,Brian Nelson,ycasey@walton.org,087-640-5002,Teller,45
1164,Mark Hull,hartmanadam@clark.com,+1-278-506-1268x38575,Teller,82
1165,Arthur Frey,juliamitchell@hotmail.com,001-101-886-6091x0602,Manager,89
1166,Michael Smith,lewisshane@hotmail.com,7921727335,Loan Officer,2
1167,Krista Campbell,james61@sullivan.org,370.847.8559x97843,Manager,43
1168,Katherine Warner,benjamingriffin@hotmail.com,059-014-3724,Manager,1
1169,Ethan Lawrence,hmays@galvan.com,835.323.9080,Loan Officer,98
1170,Angela Dickerson,kimanderson@lopez.biz,610.316.0867x93488,Loan Officer,85
1171,Amanda Vincent,ythompson@hanson.com,+1-118-024-0064x977,Loan Officer,49
1172,Christopher Everett,lfletcher@mcdonald-dominguez.info,+1-986-447-3616x586,Teller,95
1173,James Blake,taylorjoshua@lopez.com,+1-246-930-8014,Teller,94
1174,Suzanne Porter,hortonrichard@cuevas-nielsen.net,(015)813-1967x5710,CSR,40
1175,Theresa Mccall DDS,reneepowers@gmail.com,+1-592-535-9619,CSR,14
1176,Joseph Stewart,jacksoneric@yahoo.com,(976)565-6378,Manager,27
1177,Morgan Chaney,george89@hotmail.com,(258)180-2355x763,Manager,68
1178,Adam Crane,shawn40@gmail.com,+1-799-567-7347,CSR,31
1179,Stephen Bowen,savannah22@jones.com,(920)848-2643,Manager,54
1180,Justin Reed,baxterkevin@smith.info,866.868.6808x8408,Loan Officer,63
1181,Nicole Foster,matthew06@hotmail.com,151.100.0406x818,Teller,8
1182,Christina Gonzales,julie77@gmail.com,(302)135-5216x2282,CSR,19
1183,Leslie Frank,jacksonjohn@hotmail.com,960.688.8230x956,Teller,92
1184,Scott Harper,gaildavis@gmail.com,+1-306-054-6290x475,CSR,36
1185,Gregory Scott,leroyschmidt@haney.org,6616535415,Teller,12
1186,David Chang,krista00@gmail.com,(225)675-4252x0642,CSR,6
1187,Robert Lewis,lisaglover@eaton.com,(571)234-0573,Teller,30
1188,Maxwell Solomon,lawrencepaul@chavez.info,+1-927-962-0763x00695,Loan Officer,67
1189,Jason Stein,trevinotroy@yahoo.com,+1-334-607-6383,CSR,53
1190,Ms. Amber Garcia,pfarley@hotmail.com,001-673-465-7244x2724,CSR,90
1191,Dustin Kirby,vsaunders@gmail.com,902.565.9141,CSR,48
1192,Richard Barber,daniel37@owens.com,(115)209-9098x40171,Loan Officer,59
1193,Connor Rios,qmartinez@crawford.info,+1-310-694-9163x680,Teller,96
1194,Michael Jones,ccarr@gmail.com,001-079-059-2763x875,CSR,11
1195,Kimberly Jones,jasmine45@davis-juarez.com,524.783.3510x021,Teller,75
1196,Gary Ross,karenjacobs@hartman-garcia.com,(331)345-6455x891,Loan Officer,13
1197,Kathleen Harrison,jacksontyler@daugherty.com,733-252-5724,Manager,65
1198,Stacy Mccormick,jasmine25@walker.com,001-906-543-9192,CSR,18
1199,Lisa Murray,vpark@pearson-copeland.com,+1-032-703-4007,Loan Officer,82
1200,Tracy Bonilla,tchavez@caldwell.com,001-831-210-6992x29550,Teller,51
1201,Jose Murphy,alan37@hotmail.com,001-873-039-6526,CSR,10
1202,Diane Daniels,usampson@yahoo.com,+1-683-087-0508x8755,Teller,76
1203,Danielle White DDS,jessicagrant@gmail.com,001-677-665-7111,Manager,73
1204,Mark Salas,andrew90@yahoo.com,299-053-8379,CSR,8
1205,Brian Harper,icross@gmail.com,+1-719-557-9803x35612,CSR,56
1206,Bryan Tucker,cindy73@hotmail.com,485.482.5305,Teller,85
1207,John Nguyen,charles43@gmail.com,(767)911-5706x2715,CSR,17
1208,Joshua Leonard,david27@conrad.com,5373996338,Loan Officer,31
1209,Danny James,atorres@hotmail.com,912.725.2903x264,Loan Officer,38
1210,Catherine Osborn,wardemma@snyder-bishop.biz,2883883221,Manager,34
1211,Breanna Fleming,smithlaurie@davis-avila.com,001-822-253-9318x4699,Loan Officer,41
1212,Richard Cox,qjones@higgins.com,(217)780-6634,Manager,51
1213,Tammy Conner,emilyrollins@fletcher-garrett.com,327-559-6636,Teller,90
1214,Christopher Rodriguez,jaredgarcia@yahoo.com,(428)246-9191,Teller,95
1215,Shawn Moody,qbrown@hotmail.com,+1-171-408-0618,Manager,42
1216,Gregory Mccarty,goldenmitchell@gmail.com,(723)741-1578x959,Loan Officer,41
1217,Karen Graham,shannon33@gmail.com,785.435.1200,Loan Officer,58
1218,Kimberly Johnson,jonesdeanna@gmail.com,890-364-4294,Manager,35
1219,Nathaniel Dougherty,heatherwarren@hotmail.com,383-228-9306x1777,Manager,30
1220,Kelly Hester,matthew07@sullivan.com,766-869-0404x04088,Teller,10
1221,Thomas Avila,sarah97@yahoo.com,466.554.4941x8087,Manager,26
1222,Thomas Moody,rodriguezjennifer@yahoo.com,(832)133-9003x733,Loan Officer,18
1223,Eric Whitehead,nicholasmoore@brown.biz,487-930-8758x454,Manager,100
1224,Courtney Cox,james91@vance.com,+1-939-312-3022x93629,Manager,99
1225,Amanda Strong,johncoleman@yahoo.com,084.536.1974x119,Manager,75
1226,Robert Williams,abarnes@edwards.com,(481)005-6628,Teller,14
1227,Ashley Greene,dayjames@ho.com,(135)376-8436,Manager,20
1228,Susan Howard,yhahn@lopez.com,+1-520-936-4590x519,CSR,14
1229,Derek Kennedy,jeffery58@gonzalez-chavez.biz,573.189.6220x09529,CSR,22
1230,Todd Burgess,oscaranderson@eaton-thompson.net,021-429-0109x5669,CSR,58
1231,Christina Barry,melanie00@murphy-sullivan.com,844.039.6491,Loan Officer,60
1232,Cynthia Davenport,greenstephanie@yahoo.com,974-786-3127x002,Loan Officer,41
1233,Justin Moreno,annprice@hudson-russell.org,219.262.2665x42771,Manager,53
1234,Gary Smith,jasongonzalez@hernandez.info,976-487-3408,CSR,16
1235,Alexis Carter,rsanders@jones-mills.com,001-753-168-9507x75125,Teller,69
1236,Sara Robinson,monicaanderson@randall.info,567-517-4401x8957,CSR,46
1237,Autumn Stone PhD,elizabethclark@gmail.com,001-915-867-3495x90983,CSR,99
1238,Nicholas Fowler,csoto@gmail.com,001-876-343-2911x12150,Loan Officer,27
1239,Michelle Scott,michael92@cobb.com,531-539-8224,Loan Officer,58
1240,Jonathan Hernandez,johnsonlauren@gmail.com,(655)488-8043,Teller,40
1241,Jillian Wagner,williammullins@rodriguez.com,478.123.2218,Loan Officer,60
1242,Bridget Snyder MD,whitesierra@gibbs-miller.com,627-194-1646,Teller,34
1243,Alexis Lowe,breanna72@gmail.com,(630)553-0589x991,Loan Officer,16
1244,Julia Garner,dawn49@randolph.org,(747)792-3138x4703,CSR,12
1245,Diana Mclean,vclark@gmail.com,632.426.9681x5002,CSR,21
1246,Robert Stout,roseterry@wiggins.com,6433261670,Teller,88
1247,Jenny Austin,uwilliams@gmail.com,+1-487-787-0283,Teller,39
1248,Erika Meza,brian09@gmail.com,869-925-0083x634,Loan Officer,91
1249,Evan Davis,robertdavis@jones-reese.com,858.072.4998x8175,Loan Officer,90
1250,Katherine Neal,xsmith@yahoo.com,190.116.5678x0815,Teller,78
1251,Nancy Adams,aaronthomas@clay.org,602.157.7113x34659,Teller,6
1252,Craig James,jocelynrobinson@skinner.info,(458)351-6142,CSR,28
1253,Leslie Hansen,lroberts@bell.org,001-140-042-9243x41166,CSR,42
1254,Peter Johnson,zgray@perry.com,+1-256-976-5295x60313,Teller,19
1255,Stephanie Hernandez,hobbsmorgan@strickland.org,167-810-1078x505,CSR,12
1256,Richard Davis,rstevenson@hicks-robertson.net,233-804-9808x62777,Manager,92
1257,Mrs. Patricia Williams MD,alin@gonzalez.com,(701)830-3720x855,Loan Officer,32
1258,Christopher Johnson,durhamdavid@white.com,(229)358-9943x4662,CSR,46
1259,Jim Morrow,joshua86@gmail.com,001-338-937-9559x48475,Manager,51
1260,Melissa Miles,brett52@mason-lang.com,001-917-661-3573,Teller,66
1261,John Morris,ejackson@sellers-johnson.net,182-721-0403,CSR,7
1262,Debbie Ross,rachel12@hotmail.com,3809730857,Teller,87
1263,Mrs. Beth Lewis,mcguiresusan@simpson.org,001-634-379-8370,Loan Officer,39
1264,Patrick Harris,barry74@anderson.com,001-304-675-4757x922,Teller,34
1265,Renee Morrison,hspears@gmail.com,+1-652-769-3336x4350,Manager,23
1266,Alice Stephens,kristenpoole@johnson-guerra.com,653.204.2105,Teller,4
1267,Valerie Decker,wrivera@gmail.com,(511)172-9677,Manager,52
1268,Crystal Lyons,teresavazquez@rowe.net,(717)241-3488x6088,CSR,58
1269,Caitlin Mann,damon79@jones.biz,246-943-7268x5337,CSR,72
1270,Melissa Anderson,harrellscott@hill.org,8731690884,Manager,96
1271,Richard Alvarado,leewalter@brown.com,001-630-346-4622x85807,Loan Officer,71
1272,Terry Pitts,kimberlysmith@yahoo.com,614-547-0099x26257,Loan Officer,32
1273,Jonathan Guerra,shaunporter@gmail.com,001-058-049-9242,Loan Officer,13
1274,Theresa Jennings,gomezjeanne@klein.net,+1-128-584-6954x6862,CSR,60
1275,Brandon Melton,steinchristian@yahoo.com,+1-116-196-5486x0816,CSR,14
1276,Joshua Anderson,owilson@yahoo.com,(583)941-5234,Loan Officer,18
1277,Anna Cunningham,colleenmartin@yahoo.com,+1-168-400-2021x681,Teller,16
1278,David Rivera,ssheppard@franco-keller.com,001-626-332-3676,Loan Officer,2
1279,Raymond Mclean,tammysalazar@bradford.com,(696)184-2492x91144,Teller,8
1280,Theresa Scott,owarren@fernandez-walker.com,(615)327-1913x1449,Loan Officer,100
1281,Vincent Thompson,oowens@day.com,597.944.4285x042,Teller,29
1282,Dakota Fernandez,davisreginald@gmail.com,0259143758,CSR,17
1283,Briana Small,lopezjacob@hotmail.com,+1-363-546-2403x48519,Loan Officer,26
1284,Dave Trevino,tgross@baker.biz,001-577-511-5942x984,Loan Officer,52
1285,Mr. Corey Richardson Jr.,maldonadostephanie@gmail.com,+1-520-179-5604x4162,Manager,48
1286,Jean Henderson,nicholas82@yahoo.com,001-656-452-0415x82359,Loan Officer,88
1287,Andrea Jones,sandra34@yahoo.com,001-567-601-0246x78837,Teller,81
1288,Cynthia Campbell,wbennett@gmail.com,001-289-295-8893x636,Manager,83
1289,Antonio Hanson,jonesmark@gray.org,628.697.8029,Loan Officer,11
1290,Dennis Scott,whitejohn@foley.com,(955)399-2368,Loan Officer,75
1291,Emily Edwards,brendanchase@johnson-smith.com,4683405346,CSR,76
1292,Michael Simon,michaelhall@hotmail.com,001-333-098-1819,Manager,34
1293,Susan Watson,carpentertimothy@yahoo.com,(692)381-4243,Teller,10
1294,Cindy Ramos,alvaradoeric@white.net,001-815-360-6020,Loan Officer,3
1295,Bobby Collins,mnorris@gmail.com,6167926631,CSR,9
1296,Paul Swanson,ibrewer@gmail.com,296-051-1024x30736,Loan Officer,26
1297,Nicholas Parker,desiree07@hotmail.com,(557)775-1310x0000,Manager,83
1298,Kendra Mathews,peter62@hotmail.com,+1-793-321-0779x8021,Teller,57
1299,John Vaughn,flowersalyssa@yahoo.com,3843644411,CSR,17
1300,Alicia Wells,fsampson@yahoo.com,977-704-0089,Loan Officer,12
1301,Nancy Gonzalez,ikeith@gmail.com,352.294.8340x2755,Teller,43
1302,Matthew White,smithmark@miller.com,0513786604,Loan Officer,16
1303,Teresa Rocha,adamsmatthew@hotmail.com,661.197.9289,Loan Officer,6
1304,Whitney Jones,jramirez@gmail.com,109-177-9010,Manager,60
1305,Holly Trujillo,scottdesiree@yahoo.com,001-276-278-2990x23128,Manager,7
1306,Steve Sutton,stephanie47@gmail.com,062.521.9930,Loan Officer,22
1307,Heather Daniel,ymanning@hotmail.com,918-645-7102,CSR,74
1308,Martin Armstrong,nathanhill@yahoo.com,001-627-332-7514x4739,Manager,56
1309,Elizabeth Walker,bhunter@yahoo.com,9599812570,Manager,93
1310,Diane Lee,uwaters@lucero-robles.com,+1-165-719-5496x657,Manager,51
1311,Jennifer Barry,reynoldsjulie@martinez-stevens.com,(285)061-1498x327,Manager,64
1312,Ashley Hensley,aprilholmes@moore.com,5358226822,Teller,4
1313,Shannon Watts,spencergomez@lin-martin.com,(244)584-7257,Loan Officer,49
1314,Rachel Phelps,rebeccarodriguez@jackson-smith.com,208-223-4483,Teller,88
1315,Grace Ross,jason96@yahoo.com,3996947317,Teller,55
1316,Brandi Gonzales,wcolon@lam.biz,482.609.1156x7581,Loan Officer,23
1317,Robert Lucas,xanderson@yahoo.com,979-866-1258,Manager,46
1318,Bradley Lynn,pthompson@pacheco.info,853.689.1560x0265,CSR,28
1319,Frank Cook,paulthomas@brown-williams.net,001-284-052-1393x349,Manager,24
1320,William Brown,nramirez@gmail.com,8810758352,Manager,36
1321,Shelia Phillips,shahkevin@yahoo.com,001-991-404-1872x896,Manager,36
1322,Diana Little,webbhannah@jones-gilmore.com,001-767-486-6145x79332,Manager,58
1323,Lauren Thomas,kristopher84@gmail.com,(331)833-5530x385,CSR,20
1324,Ashlee Murray,vperez@hotmail.com,(186)390-9718x2224,Teller,5
1325,Brian Perez,jayjones@yahoo.com,+1-744-287-6910x56025,CSR,79
1326,Jonathan Riddle,deborah99@kaufman-mosley.com,234.270.6577,Loan Officer,80
1327,Casey Fritz,gandrews@joseph.org,(502)239-8542,Manager,79
1328,Bryan Chambers,kellykenneth@johnson.com,+1-584-410-5962,CSR,32
1329,Nicholas Moss,scarlson@gmail.com,925-448-8412x2478,Loan Officer,83
1330,Joshua Gardner,rharvey@mahoney.org,216.964.5263x7168,CSR,38
1331,Ryan Allen,patelkaren@yahoo.com,621-659-1933,Manager,64
1332,Jordan Evans,nbecker@hotmail.com,612-846-6110,Manager,53
1333,Samantha Walker,timothy02@yahoo.com,+1-603-548-9076,Loan Officer,71
1334,Michelle Rivera,djones@gilbert-bates.com,586-867-5888,CSR,62
1335,Amber Faulkner,steven87@gmail.com,102-498-8752x8140,Manager,8
1336,David Cook,bennettkeith@gmail.com,+1-844-826-8155x8782,Loan Officer,12
1337,Tiffany Olson,mgeorge@yahoo.com,8806789832,CSR,36
1338,Robert Castillo,brandon94@dixon.com,467-968-0675,CSR,50
1339,Lori Bowman,katherine41@booker.com,001-640-660-2290x139,Loan Officer,18
1340,James Sanchez,sabrinaoneal@wheeler.biz,855.526.7604x36805,CSR,54
1341,John Miller,rivasantonio@miller.com,(955)006-1431,CSR,26
1342,Mary Simmons,joshuajames@henderson-phillips.info,346.720.9026x1123,Manager,83
1343,Anthony Powell,rileybradley@hotmail.com,001-470-318-2735x279,Manager,68
1344,Sara Williams,teresa54@hotmail.com,259.856.7827,Manager,32
1345,Dr. Adam Huynh,edwardthomas@hotmail.com,150-678-0006,Loan Officer,81
1346,Stephanie Freeman,cathymyers@gmail.com,191-413-3172x31348,Teller,70
1347,Ms. Victoria Thornton,coconnell@yahoo.com,(832)021-3813x954,CSR,3
1348,Jeffrey Macias,fletchergregory@gmail.com,(427)889-3701,Loan Officer,49
1349,Paul Alexander,jamesthornton@gmail.com,921.249.4460,Teller,92
1350,Betty Watts,zacharycampbell@hotmail.com,001-603-291-0865x7241,Teller,46
1351,Shelby Andersen,shelleyjames@rogers.com,(641)734-2468,Loan Officer,62
1352,Traci Hickman,hurstdawn@gmail.com,615-882-5867x5044,Teller,70
1353,Vanessa Suarez,anthonykennedy@gmail.com,653-741-2455x34187,Manager,63
1354,Jade Bowen,paula48@morrison-ray.org,+1-213-016-4564,Loan Officer,45
1355,Bryan Price,kristi43@pham.com,239.357.3932,CSR,73
1356,Kyle Allen,melissa28@wyatt-holloway.com,+1-994-180-5295x59123,Manager,65
1357,David Hill,rodriguezmichelle@collier.com,(065)309-6721x85456,CSR,42
1358,James Knight,jenniferbrown@williams.com,(730)395-6574x26374,Teller,50
1359,Gene Nichols,tmeyer@hotmail.com,001-340-334-6082x5242,Manager,35
1360,Maxwell Snyder,millskatherine@hotmail.com,(822)212-9675x2658,CSR,24
1361,Dawn Hill,evansanna@hotmail.com,508.339.9838x52469,Loan Officer,4
1362,Logan Douglas,simmonsjohn@carroll.com,(469)563-0876,Teller,41
1363,Tom Werner,tanderson@gmail.com,001-031-958-4668x51580,CSR,77
1364,Mr. Christopher Martinez,ehuber@lopez-barber.info,936.086.5321x6543,Teller,29
1365,Gregory Allison,brandon33@gmail.com,001-093-750-8980,CSR,4
1366,Amber Reyes,leesteven@hotmail.com,001-560-773-8665x650,Loan Officer,100
1367,Daisy Colon,msmith@daniels.org,470.044.3465,Manager,36
1368,Robin Tucker,summersjeremy@yahoo.com,001-506-302-1206x9596,CSR,8
1369,Robert Baker,brenda32@hotmail.com,603.891.2804x15663,Teller,61
1370,Mrs. Hannah Wallace,xbrown@gmail.com,+1-702-611-4304x75381,Loan Officer,68
1371,Kathryn Wiley,susan34@yahoo.com,001-079-115-9919,Manager,46
1372,James Hoffman,keith25@hotmail.com,303-929-8206x17056,Teller,99
1373,Mary Curry,ffaulkner@hall-thomas.com,419.921.2049x4406,Loan Officer,75
1374,Andrew Snyder,james21@gmail.com,1981078932,Teller,30
1375,Katelyn Johnson,ronald30@yahoo.com,(467)061-9062,Loan Officer,21
1376,Dr. Danielle Morgan DDS,tayloredward@gmail.com,(648)311-5553x112,Manager,13
1377,Marilyn Lawrence,wardhenry@yahoo.com,9832751331,Manager,32
1378,Natasha Flores,umccullough@yahoo.com,(188)759-3434,Teller,85
1379,Ryan Watson,dorothyparker@yahoo.com,162.776.3848x538,Loan Officer,31
1380,Nicole Grimes,teresa22@gmail.com,359.406.1733x1856,CSR,35
1381,Cindy Rodriguez MD,monroemarilyn@willis.org,949.623.6902,Manager,69
1382,Christopher Shah,ymccoy@yahoo.com,+1-763-272-1892x9445,CSR,95
1383,Colleen Carter DDS,xscott@everett.com,9581046867,CSR,8
1384,Timothy Simmons,jonespaula@rivera-wells.biz,(693)640-0437x062,Teller,98
1385,Marcus Collins,megan99@hotmail.com,(418)933-0838,Teller,29
1386,Micheal Chavez,mercedesadams@day-horton.com,+1-178-517-6114x9846,Teller,74
1387,Dawn Graham,clarkjohnathan@yahoo.com,+1-288-990-6348x33552,Loan Officer,50
1388,James Williams,vkim@johnson.net,945-677-2977x39499,Manager,46
1389,Derrick Foster,edward77@bishop.com,(542)196-5822x5542,Manager,23
1390,Richard Hanson,carlos33@roberts-zimmerman.net,365-813-6447x112,CSR,23
1391,Ashley Jackson,ckelley@yahoo.com,+1-796-878-8836x131,Teller,31
1392,John Lamb,richjustin@garner.net,4403974752,Loan Officer,76
1393,Deanna Hayes,susan51@joseph.info,422-242-2186,Manager,41
1394,Robert Bryan,frogers@hodge-little.info,(500)173-0481x75969,Loan Officer,95
1395,Matthew Perkins,stevenmccann@jones-holland.com,001-811-060-9187,Teller,90
1396,Luis Garcia,mcdanielamanda@yahoo.com,+1-443-920-0605x52747,Teller,46
1397,Adam Johnson,pperry@phillips.com,180.583.8118,Manager,76
1398,Tammy Harris,millersandra@gmail.com,(473)149-8962x699,CSR,4
1399,Tina Elliott,fnichols@bryant.com,001-239-835-0883,CSR,91
1400,Lisa Chen,jodihiggins@rios.com,+1-392-131-0658x850,Teller,90
1401,Donald Jones,rebekah92@gmail.com,+1-628-537-3872x285,Teller,46
1402,Jaclyn Gonzalez,montgomerycharlene@gmail.com,(566)577-6808x094,CSR,73
1403,Brian Avery,aaron72@berry.com,+1-480-206-7947x81990,Teller,73
1404,Victoria Jones,carlos40@sampson.com,158-820-8539x33905,Manager,19
1405,Thomas Collins,jonathanbradley@gmail.com,782-868-3285x7556,Manager,73
1406,Patrick Reid,hawkinsholly@gmail.com,+1-625-337-3147,Loan Officer,25
1407,Nicole Shelton,ronaldalexander@yahoo.com,(995)231-1499,CSR,64
1408,Kevin Ramos,leslieflores@gmail.com,583.200.5230x9321,Teller,70
1409,Ryan Raymond,rogerthompson@hotmail.com,+1-701-364-0682x428,Loan Officer,40
1410,Michael Miller,moorejennifer@hotmail.com,(027)529-5193x262,Manager,23
1411,David Norton,donald32@robinson.com,(421)452-7462,CSR,63
1412,Victor Hall,leeeric@gordon.com,944.911.7556,Manager,5
1413,Keith Powell,janedixon@gmail.com,001-819-695-5414,Teller,12
1414,Madison Gutierrez,crawfordjohn@hotmail.com,001-368-137-4565,Loan Officer,8
1415,Christopher Holmes,joe83@gmail.com,+1-286-605-8166x83909,Teller,30
1416,Rebecca Sanchez,vlong@gmail.com,+1-326-620-2998x90132,Teller,78
1417,Melissa Bennett,qjones@flores.com,511.136.4776x364,CSR,29
1418,Lindsey Robinson,mariajohnson@bryant-vega.net,4368484555,CSR,3
1419,John Andrews,chris28@terrell.com,734.599.9534x1975,Teller,68
1420,Colleen Fisher,tiffanybradley@gmail.com,6168512169,CSR,62
1421,Erica Dawson,clarence29@thomas-reynolds.net,630-149-2724,Loan Officer,1
1422,Sherri Sanders,martingraham@yahoo.com,252.773.3294,Loan Officer,43
1423,Michele Gonzales,reginaldcarroll@yahoo.com,001-717-632-3115x340,Teller,79
1424,Christian Parker,matthewsalex@adams.com,+1-006-019-4141x013,Loan Officer,26
1425,Maxwell Hansen,xnguyen@yu-gordon.com,001-861-721-4152x384,Teller,17
1426,Melinda Miller,zharris@hotmail.com,6058647412,Loan Officer,44
1427,Andrew Martinez,sergio68@brooks.com,(117)891-9685,Manager,92
1428,Diana Jones,rodney31@hernandez.org,7844827838,Teller,23
1429,Lisa Ellis,brendan32@hotmail.com,(529)255-7365,Loan Officer,42
1430,Dr. Vanessa Reyes DVM,wilkersonbrandon@hotmail.com,7859256109,Manager,8
1431,Elizabeth Phillips,patricia33@russell.com,(572)225-3469,Teller,3
1432,Robin Hudson,kevin72@smith.net,+1-085-643-4639x758,Loan Officer,19
1433,Gavin Hale,kbarrett@vasquez.net,001-681-627-0149x605,Loan Officer,76
1434,Christopher King,larryliu@gmail.com,+1-808-948-1133x369,Manager,91
1435,Tina Chung,carla89@gmail.com,(035)852-4602x5245,CSR,19
1436,Madison Schwartz,joel67@hotmail.com,(685)314-7285,CSR,100
1437,Christina Hughes,william51@yahoo.com,(328)834-9079x1642,Manager,15
1438,Lawrence Morgan,cboyd@gmail.com,(927)446-8881x31675,Manager,68
1439,Nancy Garcia,aaron10@yahoo.com,(320)958-6678x405,Teller,47
1440,Antonio Sullivan,ronald13@hotmail.com,228.355.1183x64988,CSR,10
1441,Hayley Munoz,stevenhines@hotmail.com,(925)980-0349,Teller,48
1442,Cynthia Smith,kingkelly@gmail.com,635-439-6222,Loan Officer,91
1443,Steven Woods,davidwelch@yahoo.com,001-893-426-4477,Manager,85
1444,Clayton Alexander,lindahale@wilson-steele.com,868.097.9846,Teller,51
1445,Jessica Ward,rebeccaduarte@hotmail.com,(745)680-0954,Manager,76
1446,Johnathan Castillo,qday@gmail.com,(622)640-9746,Teller,13
1447,Lindsey Bryan,stacyholden@yahoo.com,070-230-0384,Loan Officer,44
1448,Lisa Harris,tamara18@yahoo.com,396.218.6887x620,Loan Officer,39
1449,Jamie Rogers,cynthia00@knight.org,(848)110-6397,CSR,42
1450,Christopher Vargas,wernerjennifer@gonzales.com,001-201-996-0909x4678,CSR,18
1451,Tracy Smith,deantamara@yahoo.com,(687)225-9599x207,Loan Officer,21
1452,Carl Mcclain,dpearson@gmail.com,061.269.5855x2772,Teller,94
1453,Keith Lam,paul94@gmail.com,(818)868-5473x847,Manager,56
1454,Laura Smith,kellyerica@yahoo.com,(712)186-3458x898,Loan Officer,82
1455,Stephanie Diaz,frodriguez@thompson.com,001-596-596-2769x6332,Loan Officer,63
1456,Nicholas Tucker,pshaw@hotmail.com,+1-943-507-3936x67217,Teller,84
1457,Anthony Krause,emily39@yahoo.com,001-964-508-1675x02511,Loan Officer,41
1458,Kimberly Crawford,twilliams@yahoo.com,+1-388-726-0756x12359,Loan Officer,23
1459,Morgan Martin,jamesbraun@wood.com,(584)197-6201x72262,Teller,91
1460,Kimberly Hansen,rachaelfranklin@gmail.com,(555)600-9784x368,Loan Officer,72
1461,Christopher Levy,charlesbarron@gmail.com,547.563.8186,CSR,89
1462,Tina Taylor,nicholashoward@yahoo.com,001-869-453-3808x03526,CSR,79
1463,William Mendez,maria25@payne-murphy.info,+1-765-738-1142x3398,CSR,46
1464,Jason Vaughn,bbell@hotmail.com,0782954812,CSR,29
1465,Ann Bentley,swansonjulian@beck.info,233-028-6558,Loan Officer,86
1466,John Dixon,christy60@hotmail.com,+1-697-274-5584,Manager,76
1467,Joshua Brewer,robin69@yahoo.com,820.612.0073,CSR,23
1468,Kenneth King,xsmith@thomas.com,(567)590-7729,CSR,49
1469,Amanda Chen,matthewrodriguez@turner-jackson.com,+1-279-865-2542x87736,Loan Officer,40
1470,Amanda Henson,christineriggs@wright.com,125-430-0739,Loan Officer,94
1471,Mrs. Laura Davis,ohanson@gmail.com,111-019-4837,Teller,89
1472,Chelsea Wright,ccase@hotmail.com,+1-996-362-6371x41672,CSR,38
1473,Zachary Robinson,glenstanton@zimmerman-holland.com,532-619-8969,Teller,17
1474,Lisa Nelson,montesjessica@gray.info,001-916-312-6616,CSR,23
1475,Susan Crawford,brownjeffrey@hotmail.com,+1-822-536-2530x5499,Manager,94
1476,Gregory Patrick,joseph65@friedman.com,8989150796,Loan Officer,1
1477,Garrett Hoover,courtneytaylor@watkins-lopez.com,+1-744-475-8152x2788,Loan Officer,90
1478,Ryan Hughes,lmoore@hotmail.com,023-705-9272,Teller,74
1479,Chelsea Smith,lauren79@gmail.com,+1-540-147-1309x30497,Teller,51
1480,Jessica Ramirez,ythompson@yahoo.com,(121)617-4779,Loan Officer,99
1481,Samantha Higgins MD,lanceclark@mcdonald-miller.org,244.672.3941,Loan Officer,73
1482,Cody Noble,moraleschristina@malone.com,001-556-919-6439x920,Loan Officer,5
1483,Donna Hall,wolfeamanda@hotmail.com,577.268.0445,CSR,24
1484,Linda Wright,cortezmichelle@gmail.com,001-785-155-1405,CSR,78
1485,Caitlin Conner,nicole59@calhoun.net,8425862484,Manager,41
1486,April Wilson DVM,jimmyingram@gmail.com,(142)149-8053,CSR,79
1487,Laura Lee,roger12@hotmail.com,8498254426,Loan Officer,29
1488,Sandra Ayala,middletonjoseph@gmail.com,001-850-205-5997,CSR,82
1489,Benjamin Mclean,david26@miles.biz,(240)210-9855x60836,Teller,73
1490,Sarah Thomas,larsondavid@gmail.com,+1-958-207-7353,Loan Officer,14
1491,Adam Dougherty,jameswilliam@hotmail.com,130-799-0981,CSR,64
1492,Margaret Freeman,thompsonjulie@hotmail.com,+1-590-256-9769x404,Loan Officer,19
1493,Erik Garcia,bwalters@hobbs-nguyen.com,+1-642-866-0068x80708,Teller,43
1494,Christopher Schwartz,vwilliams@briggs.com,(778)292-9936,Teller,96
1495,Victor Phillips,smartin@little.net,646.793.7729x73199,CSR,10
1496,Jason Wells,connor72@gmail.com,001-922-787-3689x297,Loan Officer,31
1497,Phillip Rodriguez,kevinmartinez@coleman.org,527-396-0144,Manager,45
1498,Cory Barnett,robin35@yahoo.com,539.946.3917x15640,Teller,41
1499,Audrey Randall,tammy64@miller-leonard.com,166.387.4389x29359,Manager,22
1500,Elizabeth Cunningham,rmoore@hotmail.com,349.115.0703x49278,CSR,82
1501,Jasmin Christian,carrieclay@kelley.com,190-474-6711,Teller,12
1502,Joshua Smith,jose78@gmail.com,(633)730-0528x1079,Manager,91
1503,Kenneth Mccormick,zalexander@watts.com,634-741-3015x26059,Teller,86
1504,Marissa Velasquez,juarezmeghan@gmail.com,220-401-4584,Manager,82
1505,Mandy Mckinney,scottgibson@mendoza.com,(237)332-6030x91856,Loan Officer,94
1506,Kari Hall,scottmurray@hotmail.com,836.815.6239x4169,Loan Officer,43
1507,Joanna Gay,uschroeder@hotmail.com,001-773-983-5094x5574,CSR,58
1508,Andrew Mcguire MD,dmiller@hotmail.com,+1-728-354-8789x1061,Teller,2
1509,David Jones,sharon06@hotmail.com,+1-148-709-7929x90953,Manager,34
1510,Bethany Koch,rebeccaorozco@yahoo.com,+1-336-975-4250,CSR,27
1511,Trevor Vega,rowen@jackson.com,197.044.9462x03527,Loan Officer,32
1512,Kristine Leonard,christine31@mccoy-thomas.com,(261)238-5734,Loan Officer,89
1513,Latasha Daniel,wtorres@dixon.com,+1-410-511-3631x290,CSR,9
1514,Stacey Daniels,rcampbell@allen.com,4288214197,Teller,45
1515,Alexander Moore,afitzpatrick@gmail.com,(260)794-2052,Manager,33
1516,Kenneth Clark,masonchelsea@george.com,272-323-2534,Loan Officer,14
1517,Jacqueline Hogan,michaelsoto@miller.com,889-617-5176x05745,CSR,93
1518,John Mitchell,pmitchell@parker.info,001-463-684-1245,Loan Officer,1
1519,Stephen James,rrobinson@hotmail.com,098-433-7047x5954,Loan Officer,7
1520,Sierra Harris,awilson@osborne.info,864.580.7385,Manager,50
1521,Donna James,jacquelinedyer@yahoo.com,001-078-791-6125x33239,Teller,57
1522,Shawn Carroll,guypacheco@mosley.com,001-203-333-7168x36195,Teller,94
1523,Michael Jackson,mary71@gmail.com,506-678-8305x399,Manager,54
1524,Chad Gray,carrie49@hotmail.com,001-923-828-1867x835,CSR,22
1525,Brianna Scott,markferguson@yahoo.com,+1-287-387-1913,CSR,53
1526,Paige Adams,barbaraarroyo@gmail.com,165-294-1393x5144,Teller,64
1527,Cynthia Ramirez,laurajohnson@gmail.com,472.114.8395x23666,Loan Officer,49
1528,Jacob May,michelle77@gmail.com,532-083-0921,Loan Officer,45
1529,Roger Mitchell,timothy25@ferguson-levy.com,477.300.8414x03732,CSR,70
1530,Seth Mckay,agonzalez@harris-carey.com,724-470-0591,Manager,49
1531,Mrs. Mary Nguyen PhD,klevy@gmail.com,(625)748-8709x18965,Loan Officer,13
1532,Ronald Yang,toni58@mckenzie.com,(969)951-1217,CSR,62
1533,Kristi Carpenter,vrodriguez@yahoo.com,001-218-006-2110x83463,Manager,74
1534,Jason Nelson,qmontgomery@nguyen.net,+1-280-112-7995x431,Teller,84
1535,Megan Shaw,chad59@harris.com,001-416-546-0718x8392,Manager,98
1536,Rachel King,lcowan@gmail.com,197-315-5597x8295,Teller,88
1537,Michael Watkins,hamiltontracy@taylor.net,854.436.3545x471,CSR,29
1538,Robert Yates,thomasluke@lewis.com,6723541914,Manager,21
1539,Andrea Price,lbrock@porter.info,002.532.5323,CSR,58
1540,Jeffrey Tucker,martinezjustin@hotmail.com,948-425-6273x0330,Teller,10
1541,John Reed,wisebrittany@brown.biz,595.500.2320,Loan Officer,5
1542,Mark Mendez,tmartinez@yahoo.com,+1-472-173-4435x3049,Loan Officer,38
1543,Marc Hudson,smithshawn@yahoo.com,260-500-6285x72791,Teller,3
1544,Lisa Russell,williamnorton@white-mendez.biz,+1-433-114-4992x6721,Loan Officer,41
1545,Norman Robinson,apowell@gmail.com,(818)178-2362,Loan Officer,34
1546,Mario Mason,kaitlyncook@gmail.com,+1-330-303-2493x6389,Manager,14
1547,Benjamin Lynch,ebond@lamb-sanchez.info,851-766-5101,Manager,10
1548,Kyle Smith,tholland@yahoo.com,001-704-029-7149x0310,Loan Officer,44
1549,Kevin Barber,frankshelby@gmail.com,078-739-2470x612,Manager,22
1550,Jennifer Mullins,tiffany59@wilson.com,316.745.1732,Teller,49
1551,Glenn Jackson,hmills@hotmail.com,179.368.8187x2724,Manager,21
1552,Lori Solis,keithjoy@velez-wilson.biz,(892)094-4671x72938,Manager,94
1553,Anthony Santos,michelleclements@velez-singh.com,211-822-7583x55274,Manager,10
1554,Destiny Santiago,ramirezrachel@hotmail.com,861-639-1721x70064,CSR,71
1555,James Fernandez,elizabeth54@barry-smith.biz,001-483-696-6530,Teller,12
1556,Christopher Garcia,ywatts@bartlett.com,365-923-2314x4427,Loan Officer,44
1557,Mariah Hale,karen81@roman.com,573.596.8390x96189,Loan Officer,77
1558,Sarah Medina,christinaabbott@cisneros.com,+1-934-230-6648x039,CSR,79
1559,Kevin Johnson,gbeard@carson.org,9261850356,Manager,62
1560,William Johnson,aaronking@hotmail.com,001-627-241-2468x71794,Teller,91
1561,Lisa Klein,apena@dalton-nguyen.org,0292140684,Teller,4
1562,Robert Moss,fsmith@gmail.com,874-860-4754,Loan Officer,56
1563,Corey Newman,mark98@hotmail.com,170.538.9057x91846,CSR,84
1564,Janet Hernandez,carrie28@cowan.com,(925)019-5292x2064,CSR,22
1565,Trevor Ramirez,jorgemiller@barber-young.com,996-583-1078x0484,CSR,78
1566,Eric Howard,gibsonsarah@davis.org,(303)106-8106x03140,CSR,56
1567,Adrian Garcia,mistysantana@yahoo.com,412-255-5113x7096,Teller,21
1568,Louis Kennedy,larsencraig@yahoo.com,901.457.9604,Manager,7
1569,William Ramirez,russell45@gmail.com,+1-052-152-3686x38507,Loan Officer,13
1570,Autumn Meza,ljackson@clark-spears.info,904-212-2435x1916,Teller,43
1571,Eric Odom,kphillips@yahoo.com,9538862025,CSR,27
1572,Michael Williams,longkathryn@gmail.com,001-703-445-0616x6732,CSR,25
1573,Jessica Lowe,jonathan67@hotmail.com,+1-936-997-9537x1097,Loan Officer,53
1574,Miranda Martinez,olsonjames@yahoo.com,309-996-8277,Manager,90
1575,Taylor Smith,keith27@ortega-harrison.com,(343)065-9266x44953,Manager,71
1576,Kyle White,karen89@gmail.com,345.507.0825x360,Manager,93
1577,Mark Wise,tina82@gmail.com,001-126-177-6520,CSR,94
1578,Matthew Washington,sperkins@gmail.com,855.797.4561x99093,Teller,70
1579,Melissa Skinner,jasoncrawford@yahoo.com,2240702998,Teller,34
1580,Dustin Lopez,virginiastevens@henderson.info,561-067-1651x8328,Manager,85
1581,Sandra Anderson,sramirez@jefferson.com,457-178-7250x7865,Loan Officer,37
1582,Jennifer Ramirez,jessicahicks@gmail.com,001-085-458-0421x2328,Manager,39
1583,James Novak,rodgersscott@murray-alvarez.info,+1-192-889-3395x78548,Manager,31
1584,Connor Hoffman,joshuasmith@ramirez-martin.com,001-107-535-7155x014,Loan Officer,13
1585,Jeffrey Davis,droberts@dickerson.com,149-389-4596x924,Manager,7
1586,Sheila Rogers,michaelcooley@silva.biz,749-230-6629x24900,Loan Officer,51
1587,Russell Hickman,williamsmarcus@hotmail.com,(534)436-8749x781,Loan Officer,74
1588,Corey Chandler,lisawatts@gates-ellis.com,(982)664-8854x935,Teller,71
1589,Ashley Pierce,valerie09@hotmail.com,(124)012-5671x73125,Loan Officer,63
1590,Isaac Ortega,annette58@cordova.com,(439)288-4803x88042,Manager,20
1591,Mr. Charles Garrett,ryanriley@yahoo.com,001-473-601-1258x01426,Loan Officer,7
1592,David Cook,daniel58@gmail.com,8932145582,Manager,47
1593,Debra Johnson,brian80@gmail.com,(010)784-2218x64326,Loan Officer,1
1594,Craig Davenport,justin70@morales-kelley.org,(261)607-4519,Teller,55
1595,Alexandra Daniels,williammunoz@yahoo.com,701.698.2330,Manager,12
1596,Dr. Samuel Gonzalez,margaretcooper@mcmahon.com,(223)642-3254x806,Manager,38
1597,James Chang,candrews@steele.com,+1-520-561-6828x261,Manager,85
1598,Jerry Williams,ginajackson@gmail.com,+1-754-154-5606x203,Loan Officer,81
1599,Robert Reed,darrell25@doyle.com,+1-289-175-7077,Teller,77
1600,Courtney Warner,ihill@yahoo.com,(033)180-2495x0656,Teller,62
1601,Joseph Brooks,martinezbrandon@guerra-hopkins.com,162-127-3989,Teller,26
1602,Stephanie Davis,patricia24@hotmail.com,683-238-2068,Teller,13
1603,Steven Fields Jr.,brendanmontgomery@johnson.com,(983)761-1876x4248,Loan Officer,4
1604,Jerry Aguilar,antonio71@yahoo.com,629.553.6410,Manager,27
1605,Kimberly Hicks,beckjennifer@yahoo.com,912.914.3286,CSR,22
1606,Kenneth Bates,ojimenez@todd-walker.com,898-195-0551x7445,Teller,82
1607,Tina Miller,turnertracy@lopez.com,(148)903-2170x5109,CSR,38
1608,Joseph Wood,charlene28@larson.com,001-023-365-8174x044,Loan Officer,11
1609,John Brennan,carolduffy@wilson.com,590.638.5466,Loan Officer,61
1610,Susan Dickerson,christopher88@hotmail.com,+1-169-506-7504x676,CSR,15
1611,Brent Nelson,ramirezisaac@bush.com,+1-195-330-9314x40921,Manager,40
1612,Anita Gentry,jeremiah10@nguyen.com,+1-469-628-7532,CSR,51
1613,Audrey Padilla,cvilla@hotmail.com,6076481738,Loan Officer,61
1614,Brandon Greene,umccall@hotmail.com,703.097.9407x4035,CSR,63
1615,Chad Hart,rachelmccoy@taylor-morse.org,001-262-166-7535x52788,Teller,85
1616,Crystal Moore,jeffreymartinez@moss.info,+1-765-488-7734x81429,Teller,34
1617,Kathleen Matthews,jamiemorales@lawrence.com,331-432-0278x123,Manager,12
1618,Lindsay Schmitt,courtney28@yahoo.com,2862388970,CSR,83
1619,Bonnie Mendoza,roachrebecca@russell.com,156-986-6108x74697,CSR,70
1620,William Martinez,brownjonathan@patterson.net,001-989-768-0146x441,CSR,50
1621,Dennis Keith,david98@hotmail.com,(520)095-4358,CSR,24
1622,Christopher Smith,ibarramatthew@nichols.com,(645)224-7092,Manager,48
1623,Susan Roberts,clairecrawford@yahoo.com,8357015380,Loan Officer,49
1624,Kevin Jimenez,chad23@barker.com,809-299-7389x9140,Manager,48
1625,Manuel Mendez,peter32@gmail.com,091-067-4546x31164,Loan Officer,24
1626,Wanda Snyder,zchambers@hotmail.com,+1-170-620-3567x490,Loan Officer,58
1627,Daryl Figueroa,lisa36@hotmail.com,974.635.8326,Loan Officer,6
1628,Elizabeth Combs,mary14@andrews.com,001-975-386-5917,CSR,34
1629,Mike Rodriguez,robertjackson@alvarez.net,001-066-721-4599x955,Manager,57
1630,Dillon Moore,emeyers@richardson.org,+1-996-323-4939,Loan Officer,60
1631,William Abbott,aperez@hotmail.com,+1-105-937-0231x6092,Teller,34
1632,Kathleen Rhodes,joshuapetersen@hotmail.com,(739)220-7952x9144,Loan Officer,29
1633,Nicholas Gray,whitejaime@rodgers.biz,310.930.6697,Manager,35
1634,Teresa Coleman,carriemorales@hotmail.com,(083)270-9984x30783,CSR,73
1635,Mark Hicks,ascott@gmail.com,864.333.8583x7746,Teller,8
1636,Mark Navarro,joshua03@jacobs-smith.com,5148052033,Loan Officer,20
1637,Sarah Martin,rperez@yahoo.com,001-055-764-0532x21973,CSR,97
1638,Jennifer Butler,yguerrero@roth.com,+1-115-843-6236x78699,Manager,90
1639,Tiffany Morse,summerssara@gmail.com,001-187-206-6404,Manager,86
1640,Sarah Peterson,mclaughlinmatthew@willis-woodard.com,+1-735-311-2047x054,Teller,13
1641,Gregory Mcclain,danielpearson@clark.com,001-373-737-3018x937,Teller,11
1642,Kathleen Smith,bwilliams@green.com,7627183065,Loan Officer,86
1643,Lauren Moore,jennifervazquez@brooks.com,(698)296-4203,CSR,45
1644,Mike Hansen,shunt@yahoo.com,001-314-867-8216x6570,CSR,70
1645,Mario Smith,jbaker@yahoo.com,001-590-038-5288,Manager,53
1646,Scott Garcia,tamarasmith@jacobson.com,527.417.5740,Manager,97
1647,Evan Lindsey,wendy02@hotmail.com,+1-900-316-0826x246,Loan Officer,76
1648,Colleen Hernandez,walter34@carrillo.com,(884)124-2114x5969,Loan Officer,30
1649,Jamie Mcclain,timothypace@fuller-sharp.com,395.184.8322x983,Manager,71
1650,Chelsea Conner,mark10@yahoo.com,436.102.0863x42546,Manager,8
1651,Justin Butler,jeffrey76@castaneda.com,984.794.0585x6022,CSR,50
1652,Rhonda Berry,smithjennifer@yahoo.com,(296)152-6573x58996,CSR,67
1653,Anna Ramirez,vmoore@murphy-hall.info,+1-492-113-2373x8325,CSR,54
1654,Dalton Williams,davidpaul@hotmail.com,(150)591-2526,Loan Officer,69
1655,Jessica Weiss,maureengarrison@gmail.com,156.722.2506x6868,CSR,88
1656,Christopher Brown,conniewhite@gmail.com,001-820-695-3176,Teller,61
1657,Christopher Bell,debbievalentine@patel.net,459.529.6915,Teller,74
1658,Anthony Moreno,michelle95@shelton.org,(263)119-9803,CSR,31
1659,Vickie Lewis,lauriesimmons@shepard-davis.net,2864408795,CSR,61
1660,Craig Chaney,taraparker@weeks.info,654.012.0197,Manager,39
1661,Sarah Williams,burnskrystal@delacruz-rowe.net,001-248-958-4478,Manager,11
1662,Ryan Reyes,jerrycollins@gmail.com,0978570793,Loan Officer,51
1663,Paul Peterson,brittany59@hotmail.com,(080)118-2133,Teller,92
1664,Kenneth Smith,lambertmark@gmail.com,(447)762-0200,Teller,5
1665,Brandon Washington,linda73@wiley-guzman.com,773.289.6378x341,Loan Officer,65
1666,Barbara Ross,teresa60@yahoo.com,6295714395,CSR,74
1667,Ashley Cox,davidlee@yahoo.com,+1-597-834-8890x47480,CSR,67
1668,John Schultz,barneskellie@yahoo.com,866.739.6643,Loan Officer,74
1669,Crystal Mendez,amandadavis@cruz.com,361-601-1549x85339,Teller,87
1670,Daniel Montgomery,michael06@gmail.com,001-710-733-6929x529,Teller,80
1671,Vicki Roberts,briannarios@roberts-farmer.biz,001-531-912-7614,CSR,19
1672,Craig Barr,shannon94@robinson.com,001-815-811-3138x18178,Manager,16
1673,Angela Moody,christopher07@yahoo.com,(118)307-1981,Loan Officer,97
1674,Benjamin Johnson,judy22@branch.net,(060)178-2920x8485,Loan Officer,58
1675,Katrina Guerra,ibennett@gill-williams.com,+1-991-559-9428x13111,CSR,23
1676,Thomas Wells,andrea29@hotmail.com,046.994.4657x27766,Loan Officer,22
1677,Elizabeth Martinez,cookereginald@fritz.info,122-201-6586x5687,Teller,28
1678,Robert Mason,jbenson@shaffer-phillips.biz,353.650.2510,CSR,25
1679,Kristy Glenn,joseph82@yahoo.com,123-624-6902x22953,Teller,17
1680,Crystal Wall,thall@hotmail.com,001-241-409-4048,Manager,6
1681,Daniel Ortega,qsantana@gomez.info,8168132909,Loan Officer,55
1682,Anna Kelly,sburnett@bell.com,+1-220-815-7852x2552,Loan Officer,11
1683,Kelly Pierce,brandonchung@gmail.com,134-983-1114,Teller,88
1684,Emily Williams,darren54@hotmail.com,049.293.4547x3126,CSR,56
1685,Tracy Dean,kcervantes@mccoy-perez.biz,001-506-184-6220x20019,CSR,26
1686,Patricia Huynh,adam06@yahoo.com,711.302.4642x74296,Loan Officer,81
1687,Ryan Golden,gwendolyncastillo@shannon-cortez.com,001-526-504-4562,Teller,19
1688,Rebecca Mccullough,gallegosjennifer@scott-jones.com,533.318.0843,Manager,77
1689,Angela Leonard,vestrada@hotmail.com,562-109-0097x6589,Teller,34
1690,Stephanie Calderon,cayers@gmail.com,652.794.4042x70159,CSR,41
1691,William Johnson,upatton@cook-cordova.biz,498.141.9647x482,Loan Officer,94
1692,Lori Phillips,jasonsimmons@gmail.com,085-677-8753x95463,Loan Officer,9
1693,Matthew Parsons,kayla37@yahoo.com,221-119-3881x292,Loan Officer,12
1694,Lauren Beard,jessicajohnson@hotmail.com,576-335-0820x07880,Manager,50
1695,Jennifer Wise,richardblevins@hotmail.com,+1-726-599-4703x944,Manager,72
1696,Nicole Wells,vancetodd@kennedy.com,001-319-717-8610x7594,CSR,51
1697,Michael Lopez,calderonchristopher@yahoo.com,+1-831-354-3591x735,Teller,71
1698,Andrew Pollard,christopher97@hotmail.com,+1-041-828-4591x925,Teller,42
1699,Denise Smith MD,smithdebbie@hotmail.com,+1-669-094-7691x7482,Teller,36
1700,Dustin Perkins,strongtony@yahoo.com,769-666-2018,Manager,67
1701,Paige York,cgarcia@mcfarland-house.info,(343)126-8725x53196,Loan Officer,59
1702,Nathan White,christinetorres@yahoo.com,001-834-116-1323,CSR,2
1703,Danielle Hodges,edwardsjames@gmail.com,001-553-380-1040,CSR,90
1704,Kevin Terry,heatherrice@garcia.com,(696)972-4810x61168,Manager,80
1705,Melissa Meadows,howard79@reilly.org,9601814497,Manager,76
1706,Alicia Carter,jimmyrobinson@gmail.com,001-798-549-4482,Loan Officer,67
1707,Melissa Peterson,mswanson@yahoo.com,(790)580-8479,Loan Officer,54
1708,Amanda Beck,grayricky@hotmail.com,+1-760-183-4245x130,Manager,15
1709,Alexander Spencer,johnhill@sanders.com,3150481411,CSR,54
1710,Caleb Nolan,katherinewolfe@gmail.com,963-813-6423x4912,Loan Officer,20
1711,Tanya Page,velezsherry@ford.com,(909)125-1046x92768,Loan Officer,19
1712,Bethany Holmes,xbrown@robinson.com,+1-984-637-3633x79691,CSR,73
1713,Jennifer Jenkins,jennifer01@gmail.com,+1-282-352-1633,Loan Officer,76
1714,Hector Silva,skent@hotmail.com,833-106-7570x884,CSR,75
1715,Erin Scott,tracysalazar@schultz.com,036-735-2657x302,Teller,98
1716,William Rivera,katiegalvan@hotmail.com,092-412-4094,Loan Officer,13
1717,Jody Williams,kelly06@yahoo.com,(010)708-7734x5606,Loan Officer,14
1718,Molly Terry,ybrown@gomez.com,+1-673-203-0651x581,Teller,73
1719,Matthew Moran,jeremyliu@gmail.com,(536)605-7881,CSR,100
1720,Rhonda Ray,mendozajeremy@gmail.com,622-614-6884x443,Loan Officer,13
1721,Derrick Clark,jmendez@bradford.com,+1-373-534-4406,Teller,37
1722,Carla Watts,cwu@hotmail.com,465.491.8825,CSR,69
1723,Tamara Lee,padilladavid@larson.biz,5235718281,Loan Officer,45
1724,Kimberly Campos,cmoore@hotmail.com,001-872-213-1092x5801,Manager,53
1725,Richard Bryant,edgar46@smith.com,(132)883-8195,Teller,34
1726,Jeffery Holloway,xholt@rodgers-mcbride.com,001-089-106-4429,CSR,50
1727,Manuel Foster,brandoncooper@barnes.net,284-806-7018,Manager,84
1728,David Hammond,virginianelson@price.com,001-041-948-1306,CSR,63
1729,Christy Williams,alex55@gmail.com,+1-824-844-1895x03731,Manager,74
1730,Erika Lee,marybradford@yahoo.com,469.744.2185x164,Manager,78
1731,James Walker,jrangel@huerta.biz,7467477594,Teller,61
1732,Dana Davis,bcooke@strickland-morse.com,(597)526-9903x559,Teller,5
1733,Daniel Hernandez,danieljames@gmail.com,(523)581-0102,Manager,23
1734,Justin Reid,virginia18@torres-green.com,209-368-5426,Teller,36
1735,Jonathan Castro,matthew04@hotmail.com,676-100-5875x60325,CSR,52
1736,James Jones,mdavis@hotmail.com,001-638-611-5204x8136,Loan Officer,19
1737,Nathan Paul,christian54@gmail.com,+1-504-456-5819,CSR,80
1738,Cindy Ferrell,mark40@hotmail.com,766.703.7741x25164,Manager,78
1739,Megan Jones,antonio81@brown.com,001-934-935-4502x94474,CSR,88
1740,Jennifer Nguyen,danielpollard@richards-kelly.com,826.268.5617,Manager,89
1741,Brian Goodman,andrea15@gmail.com,001-949-611-4510x6555,CSR,52
1742,Adam Arroyo,chankimberly@lopez-newman.com,001-986-838-8070x3156,CSR,5
1743,Nicole Melendez,carrieosborne@johnson.com,460-847-4805,Teller,51
1744,Jeremy Williams,toddshaw@johnson-petersen.com,691-140-9856,Manager,43
1745,Anna Peters,zjordan@calhoun-tyler.com,909.634.0039,Manager,89
1746,Mr. Bryce Schneider,marmstrong@sanchez.com,(609)503-0124x82271,Loan Officer,31
1747,Tyler King,john94@walters.com,523-579-2019,CSR,7
1748,Desiree Espinoza,moorecatherine@yahoo.com,+1-358-075-5804x9621,CSR,96
1749,Mr. Nicholas Mays,millsemily@hotmail.com,522.301.8560,Loan Officer,61
1750,Lisa Gonzalez,jeffreyknight@chapman.com,321.221.7474x89428,Manager,35
1751,Mark Wells,mannchristopher@sullivan.com,(886)653-2233x172,CSR,48
1752,Andrew Pena,tamaramcdonald@gmail.com,198.148.1488,Loan Officer,3
1753,Luis Jones,palmerjoseph@hotmail.com,(608)343-1597x69133,Loan Officer,44
1754,Jason Morales,brandon56@santiago-stewart.org,782.879.7892x26059,Loan Officer,39
1755,Lisa Wilkins,woodsjames@herman.com,623-865-8798,CSR,40
1756,Charles Bailey,kevinfrazier@sanchez.org,001-036-652-2173,Manager,36
1757,Robert Kramer,kentalan@jarvis-davis.com,717.384.1342x034,Manager,63
1758,Russell Hinton,amccarty@hotmail.com,115.843.5161x169,Loan Officer,90
1759,Mr. Edward Allen,tammypowell@hotmail.com,648.062.2228,Loan Officer,88
1760,Ryan Larson,castropatrick@gmail.com,876-005-2630x30225,Manager,13
1761,Jason May,misty10@nelson.info,753.478.0044,Loan Officer,30
1762,Angela Middleton,nwatts@gmail.com,603-845-6319,Loan Officer,18
1763,Bonnie Lloyd,stricklandrichard@gmail.com,750-049-3630,Manager,39
1764,Lisa Flores,salazarshelby@sawyer.com,284-624-0379x2955,CSR,96
1765,Bonnie Hood,wattsjanice@hotmail.com,+1-306-325-5510x7100,Loan Officer,57
1766,Joshua Woods,frederick93@gmail.com,001-492-792-9917x869,CSR,100
1767,Yvonne Mullins,mcox@moore.net,+1-015-451-0890x593,Loan Officer,42
1768,Katherine Collins,arnoldrichard@hunter.biz,0587870153,Loan Officer,35
1769,Susan Bennett,toddbush@hotmail.com,910-988-6267,Loan Officer,94
1770,Gerald Morgan,ksimmons@gmail.com,(091)737-6977x35659,Teller,54
1771,Steven George,wkim@hotmail.com,395.862.7052x612,CSR,78
1772,Steven Bailey,debra58@evans.com,+1-963-675-1939,CSR,83
1773,Kathryn Gardner,isnyder@martinez.com,880-615-4869,Loan Officer,12
1774,Rick Molina,danielmahoney@yahoo.com,001-566-847-8847x72009,Manager,25
1775,Anna Jackson,whiteheadjames@yahoo.com,+1-153-271-4827x077,Loan Officer,57
1776,Christopher Mcintyre,lsantos@hotmail.com,9841491415,Teller,28
1777,Lorraine Smith,ybrandt@yahoo.com,982.832.3199,Loan Officer,53
1778,John Smith,ramirezbenjamin@smith-hudson.com,315-374-2140,Teller,95
1779,Kristen Paul,rhonda23@frazier.org,182-992-8952x933,Loan Officer,63
1780,Nicholas Ball,wvega@hotmail.com,023-711-5332x7948,CSR,98
1781,Frank Ellison,higginsmark@jimenez.com,736.314.5133x7906,Loan Officer,67
1782,Laura Cox,xmontgomery@gmail.com,535-208-7859,CSR,48
1783,Tiffany Cole,moorejoshua@hotmail.com,804-486-3297,Manager,8
1784,Megan Jacobs,eduardo97@perez.net,(924)120-9306,Manager,66
1785,Randall Thornton,ashleylee@martin.com,001-053-323-2557x16918,Loan Officer,21
1786,Catherine Mitchell,ashleywilson@hotmail.com,+1-036-074-8017x49067,Loan Officer,9
1787,Patricia Ruiz,ajordan@yahoo.com,+1-839-409-7080x2059,Manager,40
1788,Samuel Rangel,harrisonmatthew@gmail.com,(748)169-7065,Teller,91
1789,Ann Moore,edwardsrichard@warren-watson.com,625.183.9805,Manager,65
1790,Mackenzie Bowen,ktaylor@wiggins.info,+1-438-091-6184x617,Manager,52
1791,Nathan Cox,butleralison@hotmail.com,263-232-8909,Teller,18
1792,George Dunn,whitetaylor@gmail.com,(980)390-7244x9427,Manager,100
1793,John Henderson,ygaines@vasquez.com,695.851.4519x500,Manager,68
1794,Tanya Blake,ffranklin@west-weber.org,(291)630-3796,Teller,73
1795,Natasha Meyers,josephmartin@hotmail.com,465.438.8885x785,Teller,4
1796,Nathan Archer,qpope@powell-stout.com,2392299531,CSR,23
1797,Donna Thompson,christina30@ritter.com,365-974-9283,Loan Officer,25
1798,Kristen Marquez,valenciathomas@hotmail.com,867-012-5966x986,CSR,26
1799,Mary Martinez,vincentmarquez@hotmail.com,(326)923-6589,Teller,8
1800,Tyler Stevens,michael18@yahoo.com,057-547-5794,Manager,32
1801,Anthony Hogan,curtis66@yahoo.com,001-940-457-4436x49355,Teller,5
1802,Martin Roberts,joannestanley@aguilar-pearson.net,549-460-8712x63720,Manager,59
1803,Justin Brock,dylan13@hotmail.com,(771)208-9484,CSR,7
1804,Amber Cole,william75@cook-brewer.com,0475519664,CSR,47
1805,Alexandria Haynes,bauerpenny@gilbert.biz,(612)081-7754,CSR,91
1806,Patrick Wolfe,ypierce@gmail.com,(145)142-4968,Manager,26
1807,Troy Williams,amanda14@bell-sanford.biz,3512820590,Loan Officer,36
1808,Diane Jones,james99@hotmail.com,330-570-8669x8881,Loan Officer,48
1809,Kimberly Garcia,adamstone@gmail.com,001-470-054-5081x382,Loan Officer,60
1810,Kayla Evans,kendrarussell@hotmail.com,+1-216-767-9840,Teller,65
1811,Kristin Walker,codybranch@yahoo.com,001-952-865-6374x82365,Teller,51
1812,Alicia Wilson,gouldjennifer@gmail.com,197-627-5421,Manager,82
1813,Robert Beard,qramirez@yahoo.com,(124)165-1512x42749,Teller,16
1814,Lawrence Mcdowell,ydunn@yahoo.com,507-178-3985x35647,Manager,88
1815,Sara Gregory,diazsarah@hernandez-russo.com,001-034-591-0869,CSR,4
1816,Carol Landry,savannahconley@hotmail.com,(225)804-2939x80852,Manager,31
1817,Kenneth Moore,lindseychristopher@huang.com,078-157-5873,Teller,48
1818,Mark Harper,evan84@hotmail.com,031-084-8550x9073,CSR,63
1819,Edward Jones,juarezkenneth@yahoo.com,+1-696-770-8123,CSR,77
1820,Todd Lawrence,payneeric@hotmail.com,(552)818-3757x06107,Manager,58
1821,Chad Peters,moorejames@taylor.com,292-462-7489x178,Loan Officer,23
1822,Steven Porter,mduke@bradford-gonzales.org,1859273499,Teller,61
1823,Kelsey Logan,thompsonzachary@daniels.com,(843)719-2444x704,Teller,76
1824,Joseph Gonzalez,natasha03@hotmail.com,640.613.4862x529,Loan Officer,71
1825,Edward Wilson,williamsmarie@torres.com,979-648-5500x9515,Teller,45
1826,Charles Irwin,sharrington@hotmail.com,065-850-7854,Loan Officer,45
1827,Vanessa Howell,johnsonedward@jones.com,+1-478-534-1723,Loan Officer,21
1828,Troy Ramirez,johnsonraven@yahoo.com,586.951.6567,CSR,34
1829,Joshua Martin,crystalmooney@harrison-wu.com,109-676-0722x2515,CSR,96
1830,Jonathan Gross,sheliacosta@murphy-gomez.com,303-468-5657x150,Manager,89
1831,Brian Cox,emilygriffith@rodriguez.com,(445)187-0243,CSR,12
1832,Nathan Lambert,tracystevens@gonzalez.info,(855)294-1385x09293,Loan Officer,37
1833,Paula Herrera,johnsonjason@logan.net,007-862-4000x463,Manager,4
1834,Connie Nelson,adamnelson@walter-yu.com,6325803158,Teller,50
1835,Lynn Solis,mark63@pham.com,001-617-333-6777x302,Loan Officer,7
1836,Jorge Keith,csullivan@baxter.com,(549)684-7689x9491,Manager,21
1837,Kim Armstrong,stephanie28@hotmail.com,+1-235-796-4678,CSR,74
1838,Paula Richards,reevesariana@schneider.com,521.276.4843,Loan Officer,100
1839,Michael Carrillo,wevans@gonzales-gonzales.net,(937)670-5395x9340,Manager,28
1840,Craig Andrews,gmoyer@hotmail.com,(517)131-5370x80001,Teller,29
1841,Alyssa Kelly,eperez@gray-walton.com,(266)846-0423x3319,Loan Officer,83
1842,Zachary Jackson,rachel75@gmail.com,551.090.5840,Loan Officer,29
1843,Alec Patterson,richardmontoya@hotmail.com,001-385-035-1190x6435,Manager,87
1844,Candice Santos,brooksaaron@hotmail.com,443-418-4007x5245,Manager,27
1845,Deborah Gray,fergusontimothy@gmail.com,(737)640-6169x68513,CSR,35
1846,Jordan Hicks,debbie02@hotmail.com,871-987-2846x2305,CSR,84
1847,Danielle Barnett,allenblackburn@hotmail.com,111.958.5736x52870,Loan Officer,53
1848,Beth Baker,judith62@conley-rice.com,(867)040-7046x48519,Teller,66
1849,James Crawford,drobles@gmail.com,+1-375-448-4551,CSR,3
1850,Jeremy Mejia,rwalls@hotmail.com,535.042.2115x4494,Teller,100
1851,Scott Clark,kathymatthews@hotmail.com,413-454-7710x934,Manager,99
1852,Ryan Yoder,robert98@hotmail.com,(778)106-6391x040,Manager,88
1853,Nicole Hamilton,carrkatherine@hotmail.com,208.471.6037,CSR,2
1854,Zachary Henson,patrickchristensen@hotmail.com,5389697383,Loan Officer,61
1855,Dr. Erin Collins,eugenesweeney@monroe-cruz.com,807.211.7507,Manager,17
1856,Heather Hendrix,linda85@gmail.com,4191267512,Teller,83
1857,Laura Parker,harrisryan@yahoo.com,(356)890-5671,Loan Officer,23
1858,Daniel Johnson,ostark@gutierrez-johnson.com,001-831-132-6167x884,CSR,77
1859,Vanessa Baker,jillanderson@villarreal.net,(064)740-7459x256,Manager,2
1860,Samuel Lopez,reynoldssarah@moore.biz,897.366.3270,CSR,29
1861,Tina Davis,hbauer@meyer.com,+1-061-271-8193x5696,Loan Officer,33
1862,Christina Leonard,bsilva@mendez.com,001-845-621-9817,Loan Officer,78
1863,Ronald Davis,martinalexander@yahoo.com,371-903-8112x6298,Loan Officer,40
1864,Kelly Williams,jeremy62@yahoo.com,682-287-6168,Teller,92
1865,Daniel Castro,paynejacqueline@herman-simmons.com,001-015-772-5632x63019,Loan Officer,91
1866,Samantha Hartman,hreeves@yahoo.com,312-926-2418,Loan Officer,83
1867,Juan Riddle,timothytorres@peterson.com,+1-161-511-0541x7294,Manager,36
1868,Randall Vaughan,kmoreno@gmail.com,857-632-6395x16718,Teller,55
1869,Albert Spencer,gabrielletucker@owens.com,(439)402-2182,Teller,49
1870,Mark Cooper,brittanytorres@yahoo.com,762.734.3563,CSR,45
1871,Erika Miller,xhenderson@yahoo.com,204-018-3316,Loan Officer,59
1872,Kimberly Brewer DVM,gsilva@reyes.org,198-968-5088,Manager,33
1873,Kyle Owens,ariley@martinez.com,007.703.0043x26490,CSR,28
1874,Deborah Henderson,vincentdunn@gmail.com,179-296-8189x3885,Loan Officer,60
1875,Kimberly Mills,gloverjohn@yahoo.com,633-667-4764x0341,Teller,39
1876,Alicia Smith,rileyelizabeth@ball.com,208.918.9173x7830,Loan Officer,87
1877,Douglas Harrington,walkerjohn@gmail.com,(338)578-6337x23788,Loan Officer,67
1878,Kathleen Roman,kimmatthew@gmail.com,2072341397,Manager,80
1879,Cassandra Miller,millerjennifer@yahoo.com,001-232-593-8111x2370,Manager,51
1880,Ryan Hernandez,mark52@kim.org,(734)156-3164x8353,Manager,75
1881,Emily Bradley,leemark@scott-morton.com,175-768-7077x850,CSR,14
1882,Juan Adams,kirkhorton@hotmail.com,465-569-3768,Manager,1
1883,Jason Mitchell,bennettmelissa@miller.net,2113929266,CSR,66
1884,Emily Kelly,stephanieharrington@hotmail.com,001-934-674-2467x421,Loan Officer,85
1885,Joshua Johnson,wernerdaniel@wood-miller.org,774.410.8618x9525,CSR,48
1886,Susan Hale,dsampson@morales.com,051.688.0283x121,CSR,72
1887,Mrs. Kimberly Ramirez,edward40@hotmail.com,774.032.9696x645,Manager,83
1888,Jerry Hill,gadams@gmail.com,7372044886,Manager,77
1889,Mark Perkins,katherine79@duran.com,(330)488-3730x860,Teller,78
1890,Timothy Stone,hugheskatherine@johnson.com,227-062-2533,CSR,37
1891,Bianca Gill,xmyers@gmail.com,(938)842-9310,Loan Officer,39
1892,Sean Garcia,sarahrichard@gmail.com,001-471-196-5785x8207,Teller,88
1893,Eric Russell,smithmatthew@brown-meza.com,117-824-9507,Teller,14
1894,Debra Woods,broberts@yahoo.com,0046134089,Teller,62
1895,John Mitchell,pughshannon@chen.com,3831068571,Manager,9
1896,Whitney Dickerson,isaac72@yahoo.com,916.287.8481x235,Manager,44
1897,Brian Ward,wellsnicole@yahoo.com,+1-620-296-3026,Manager,36
1898,Carl Jacobs,stevengriffith@gmail.com,(978)111-5306x0011,Loan Officer,82
1899,Sherri Wagner,meyersryan@stevenson.com,001-789-408-3205x26434,CSR,42
1900,Jill Robinson,calhounronnie@benjamin-thompson.info,390.251.5692,Teller,36
1901,Justin Bryant,torrespatrick@garcia.net,(832)919-6719x55799,Manager,34
1902,Stephen Jenkins,dylanrosales@stanton.org,001-971-963-1819x6961,CSR,84
1903,Marvin Collins,charles54@martinez-foster.org,229-698-8367x8461,Teller,92
1904,Elizabeth Nielsen,tracycobb@sparks.biz,093.602.7441,CSR,84
1905,Jennifer Roach,kayla05@yahoo.com,(754)909-7895,Teller,39
1906,Gloria Hodges,nicholas87@yahoo.com,3815707921,CSR,25
1907,Misty Harris,gainesanthony@gmail.com,1682695206,Manager,20
1908,Samantha Watson,xstein@smith.com,001-620-060-7835x1259,CSR,67
1909,Regina Reese,mendozalance@clarke-banks.com,+1-692-071-4890x7934,CSR,98
1910,Jennifer Taylor,morgan41@moore.com,1962912872,Teller,31
1911,Ian Bowers,grahamdebra@patterson-harrison.com,001-967-334-1925x545,CSR,8
1912,Robert Larson,jennifer79@patterson.com,(362)287-1390,Loan Officer,77
1913,Caitlyn Rojas,erin67@oliver.com,(389)013-6788x1455,Teller,52
1914,Jeremy Clark,millerchristina@holland.org,695.716.7650x875,CSR,85
1915,Megan Lee,wcardenas@jacobs.com,+1-605-273-2612x4062,Loan Officer,41
1916,Nicholas Hill,dennis77@yahoo.com,(368)450-6570x59881,Teller,88
1917,Robert Baird,huberjonathan@wiley-hunt.com,227.419.4143,Manager,18
1918,Rebecca Nichols,lthomas@douglas.com,001-227-765-1132x5302,Teller,93
1919,James Galloway,tdelgado@medina.com,623-336-0259x980,Teller,4
1920,Daniel Osborne,stevensims@yahoo.com,491.308.5150,CSR,84
1921,Audrey Farrell,solissierra@gmail.com,001-181-977-7046x07584,Loan Officer,64
1922,Michelle Johnson,herrerajoseph@dorsey.biz,256.889.5283,Teller,38
1923,Robert Cruz,teresa06@hotmail.com,+1-867-418-3568,Teller,34
1924,Danny Jensen,fergusoncharles@lopez.biz,(996)735-6890,Teller,54
1925,Thomas Meyer,vsmith@gmail.com,(762)552-7402,CSR,52
1926,Joshua Singh,dana67@wheeler.com,461.819.6786x510,Teller,50
1927,Adam Hernandez,martinwesley@ritter.com,947.885.7998x9398,Loan Officer,95
1928,William Solis,margaret79@edwards.com,638-317-6999x33496,CSR,5
1929,Antonio Rodriguez,christopher85@yahoo.com,(586)184-5077,Manager,75
1930,Pamela Aguilar,hughesjennifer@anderson.net,+1-651-824-9145x51832,Manager,91
1931,Monica Williams,qreyes@bailey-lozano.com,736.846.5601,CSR,74
1932,David Curtis,stephen48@gmail.com,+1-473-632-9043x90015,Loan Officer,25
1933,Maria Bird,valerie35@ho-walsh.org,784-499-5890,CSR,44
1934,Penny Stein,sandragreen@fernandez.com,001-481-795-3170x2149,CSR,93
1935,Jacob Juarez,fkeller@hotmail.com,462-271-6516,CSR,92
1936,Lisa Goodman,jacquelinejones@myers.biz,802.359.2835,CSR,29
1937,Anne Miranda,hfox@yahoo.com,675-267-9191x4681,Teller,88
1938,Phillip Lopez,russellnicholas@turner.net,822.971.2943x2856,Manager,69
1939,Mike Harris,ryangregory@klein.com,(577)634-0099x262,Loan Officer,82
1940,Valerie Santiago,anthony74@garcia-campbell.com,992-755-8875x0010,Teller,61
1941,Peter Morrow,vargasmelissa@kelley.org,001-862-323-4270,Manager,86
1942,Ricardo Baker,sergiomiller@gmail.com,415-801-7480,CSR,46
1943,Tammy Freeman,nford@hotmail.com,234.139.8355x2195,Manager,65
1944,Brian Miller,williamwood@gmail.com,(359)628-1102,Manager,39
1945,Katelyn Roman,nicole62@yahoo.com,956.945.8382x0376,Teller,22
1946,Michele Kidd,natasha46@hotmail.com,445.712.8854,Teller,85
1947,Cynthia Johnson,smithdiane@hotmail.com,892.817.5490x7767,Loan Officer,72
1948,William Thompson,bethwilliams@davis-gibson.org,578.508.6313x975,CSR,24
1949,Susan Curry,daviscory@hansen.com,544.071.9136x9490,CSR,38
1950,Erica Byrd,shari67@frost-richardson.info,(084)504-1927x102,CSR,13
1951,Lori Jenkins,megan23@hotmail.com,+1-296-732-6369,Manager,61
1952,Edward Koch,thompsoneric@gmail.com,065-603-5766x664,Manager,17
1953,Clayton Becker,olivia72@gmail.com,699-926-9617,CSR,95
1954,Jordan Jenkins,xmiller@irwin-torres.org,359.271.1456x2741,Loan Officer,34
1955,Zachary Mercado,rfisher@gordon.info,580.923.5040x7137,Manager,93
1956,Bobby Cobb,frederickrogers@yahoo.com,(216)874-5102,Loan Officer,72
1957,Sherri Anderson,reidpaul@yahoo.com,795-179-3670,Manager,98
1958,James Bernard,floresallison@yahoo.com,(901)031-8557,Teller,24
1959,Joseph Avila,wharvey@allen-morse.com,464-762-0226x84287,Teller,88
1960,Jeffrey Morris,tjohnston@hotmail.com,(333)394-0791x49209,CSR,43
1961,Dakota Howard,cheryl71@eaton.com,394-922-1207,Teller,84
1962,Jessica Miller,kjohnson@yahoo.com,1245092332,Manager,12
1963,Julian Ramos,smithkerry@ford.com,4883966248,Manager,29
1964,Michael Clark,david09@guerra.com,533.836.2351x338,Teller,46
1965,William Kelley,kevin12@mckee.com,(061)630-6472,Teller,29
1966,Shawn Mitchell,brian82@gmail.com,953-214-6671x5152,Teller,96
1967,Michael Johnson,josecabrera@hotmail.com,(510)675-0945,CSR,40
1968,Richard Harrison,orozcobrittney@gmail.com,490.587.1388x9373,Teller,54
1969,Robert Perez,tracey91@hotmail.com,998.294.2517,Manager,43
1970,Christina Henderson,brianwallace@hotmail.com,404-516-7838x6847,Teller,48
1971,Benjamin Reid,charles24@nolan.info,+1-973-951-7295,CSR,34
1972,William Bryant,kaylathompson@hotmail.com,001-633-970-6655x4265,CSR,75
1973,Morgan Bowers,colemanshari@allen-smith.com,518.047.1031,Manager,38
1974,Jake Owens,kingalice@chavez-arnold.com,(689)116-6738,Manager,60
1975,Joseph Marshall,morrisonbonnie@williams-taylor.com,2449562080,Teller,16
1976,Andres Cantrell,john57@hotmail.com,5750024156,Manager,61
1977,Jason Long,sandra45@young-davis.com,(878)133-0397x5179,Loan Officer,7
1978,Kimberly Chen,jason28@larson-rojas.com,001-846-350-0423x877,Manager,82
1979,Nancy Hartman,michealdiaz@yahoo.com,001-499-990-9308,Loan Officer,75
1980,Derrick Scott,christine42@yahoo.com,8951135362,Loan Officer,75
1981,Micheal Meyer,rsmith@gmail.com,(982)840-3268x4186,Manager,80
1982,Andre Jones,morrisnichole@smith-padilla.com,(877)309-1796x49960,Loan Officer,10
1983,Edward Cook,mmccann@gmail.com,(706)846-0501x519,Manager,61
1984,Elizabeth Davis,brittanyhernandez@kelly.com,+1-215-795-9386x975,Manager,25
1985,Michael Carpenter,schultzmelissa@yahoo.com,590.530.5870,CSR,65
1986,Christine Ramirez,portermichael@lopez-williams.com,648-864-4186x529,Loan Officer,16
1987,Lisa Thornton,ewright@castillo.com,062.748.7772x560,Loan Officer,88
1988,Brianna Young,nfoster@wall.net,001-722-602-8806x9856,Teller,49
1989,Jennifer Daugherty,rebecca90@garrett-bauer.com,(621)503-4677x0058,Manager,68
1990,Kylie Young,hbell@garcia.biz,354-500-4108x4717,CSR,39
1991,Erica Baker,kristinarivera@gomez-perez.com,+1-853-102-8087x70810,CSR,53
1992,Ian Fields,whitesarah@yahoo.com,951.007.9034x463,Teller,7
1993,Deanna Ferguson,finleyamber@yahoo.com,(977)475-1072x8792,Loan Officer,20
1994,Jared Thompson,huntjoshua@yahoo.com,852-856-5494x66190,CSR,18
1995,Mr. Theodore Lucas,kmorales@brown.biz,498.604.5591,Loan Officer,26
1996,Frederick White,andrewsjacqueline@wolfe-knight.info,+1-673-121-1902,CSR,44
1997,Michael Garcia,jesusburke@yahoo.com,+1-498-704-8095,CSR,53
1998,Cynthia Black,agriffin@parker.com,4593509386,Manager,73
1999,Eric Diaz,stephaniemcbride@gmail.com,(423)152-8056x19420,Loan Officer,59
2000,Kevin Smith,olivermark@gmail.com,(196)482-5622x87261,CSR,19
