loan_id,customer_id,account_id,loan_type_id,amount,start_date,term_months,interest_rate,issued_by_employee_id
1,10407,39592,1,91178.25,2021-12-03,48,7.22,1127
2,13303,30679,2,20185.13,2021-08-20,48,8.02,1460
3,19865,23341,2,37200.47,2022-06-30,24,3.29,861
4,10415,28407,4,30317.28,2023-09-28,12,8.14,1295
5,10518,36067,3,77726.06,2021-04-10,48,6.13,1131
6,14496,9575,3,99958.71,2023-05-29,60,5.12,1096
7,6195,24649,4,37355.31,2023-01-17,36,3.86,1725
8,7590,4824,2,94478.37,2023-10-09,36,5.64,1045
9,3910,11110,4,99627.85,2022-01-23,48,7.03,1639
10,7022,2955,4,90991.38,2024-06-28,24,7.02,122
11,19262,16887,1,32018.3,2022-08-18,24,5.35,467
12,272,8547,4,64165.02,2021-01-28,60,3.29,1239
13,5292,35050,3,12988.37,2023-09-11,24,4.89,331
14,13561,24323,4,66614.43,2022-03-22,24,6.58,1483
15,3698,26121,3,32370.22,2023-12-10,24,3.81,88
16,19120,3211,1,27008.2,2021-04-07,24,9.77,1397
17,6889,4382,2,3016.86,2021-09-18,12,9.17,1124
18,17381,5907,1,97607.82,2024-05-20,12,3.5,872
19,10198,21392,4,59467.88,2024-01-28,36,8.11,1688
20,13186,17100,2,18457.75,2023-08-27,60,6.92,131
21,17685,16567,3,39144.82,2021-05-06,36,4.92,1686
22,8934,32404,2,87296.95,2024-01-06,36,8.32,1333
23,13339,38419,2,10169.21,2024-04-06,36,9.67,770
24,5938,15142,1,91259.84,2022-08-23,48,7.88,344
25,4182,17733,3,9217.01,2022-04-19,24,9.1,1516
26,4880,24377,4,11393.66,2021-11-03,24,7.05,1438
27,14242,36507,2,87172.87,2022-10-24,60,7.26,806
28,8250,30103,4,94759.56,2022-11-19,36,9.24,386
29,12711,12922,4,12025.53,2020-07-16,24,6.86,1216
30,4648,23948,2,88957.43,2023-05-25,24,8.98,956
31,4473,16825,1,25822.75,2024-04-06,48,6.48,277
32,17701,7706,2,46580.62,2023-10-15,24,9.9,1185
33,3571,24087,2,46409.44,2022-03-19,48,3.27,460
34,18910,19973,2,68546.48,2021-11-03,60,4.34,1338
35,4073,6751,4,14406.51,2023-11-04,24,6.61,22
36,10876,22142,4,80038.77,2021-12-17,60,7.33,253
37,10596,12575,3,83793.82,2021-01-25,24,6.55,748
38,3209,18736,1,62482.28,2021-12-11,60,3.42,857
39,18441,158,1,95227.56,2023-02-13,60,7.39,1585
40,11725,20230,3,42832.82,2023-10-19,48,8.06,475
41,9477,9088,4,38095.29,2021-12-22,24,3.49,1083
42,18593,1790,3,34343.66,2023-08-11,24,9.28,511
43,13569,17769,3,77908.58,2024-04-13,36,7.39,1706
44,400,23228,3,96249.86,2023-11-15,60,4.81,1500
45,10506,32135,2,50270.26,2022-09-15,24,4.69,700
46,14609,17713,2,59137.9,2022-07-23,24,5.87,976
47,9298,16088,2,76796.45,2022-03-20,48,9.21,1807
48,17462,17417,1,49785.71,2021-01-06,24,9.87,190
49,4202,29433,3,72779.96,2022-03-31,24,7.31,958
50,11448,8638,3,31202.93,2023-10-21,24,8.78,687
51,11467,35006,3,7136.45,2022-05-12,60,8.62,958
52,19561,12720,2,69189.37,2020-09-16,60,3.31,563
53,6206,16517,2,60509.48,2022-10-16,48,4.52,1900
54,8366,29266,2,17326.2,2023-08-30,24,8.1,1591
55,1031,15282,3,30622.27,2022-06-21,12,8.2,1268
56,15640,38449,2,34578.16,2022-01-07,48,4.26,832
57,1173,28449,2,92386.55,2022-04-06,48,9.46,1529
58,6149,39051,1,58888.5,2022-03-31,60,4.13,1155
59,6946,9631,4,23394.38,2022-01-08,24,5.06,1509
60,407,38069,2,5338.37,2024-06-21,48,3.12,1843
61,9999,19922,2,99183.13,2020-10-12,60,6.88,647
62,19834,33058,3,91704.49,2020-09-18,24,8.43,21
63,2959,37851,1,83634.88,2021-06-10,12,7.52,841
64,6624,34652,2,29428.59,2021-02-18,12,8.54,167
65,7495,14207,4,17582.5,2024-06-25,48,4.6,1298
66,10361,32990,4,79187.37,2022-03-07,12,8.32,388
67,13102,31398,4,80510.93,2021-05-17,36,4.79,601
68,11939,17443,2,24111.96,2021-01-24,60,6.37,316
69,9129,13358,4,4823.17,2021-07-18,36,5.37,14
70,6823,14320,4,98199.09,2024-06-19,24,5.91,242
71,4111,21125,4,98084.78,2020-12-17,24,8.61,777
72,13022,22771,3,19689.11,2023-02-24,24,6.14,1370
73,4301,1307,4,97167.83,2021-05-09,24,5.3,565
74,14142,19537,4,3375.05,2021-11-27,48,9.15,898
75,59,25734,4,91165.5,2023-06-21,12,7.07,1364
76,14578,19571,4,56992.06,2023-04-28,48,5.29,92
77,18953,7002,4,23716.43,2024-07-01,48,7.24,1391
78,5299,2833,2,2418.43,2024-01-05,24,8.83,956
79,19596,23216,2,48036.85,2020-09-11,36,5.47,1479
80,7205,24578,1,70029.66,2023-04-11,36,5.26,1452
81,4371,12204,3,41007.14,2021-03-18,24,7.07,509
82,16828,7951,1,79195.51,2023-02-23,12,6.73,776
83,5266,4736,4,5902.54,2021-02-09,36,3.83,1967
84,8710,28275,4,15717.41,2023-02-25,24,7.73,35
85,13719,15063,1,18436.22,2023-02-16,48,3.01,206
86,10482,22619,4,54128.11,2021-11-12,24,4.18,1105
87,6268,7049,2,10666.25,2023-11-05,36,5.92,1956
88,10750,5923,2,8515.2,2022-09-22,48,8.39,1586
89,4049,30666,1,59592.4,2020-10-26,48,3.23,1896
90,9094,19076,2,95624.17,2023-01-07,36,9.43,1412
91,8289,31298,1,84439.08,2023-04-14,12,9.06,1026
92,15974,5899,2,57296.51,2022-02-26,36,5.9,1022
93,13281,29463,2,7275.86,2022-03-25,48,6.56,1414
94,14355,33013,2,39593.29,2021-12-06,36,6.23,566
95,1431,23871,1,43542.59,2022-04-03,12,5.31,1130
96,12216,26715,4,78906.43,2022-03-18,12,7.81,1796
97,16336,13378,3,16584.85,2022-01-26,48,5.35,1846
98,6874,7929,1,68776.67,2022-06-27,60,7.78,1501
99,5880,38473,2,85606.16,2023-10-26,12,4.53,703
100,823,3821,3,22400.41,2022-02-13,12,8.94,402
101,11530,18458,3,5842.16,2024-02-25,36,5.22,730
102,9792,15306,2,4544.46,2022-03-09,12,4.66,1580
103,1535,1374,1,98528.0,2022-02-01,60,4.26,162
104,16368,38621,1,55882.09,2021-07-05,36,9.46,202
105,11452,32388,4,44885.12,2023-03-03,36,6.06,1982
106,14173,2607,1,15753.02,2023-11-12,12,4.43,996
107,7703,14278,2,24555.78,2024-03-07,60,5.73,270
108,479,32464,3,42913.42,2024-04-02,12,8.2,1887
109,17584,29178,1,6474.95,2022-06-07,24,5.75,816
110,12306,17639,3,44338.68,2020-11-24,12,6.17,1295
111,17231,21914,4,10031.31,2023-09-15,36,4.45,456
112,13316,26798,2,80798.0,2020-11-06,36,3.59,1486
113,9562,10187,1,91213.45,2022-10-02,60,9.67,1751
114,6903,21838,1,1772.16,2020-10-01,48,5.03,1276
115,14651,8693,4,1994.03,2022-05-18,36,4.16,1017
116,7293,1638,2,6274.68,2020-07-21,24,7.82,1726
117,8058,3194,1,18079.14,2023-05-18,36,5.5,296
118,10246,10924,1,85453.15,2021-10-09,36,7.12,1749
119,12471,11623,2,18593.45,2021-01-24,48,3.35,720
120,8670,4638,3,14196.57,2022-08-15,36,8.6,1773
121,12275,21139,2,11878.94,2021-12-09,24,6.0,338
122,10988,32330,2,83804.59,2023-07-16,24,8.45,879
123,5331,24728,2,13148.03,2021-06-02,24,9.53,1077
124,1262,21228,3,10389.97,2020-12-10,12,4.97,792
125,2610,26353,4,61479.19,2021-04-01,36,6.39,1946
126,6454,16958,2,96413.16,2021-05-06,60,5.26,217
127,16078,2038,1,35845.64,2021-01-26,36,7.72,764
128,3185,26488,4,82943.95,2022-01-23,12,3.65,188
129,15737,28335,4,84525.93,2021-05-02,60,9.0,380
130,9741,5759,1,33834.79,2022-04-16,36,8.57,493
131,14287,6748,1,85427.46,2020-07-16,12,5.23,1065
132,13421,32174,2,21892.39,2022-03-21,48,4.61,1181
133,16183,18213,2,20203.84,2021-12-26,36,5.72,15
134,38,20183,4,8988.83,2023-10-20,60,3.57,1837
135,17131,20596,1,98074.77,2022-11-08,12,9.33,65
136,9358,511,1,74881.64,2023-03-23,48,9.74,1881
137,1648,24859,1,73038.26,2021-09-12,12,5.47,1863
138,7141,7142,1,76616.03,2022-03-09,48,6.75,521
139,19830,14771,4,6705.96,2022-01-19,60,8.54,1368
140,802,31939,2,60424.31,2022-05-22,60,7.03,1153
141,5333,32152,1,89379.87,2022-01-08,48,8.23,648
142,268,30596,4,67278.94,2020-08-22,12,3.71,1496
143,9630,29166,4,25866.22,2023-08-12,24,5.64,1087
144,12553,33163,2,91905.6,2024-01-10,60,7.18,1163
145,13825,8297,1,68199.04,2022-11-21,60,7.8,1523
146,18075,20999,2,97418.21,2022-09-26,12,8.89,593
147,1942,25857,4,59710.8,2020-11-22,36,9.91,392
148,2640,17868,1,82215.36,2020-09-01,60,5.39,1699
149,163,25032,2,36220.49,2022-03-06,48,5.81,419
150,12544,5679,1,3413.56,2021-01-18,24,9.32,289
151,9077,3784,3,47823.02,2020-12-15,12,3.8,379
152,18090,11405,2,34610.01,2021-05-31,36,5.53,1797
153,19746,26743,2,17804.47,2022-06-16,60,4.49,1514
154,7207,12610,4,84374.49,2023-03-31,24,8.71,231
155,4490,16996,3,54441.43,2021-01-22,24,4.36,1018
156,14617,19028,4,16332.96,2022-05-26,60,7.96,41
157,13403,39621,3,93117.2,2022-06-01,48,5.72,1052
158,8060,25806,2,98970.13,2021-12-21,12,7.07,135
159,16903,12799,3,24797.97,2021-06-08,48,3.07,201
160,3901,14203,1,52560.63,2022-08-12,36,6.93,1864
161,708,34383,2,3781.81,2022-05-08,60,5.02,780
162,211,29532,1,89844.24,2021-10-08,36,8.18,930
163,14293,21704,1,33164.51,2022-11-29,12,3.78,1057
164,3900,18517,1,17615.71,2021-10-25,36,7.28,1072
165,15252,19820,1,94724.65,2023-05-28,12,5.73,503
166,9006,6463,1,57438.52,2023-08-23,36,4.61,407
167,16861,39461,1,44045.81,2023-10-11,24,6.01,1598
168,4125,38543,4,38538.1,2021-09-15,12,9.17,1752
169,12549,21939,4,48782.78,2021-12-07,24,7.5,805
170,7696,24937,2,85529.01,2023-11-12,48,8.14,99
171,14462,23885,4,96390.29,2024-01-18,12,7.95,684
172,16786,13356,1,56922.0,2021-01-30,36,3.15,1896
173,12901,1974,3,42243.99,2022-08-01,36,7.62,726
174,10681,34250,4,22847.56,2024-01-10,48,7.73,1571
175,1286,11273,2,28233.57,2022-12-15,12,8.03,961
176,16523,18377,4,88818.03,2023-07-12,48,6.14,1763
177,1536,35082,1,88007.51,2020-09-10,24,4.89,613
178,8474,15188,1,45627.98,2022-11-05,36,4.87,1967
179,101,36976,1,66142.08,2023-08-04,60,3.61,1486
180,16614,14653,1,20067.55,2024-04-15,48,4.11,643
181,704,23587,4,62730.56,2020-12-15,12,6.45,1793
182,4732,19144,2,34578.72,2022-12-11,60,9.89,1029
183,4209,6037,3,45647.54,2020-08-18,12,5.48,1242
184,14393,9430,1,25680.61,2024-03-31,24,3.87,503
185,16864,34288,4,36063.65,2022-06-11,60,9.32,767
186,2976,5138,4,52647.28,2023-06-03,48,8.96,398
187,12944,35134,4,91971.24,2022-11-22,24,7.21,871
188,5096,25805,2,88173.37,2021-06-22,12,8.34,795
189,18142,26305,4,98207.62,2024-01-23,48,6.94,393
190,7065,30111,2,13148.8,2021-05-29,60,7.68,207
191,2905,18692,1,4785.54,2021-06-21,60,5.71,1039
192,11970,31061,1,97901.93,2023-11-17,36,9.99,1882
193,3087,10469,2,71588.39,2022-02-04,60,4.58,1578
194,16163,10261,2,8954.71,2022-01-19,24,9.77,892
195,16828,19176,2,54822.9,2022-07-25,12,4.36,1485
196,4144,27604,4,35146.23,2020-10-28,48,3.07,1715
197,16519,6725,2,37243.95,2023-11-28,12,8.03,1599
198,407,20778,4,26371.64,2022-08-04,60,5.92,864
199,2856,19480,2,44564.17,2022-11-20,24,5.49,743
200,8943,20861,3,3206.28,2021-05-21,60,5.15,1265
201,13445,36345,3,70410.58,2023-02-26,60,3.38,564
202,952,37715,2,93509.92,2021-08-10,48,8.24,1021
203,1921,38603,3,94715.02,2023-02-05,60,6.92,96
204,13789,36076,1,72694.21,2020-11-17,12,4.78,1924
205,19571,4387,1,11703.7,2022-02-13,60,4.76,1758
206,736,18388,2,62489.43,2024-04-10,60,8.4,485
207,14594,16944,3,90490.07,2020-07-18,48,7.89,1431
208,4033,34283,3,9707.23,2023-11-19,48,9.46,231
209,7805,29302,1,90567.38,2024-01-03,48,3.73,749
210,10853,21491,1,52110.44,2023-02-19,48,7.97,1679
211,14661,24198,1,30385.02,2020-12-06,36,3.25,1195
212,12306,7081,1,19860.69,2022-11-22,48,7.89,541
213,10696,22602,3,72685.52,2021-01-26,36,7.75,1060
214,10687,9544,2,9990.63,2024-01-01,12,6.68,525
215,18080,10499,3,56371.4,2020-08-25,60,8.68,1184
216,16656,17478,1,33410.52,2022-05-28,36,6.95,1863
217,16073,17328,3,81726.07,2021-04-27,24,8.56,1723
218,1464,2441,4,26301.82,2023-02-07,12,5.25,1267
219,6960,39045,3,5368.1,2022-11-17,24,4.17,1110
220,2756,39685,2,4153.59,2023-07-10,60,4.16,1820
221,11338,16363,4,46721.31,2022-03-13,36,3.0,578
222,3111,18448,3,41494.08,2021-09-27,12,9.82,682
223,8596,24091,1,45816.04,2022-10-09,12,9.84,557
224,2197,17924,3,25472.09,2021-08-30,48,7.21,1598
225,11346,30399,1,51663.64,2021-08-27,24,9.75,1977
226,15976,25971,2,1519.26,2022-06-24,60,8.8,1013
227,12124,25231,3,79141.29,2020-12-08,60,3.94,646
228,1094,19583,3,17964.16,2022-02-13,24,6.67,796
229,1311,128,1,23708.51,2020-09-04,12,5.96,1052
230,9289,39692,4,21669.55,2024-01-03,24,7.42,1644
231,11161,15101,3,45486.25,2022-04-29,60,8.05,1580
232,5134,23666,3,89954.15,2024-05-01,12,3.14,1364
233,6557,39086,3,30933.57,2020-12-12,36,5.48,1822
234,2819,3386,3,40221.42,2023-07-16,60,4.1,1982
235,7419,24384,2,28864.03,2021-02-01,60,5.9,1355
236,9869,21457,3,4983.72,2021-12-09,48,5.25,1664
237,13045,10237,3,54046.31,2024-01-05,60,8.92,1530
238,17811,3722,1,44223.82,2022-02-01,60,5.08,1372
239,10887,15329,3,39691.3,2023-06-18,60,5.99,1497
240,11204,14340,1,13792.56,2023-12-03,48,8.01,1255
241,590,33494,4,61528.65,2022-07-14,12,3.51,190
242,18565,21202,1,86978.42,2020-10-01,60,9.59,1249
243,3525,26334,2,21691.27,2022-03-13,60,9.05,1409
244,6066,14022,3,91935.95,2022-04-13,60,9.51,1401
245,1784,9929,4,96111.72,2022-08-25,60,4.72,1307
246,9203,3890,2,84017.61,2023-07-14,48,6.36,1982
247,389,13845,2,2764.95,2023-01-05,48,9.09,633
248,1288,28562,3,50438.74,2021-10-26,12,5.15,628
249,3667,4975,3,61380.7,2022-03-03,12,4.99,973
250,4399,20080,3,17852.99,2021-04-02,24,7.4,1769
251,8504,31968,4,88178.5,2020-10-11,48,7.44,1283
252,8601,10969,4,5246.05,2021-04-04,48,5.22,1383
253,10492,21460,4,86481.42,2023-03-21,36,9.79,710
254,5547,38199,3,39924.32,2023-09-08,60,6.1,1480
255,900,20415,3,98477.81,2020-12-03,12,5.29,1435
256,11353,194,4,98903.99,2023-06-09,60,7.1,649
257,10720,8676,4,46709.46,2023-01-02,12,4.48,318
258,4337,27004,2,90028.17,2023-12-13,60,9.69,1701
259,9962,12181,3,56802.0,2021-12-30,36,5.98,1249
260,128,16793,1,79906.45,2022-03-14,36,9.72,1843
261,5208,28311,4,52929.73,2020-11-27,36,9.62,1258
262,9628,700,4,6842.72,2021-09-27,12,3.64,684
263,4423,19944,4,64559.52,2020-11-03,12,7.96,664
264,165,39269,3,14751.41,2024-04-27,12,3.72,1999
265,10344,5860,3,93758.4,2024-06-12,60,4.24,1851
266,19186,22735,2,14048.67,2024-02-03,12,9.03,1398
267,2959,955,3,11711.91,2022-01-24,48,9.31,1696
268,18716,7626,2,99648.31,2021-12-26,48,7.76,1632
269,2134,17516,1,1599.18,2023-07-04,60,4.62,1496
270,16422,7419,1,76216.93,2023-05-05,24,5.19,1257
271,8153,29615,1,25073.5,2022-09-08,36,5.09,1716
272,5648,38592,2,14694.87,2022-10-27,60,5.68,1137
273,9257,39987,3,78971.7,2020-08-29,60,4.86,1854
274,14425,26150,2,82130.55,2021-07-18,24,5.96,1521
275,7781,8112,3,15556.03,2022-01-23,48,5.46,442
276,12975,4885,2,20294.27,2024-03-25,36,4.39,564
277,3928,1133,4,30695.83,2024-05-30,24,6.15,1292
278,12359,13665,2,20998.88,2020-11-07,24,5.52,1534
279,5935,35300,4,56964.61,2022-05-09,24,6.27,1831
280,16071,2593,2,99371.03,2022-02-01,48,6.28,1410
281,10013,38786,4,14400.62,2022-09-11,24,3.41,1411
282,3991,12738,4,93057.94,2021-04-12,60,9.39,1137
283,7225,30538,4,74662.84,2023-01-08,24,6.55,1637
284,14053,4628,1,39711.12,2021-01-28,48,8.46,1649
285,14295,26911,2,80494.44,2023-11-07,12,3.01,952
286,8613,30368,3,53566.76,2024-01-29,60,7.57,1105
287,13186,12717,4,36042.28,2022-03-17,60,4.1,699
288,3941,9486,1,35198.64,2021-04-03,36,7.14,113
289,5595,3470,3,43088.3,2023-06-16,24,6.78,2
290,11241,14523,3,67752.46,2021-12-17,24,4.94,642
291,15476,11072,1,55996.55,2021-08-03,12,8.29,220
292,10685,31422,3,7117.08,2022-04-04,12,5.31,1590
293,13863,34568,3,53916.68,2021-07-26,60,6.08,855
294,10366,30851,4,40288.69,2022-11-09,48,5.65,1760
295,18725,34233,4,29638.03,2021-03-27,12,4.87,1249
296,19784,32784,4,21335.74,2022-08-27,48,9.44,385
297,15663,622,3,84788.06,2023-12-27,60,8.55,1427
298,7962,6043,2,72496.24,2024-06-19,36,9.52,1662
299,16692,27855,3,12885.76,2024-04-21,60,7.7,1154
300,19415,38103,1,58926.62,2021-12-16,24,6.97,1077
301,8254,16745,3,20923.12,2021-12-30,12,5.16,1708
302,14390,23188,1,67720.94,2021-02-27,60,4.8,730
303,5763,37349,4,7673.26,2023-09-14,24,8.6,1696
304,8926,10394,3,71729.16,2021-05-12,36,5.48,1734
305,11093,16978,1,3288.73,2024-01-27,36,7.59,1440
306,11118,12821,4,71468.24,2022-02-11,24,3.75,247
307,5821,34303,4,25011.0,2021-02-25,12,3.22,836
308,9679,33574,3,93334.06,2021-02-13,24,9.61,1463
309,13832,36069,3,38231.64,2020-11-29,48,7.21,203
310,9457,35182,1,71812.44,2021-01-23,12,3.67,1208
311,1043,18812,1,49233.53,2020-09-16,36,3.05,123
312,9461,4528,4,38045.7,2023-02-04,48,4.71,401
313,19927,36795,3,70429.6,2021-08-06,12,5.69,767
314,1629,15900,4,10643.69,2022-06-06,36,3.34,294
315,5733,27836,3,49013.54,2021-09-21,24,6.78,280
316,3956,11149,3,92744.42,2022-07-02,36,5.35,1861
317,4534,21366,3,25163.46,2023-01-18,48,5.01,884
318,14893,33801,4,13017.01,2021-05-27,60,4.12,1634
319,12985,36605,3,34415.19,2023-08-14,24,8.15,198
320,7862,39393,4,11185.36,2021-04-30,48,9.06,982
321,1787,21496,1,14290.19,2022-11-24,36,7.83,1931
322,10913,2494,2,70456.8,2024-03-05,60,7.62,1535
323,12281,33695,1,10404.58,2021-10-10,24,4.06,752
324,4168,32111,1,61606.09,2023-04-13,12,5.16,144
325,811,2141,4,68871.32,2022-09-18,12,3.13,609
326,15284,30428,2,70783.32,2020-07-16,12,4.58,1225
327,19943,8933,1,29887.35,2020-11-11,12,9.01,1148
328,3997,27739,2,39746.39,2024-01-20,60,4.92,187
329,19455,34871,1,77435.04,2022-12-10,48,7.6,1350
330,8596,2830,1,83132.63,2021-08-30,60,9.2,464
331,18868,1345,1,77972.2,2023-09-01,24,6.11,1373
332,3133,29828,2,30947.36,2024-06-03,36,8.14,1795
333,942,37622,1,84169.87,2021-09-26,12,9.58,660
334,13554,28521,2,9294.48,2023-05-20,24,8.29,764
335,335,22447,1,8813.63,2023-09-24,24,6.77,955
336,13686,16268,2,73430.56,2024-04-18,48,5.98,1956
337,2188,31502,3,25577.64,2020-11-26,36,7.03,403
338,16972,35206,4,11468.51,2022-09-01,12,4.25,1370
339,10208,29911,2,90891.9,2021-12-24,60,3.45,1987
340,12758,13568,3,56128.71,2022-05-21,12,4.75,1535
341,7484,1248,4,82442.13,2021-01-01,36,5.68,147
342,2376,16888,3,48301.21,2022-05-21,24,3.01,1172
343,18607,38561,1,83289.51,2020-10-15,60,9.28,864
344,7219,32937,3,88239.88,2021-01-21,36,9.83,1735
345,6767,13087,3,79753.94,2022-10-02,24,3.36,1844
346,4419,2051,4,43690.88,2021-02-05,60,4.92,489
347,1928,11168,2,55673.2,2023-07-10,36,3.86,929
348,16588,37043,4,58021.22,2024-04-21,36,4.7,1960
349,16461,12848,4,64850.94,2024-04-23,60,7.39,1664
350,7168,23235,2,59807.33,2023-05-23,60,3.0,551
351,6691,24722,1,98630.81,2020-09-22,12,9.21,338
352,11675,31307,4,56024.66,2021-02-21,60,5.77,872
353,17783,20010,2,64131.21,2022-10-10,12,7.12,641
354,16775,5778,4,8967.01,2023-02-10,48,8.49,1803
355,10276,23733,1,60724.34,2022-09-06,36,3.99,1977
356,14972,9735,4,54792.56,2020-12-29,24,6.22,473
357,9919,10181,2,74349.26,2022-04-04,36,6.2,1970
358,4084,30192,4,75243.57,2021-07-01,36,7.1,151
359,10672,35057,3,11802.66,2020-12-02,48,6.77,1439
360,12831,24984,3,95478.82,2024-06-03,12,5.98,1322
361,15012,32845,4,21554.12,2023-06-23,24,7.22,1635
362,1673,27770,2,32011.33,2023-11-29,48,3.37,263
363,17599,38088,2,98524.31,2022-10-23,60,3.14,1788
364,19765,28773,1,25624.57,2023-08-22,36,4.03,144
365,19508,39067,3,9496.67,2021-05-15,60,7.28,346
366,11122,14487,3,37598.49,2023-12-01,24,4.42,624
367,7727,8642,2,74562.56,2022-10-03,60,6.29,1017
368,10164,2005,2,68021.94,2022-09-08,12,8.66,1596
369,1813,7919,4,49477.42,2020-07-05,36,9.38,881
370,16801,37958,2,65272.06,2023-09-08,24,8.33,2
371,1485,21750,4,82327.68,2024-06-10,60,7.72,897
372,19030,24821,4,57733.51,2021-06-12,12,6.96,1328
373,17777,35834,3,62103.69,2024-01-19,48,7.32,254
374,7896,37086,2,90526.5,2023-02-03,24,7.84,1676
375,7087,34884,2,75961.6,2021-04-21,36,5.65,453
376,14339,25601,2,83044.82,2023-06-17,36,3.68,1061
377,7129,23031,1,31661.42,2022-09-11,36,6.09,1184
378,11703,29187,3,99266.84,2024-04-13,60,9.45,1015
379,15254,37364,3,3687.15,2024-04-28,24,7.5,9
380,2634,9895,4,7885.21,2022-08-19,48,8.99,1257
381,7500,11977,2,12304.83,2023-07-14,48,9.27,1123
382,11960,24069,1,59547.2,2022-12-18,36,4.0,1683
383,1772,3722,1,91924.54,2022-11-02,36,8.74,816
384,14383,20154,2,15468.78,2020-11-16,48,6.07,208
385,120,2022,1,90419.17,2022-03-21,24,8.67,1155
386,6786,30696,1,64105.04,2024-04-29,36,8.66,404
387,6750,38533,3,25039.04,2020-07-22,36,3.09,152
388,14631,38018,3,91212.07,2021-01-04,48,4.3,54
389,12919,18445,2,52486.52,2023-05-04,12,9.32,1144
390,10792,6315,1,1267.89,2021-11-19,36,6.27,1697
391,16610,4979,3,93626.66,2020-11-03,12,8.12,1944
392,14542,35319,1,68040.88,2022-12-05,24,7.59,628
393,9694,8229,3,6686.1,2021-10-05,12,7.25,587
394,18567,23902,2,30954.06,2023-07-10,12,6.44,1649
395,505,28782,3,69182.0,2020-09-06,36,3.89,1992
396,129,28386,1,47345.37,2022-08-24,12,9.43,1444
397,2960,25585,2,8484.55,2021-04-22,12,3.51,1446
398,4205,11974,2,48699.6,2023-12-23,36,7.61,104
399,19508,9522,4,60252.43,2023-10-15,60,7.6,1876
400,11100,2215,2,63232.1,2022-01-02,36,3.66,254
401,12609,5646,2,65382.92,2020-07-29,24,8.05,1251
402,3280,6018,3,79294.17,2022-04-04,36,8.65,1136
403,14294,26120,1,63488.94,2020-09-12,48,9.89,510
404,15635,32456,1,84934.29,2023-10-14,24,3.16,1497
405,11134,25452,4,84004.56,2024-01-17,60,6.43,99
406,19561,8426,1,66972.58,2024-05-13,36,6.42,153
407,6799,38506,3,14980.57,2021-10-26,48,3.29,1885
408,9136,39879,3,19411.36,2022-03-15,60,7.6,914
409,7295,21427,3,81119.72,2023-12-11,36,4.54,1920
410,4375,26446,1,40432.57,2021-12-09,12,9.08,878
411,18412,8617,1,46463.08,2021-12-24,12,3.49,338
412,18851,146,3,18223.22,2024-05-30,36,9.16,1730
413,7869,12964,3,6867.05,2022-08-07,12,9.23,822
414,3304,15067,2,73230.33,2021-05-25,24,8.98,1187
415,4225,13722,2,85036.78,2020-12-02,24,7.66,1744
416,10370,34906,3,19720.26,2023-01-19,24,4.79,957
417,18022,6885,2,62430.3,2022-12-31,24,7.91,1705
418,10369,34617,1,98073.44,2021-06-15,36,9.56,161
419,19276,6232,3,41354.02,2021-08-19,60,4.21,1604
420,17676,28457,2,32145.12,2021-03-24,36,8.52,801
421,7023,27848,4,23883.63,2020-07-13,48,8.54,398
422,13953,14314,3,65741.58,2023-06-20,12,8.64,1301
423,17728,8374,4,1266.39,2022-07-15,36,4.87,816
424,4451,9462,3,32275.25,2024-04-09,60,4.41,1940
425,2993,37627,2,36058.98,2023-06-22,36,8.84,1528
426,19654,35396,3,13375.14,2021-03-20,24,4.01,1920
427,18141,32126,4,6453.96,2022-08-05,36,3.16,1416
428,14368,24078,2,36172.51,2023-05-09,12,5.4,1159
429,1895,34369,3,74152.72,2022-06-02,12,5.9,1219
430,9489,6523,1,61896.69,2020-10-04,24,4.84,401
431,4372,11954,1,59167.99,2024-04-17,48,8.46,640
432,1977,2680,4,85441.9,2022-10-26,36,8.46,1057
433,13012,13892,4,59602.76,2023-01-20,24,7.43,688
434,3772,8949,2,36416.02,2022-11-12,36,6.87,460
435,9918,18990,4,5826.99,2023-05-23,24,3.51,955
436,13499,24316,3,71914.37,2022-08-28,60,9.51,1907
437,385,2103,2,55946.39,2021-07-21,60,6.94,470
438,11963,36085,3,22496.8,2023-02-28,12,8.85,1399
439,13270,30891,2,24305.98,2023-09-09,24,9.02,1046
440,18735,23585,2,44425.95,2022-02-23,36,4.68,750
441,11696,20772,1,62996.31,2023-11-04,12,6.56,1694
442,18218,21954,2,48927.28,2023-02-01,24,3.38,38
443,16688,11559,3,94464.33,2021-01-13,48,6.84,230
444,4153,18795,3,68396.55,2021-07-24,48,3.65,1389
445,22,1948,4,42950.93,2022-05-28,60,7.4,563
446,5208,37432,4,93326.57,2021-03-07,48,4.41,438
447,5911,25614,1,93169.67,2021-05-03,60,9.65,1800
448,12347,3350,3,74999.09,2024-06-16,48,8.01,1307
449,15232,17885,2,49848.88,2022-12-10,24,4.98,27
450,17819,2290,2,33858.32,2020-10-28,36,9.93,226
451,10415,37981,3,3066.31,2024-05-23,36,5.7,1301
452,9841,20318,1,76611.64,2023-03-04,12,3.11,798
453,13797,16839,3,87131.1,2023-04-23,60,8.65,1633
454,2574,30367,3,94089.6,2022-07-01,60,5.96,284
455,2188,9822,4,71919.59,2022-06-23,60,9.62,879
456,10873,39034,1,51868.38,2022-09-11,36,6.24,960
457,7935,4895,1,73503.5,2021-12-13,60,9.6,1505
458,6020,20978,2,80522.92,2023-01-15,12,7.62,453
459,8550,16465,4,8004.8,2022-06-07,36,5.11,1020
460,19865,29561,3,68609.79,2022-03-10,24,5.14,1853
461,13115,34437,4,10441.01,2022-03-25,12,6.11,816
462,19409,15494,1,12673.61,2022-04-27,24,4.75,659
463,18969,4752,4,82883.05,2021-05-14,60,5.85,1540
464,16331,38143,1,18242.74,2023-04-10,12,9.62,547
465,9241,6500,1,69961.94,2021-01-17,60,8.63,1216
466,4816,13729,4,60330.41,2023-10-11,48,6.0,1073
467,18854,32913,4,79246.16,2021-04-27,12,9.84,1536
468,3612,33560,4,52970.21,2021-03-25,48,7.68,17
469,3059,36399,3,15419.81,2023-10-11,36,3.9,1196
470,11003,37303,3,62859.79,2022-10-17,12,6.01,1244
471,13179,37930,2,17659.12,2023-08-13,12,5.23,158
472,17117,8880,1,27655.05,2021-08-23,60,5.04,477
473,7728,10283,1,45270.35,2021-11-26,60,9.9,1070
474,15467,3934,3,40668.44,2024-01-04,48,7.17,1397
475,18875,28914,4,72539.63,2023-10-05,36,3.7,518
476,5670,27929,3,12668.1,2021-04-25,36,6.67,99
477,5399,11039,1,88897.26,2023-11-14,36,7.11,1916
478,3238,3058,1,7326.47,2021-07-01,36,3.6,1769
479,19472,33728,1,66187.52,2023-08-07,48,7.45,1061
480,4399,8517,2,65808.48,2022-11-02,60,9.26,280
481,16838,21038,3,68075.05,2024-03-10,36,7.19,1373
482,2275,26955,3,23342.66,2023-01-08,24,9.31,497
483,17216,37858,4,74267.76,2021-03-27,48,7.63,302
484,9277,18629,2,21551.27,2023-11-27,24,4.94,181
485,11193,231,3,92642.8,2021-03-01,48,8.36,607
486,19816,16029,4,31799.79,2020-10-08,36,4.71,1123
487,13566,35731,1,92756.13,2023-02-19,36,4.72,700
488,10443,28257,3,30390.42,2023-06-25,36,7.95,993
489,7739,32085,2,40815.63,2020-10-12,36,6.01,1140
490,11026,24664,1,97773.45,2023-02-03,12,6.06,191
491,12528,32350,4,57362.33,2021-06-15,24,8.49,253
492,8992,23616,1,63506.21,2023-05-08,60,8.2,981
493,5546,31574,3,33258.22,2021-07-01,24,4.43,928
494,11086,30589,1,31115.48,2020-10-21,36,8.91,1185
495,12834,17209,2,73095.4,2024-01-13,12,4.26,1280
496,16570,21602,2,43427.94,2022-02-09,12,5.25,1347
497,17620,14434,4,28902.26,2022-12-19,36,7.58,128
498,826,9362,3,68409.1,2021-08-14,36,8.49,18
499,17700,36255,1,59426.38,2020-10-10,12,4.68,1817
500,13316,22991,3,86867.64,2022-08-26,24,9.78,1759
501,11999,8014,3,84493.34,2023-12-15,48,6.18,566
502,19195,6213,1,76336.56,2023-03-02,48,3.45,570
503,6039,25155,2,99142.68,2023-11-12,12,3.36,1347
504,9698,25948,2,47845.3,2023-09-13,12,3.55,1896
505,1615,638,3,47366.74,2021-08-28,60,6.78,686
506,14006,22433,3,83890.17,2021-09-21,12,5.82,1816
507,6659,33921,3,43016.85,2021-07-05,24,4.56,626
508,544,15976,2,43842.69,2024-03-04,24,8.87,1312
509,13694,32038,4,70976.56,2022-07-30,60,6.7,1967
510,10488,3410,3,21700.05,2021-12-28,12,9.26,854
511,4187,24662,4,32325.55,2023-02-26,60,8.3,1687
512,4650,38436,3,30087.92,2023-06-07,24,3.55,962
513,2721,23816,3,35264.32,2020-11-27,60,9.26,1663
514,2475,9218,2,31289.59,2022-01-13,60,5.79,155
515,622,354,2,85438.66,2021-06-10,48,5.59,490
516,11691,10664,1,27282.7,2023-08-08,12,5.55,1410
517,17082,13501,3,58392.8,2023-01-03,12,5.62,785
518,19148,26613,4,2168.8,2020-10-16,24,3.55,1128
519,3070,8046,2,21536.38,2021-09-20,36,5.0,1953
520,14599,19073,1,40128.35,2022-04-10,48,4.21,1417
521,17305,27099,3,28136.85,2020-07-04,60,4.22,1835
522,5049,7417,2,53918.52,2024-03-26,36,6.12,246
523,16341,36784,2,48500.31,2023-09-05,48,7.11,1200
524,16151,922,3,11818.63,2022-09-14,36,7.56,1063
525,2202,39861,3,9559.9,2023-09-05,24,7.2,1501
526,19668,13442,1,54041.16,2023-06-14,12,9.53,1706
527,15015,36130,3,79582.78,2023-09-14,48,8.42,759
528,13262,24548,3,65824.76,2022-01-22,12,8.9,538
529,16228,24038,4,53739.05,2021-08-15,48,4.12,1891
530,8344,29117,4,44525.59,2024-04-02,48,7.87,1842
531,10035,16530,3,81881.01,2024-06-03,12,3.23,921
532,5093,16181,2,21584.54,2022-10-06,24,5.48,408
533,13933,22963,3,96058.6,2023-06-23,24,9.54,525
534,6526,31200,4,85363.35,2024-06-30,12,6.46,828
535,8440,30348,3,83154.78,2021-08-30,24,9.9,1530
536,8225,14535,2,42330.61,2021-04-26,24,7.45,903
537,10359,3681,1,20238.44,2023-02-22,12,6.13,1849
538,1442,24991,4,12894.66,2021-12-02,24,6.47,36
539,8951,29042,2,26115.7,2021-06-10,48,9.29,685
540,11895,852,2,14346.45,2023-02-20,60,5.94,20
541,3846,34101,1,87940.03,2023-07-14,12,3.01,321
542,9310,12306,3,41926.02,2020-10-12,60,8.44,1800
543,413,14656,4,34606.12,2021-08-17,12,5.14,512
544,12959,15931,2,3951.22,2022-06-26,24,6.46,400
545,474,27952,1,78691.18,2021-03-22,24,7.6,654
546,7428,27553,4,77079.03,2020-08-13,12,8.61,972
547,19013,26033,2,2978.46,2023-02-19,12,5.47,1907
548,5761,18419,2,88236.87,2024-04-17,12,9.6,471
549,10454,10059,3,90008.49,2020-11-07,24,4.43,1167
550,10316,21461,4,2665.77,2020-07-16,36,7.21,1116
551,4892,34728,4,45917.32,2022-11-04,60,7.85,1378
552,9359,32928,2,55507.71,2024-04-24,48,4.32,834
553,13320,27978,3,13555.75,2022-10-06,60,9.75,1824
554,9628,32484,2,90371.87,2024-06-17,24,6.49,727
555,3863,22344,4,8116.78,2020-07-05,36,4.28,1983
556,9636,1268,4,84359.46,2023-02-12,48,3.1,854
557,17008,24338,4,22290.43,2021-10-26,48,6.56,51
558,918,20970,1,66839.29,2022-10-03,36,8.95,1689
559,3205,276,2,2231.57,2021-11-24,12,7.15,1722
560,14722,12487,2,26502.3,2022-05-12,24,9.13,575
561,13290,19853,4,65566.74,2020-10-07,12,9.64,1214
562,7639,20469,2,87903.16,2021-04-06,48,3.54,1149
563,5430,18824,1,57334.91,2022-10-01,12,8.84,150
564,8655,3360,3,27608.58,2023-10-24,36,4.14,314
565,13640,32717,1,36736.55,2021-09-04,60,8.8,570
566,12033,3359,2,95504.26,2021-06-03,12,8.47,1366
567,2509,33191,4,52459.52,2021-06-18,36,9.37,305
568,17388,32492,4,34656.63,2022-05-19,24,9.12,1716
569,11836,9001,2,18982.31,2020-07-13,60,6.19,682
570,7414,11814,4,92951.01,2022-11-10,36,9.59,838
571,12021,5990,1,23876.45,2021-12-10,12,6.71,1807
572,19883,4867,1,2921.55,2023-09-26,60,9.25,1078
573,955,5260,1,38844.92,2021-04-18,12,7.49,1003
574,13224,8463,2,21102.07,2022-03-18,12,9.18,444
575,1250,24087,2,86964.42,2023-11-17,48,9.52,613
576,17779,23369,4,54957.81,2024-06-11,48,5.24,993
577,9177,167,1,30082.82,2023-07-28,12,9.89,264
578,14524,30417,4,73284.94,2023-02-23,24,8.76,1077
579,12262,31199,4,72841.83,2023-11-12,24,6.31,1596
580,7999,21918,1,41235.31,2021-03-06,24,8.04,1004
581,1426,36344,2,40360.89,2022-02-22,12,8.02,1644
582,19377,5142,3,1396.07,2021-08-09,24,3.86,5
583,9546,25247,2,6390.04,2024-04-03,24,3.6,1127
584,7896,23657,2,79469.08,2020-10-29,24,7.47,1220
585,12754,16535,1,99437.88,2024-01-04,36,7.14,774
586,13107,13981,1,23619.41,2022-07-11,24,3.42,877
587,6546,10846,2,99891.24,2022-03-29,48,5.67,992
588,9212,5182,2,99226.21,2022-04-11,36,3.66,884
589,12637,29823,3,24680.67,2020-08-19,24,4.19,1374
590,16071,9728,4,79080.92,2021-10-28,60,9.64,47
591,9968,37407,3,92813.76,2020-07-11,24,8.58,867
592,11246,9864,4,17677.86,2023-12-14,48,4.09,823
593,15350,15746,2,21021.34,2021-02-05,12,4.69,936
594,11098,33606,4,27945.05,2023-01-18,24,6.6,1844
595,10956,15850,1,99891.97,2023-04-29,36,3.88,656
596,7457,8164,4,45585.09,2022-12-16,48,8.2,269
597,19615,22437,1,1722.33,2023-11-26,24,5.78,370
598,14291,18632,1,95160.32,2024-03-26,48,6.46,636
599,738,31453,1,23147.04,2023-01-16,60,7.81,1130
600,12931,10679,3,31424.54,2024-05-02,12,4.28,1694
601,4868,30910,2,37117.08,2020-11-08,36,9.19,1683
602,2717,7711,2,95390.09,2022-08-20,48,9.06,657
603,15212,39890,2,39679.9,2023-03-01,12,4.59,120
604,13640,4969,4,2045.35,2023-05-30,48,4.14,831
605,9953,18000,2,82736.74,2024-01-22,48,3.31,1811
606,2817,11924,1,9167.51,2023-07-31,12,6.19,1628
607,14725,12525,1,43482.09,2023-10-19,48,4.79,1082
608,14967,13044,2,98090.89,2023-04-12,36,6.99,1975
609,17079,27580,1,54216.92,2020-08-21,12,4.43,1370
610,17901,31591,3,38046.69,2020-11-18,24,3.54,741
611,18405,39725,2,73515.71,2024-02-15,24,7.95,1498
612,4144,9988,1,23452.97,2021-04-20,60,5.43,117
613,11201,3007,4,4822.66,2021-02-15,48,8.4,1854
614,17221,12296,4,5536.72,2021-03-30,12,7.89,791
615,2925,9325,2,76154.53,2023-05-14,36,5.51,1151
616,2863,28017,3,9019.31,2024-01-12,24,3.18,1417
617,6876,17280,1,44788.96,2021-09-16,60,8.6,1932
618,17555,8582,4,41725.77,2023-06-01,60,9.79,1013
619,2911,36309,4,26359.3,2024-04-22,12,4.24,1665
620,4191,15633,1,34490.87,2020-08-08,48,4.17,1082
621,11968,12483,1,14095.5,2021-02-22,60,8.7,634
622,1606,27840,1,28854.72,2020-07-16,48,9.69,513
623,11978,32771,4,71534.65,2020-10-30,48,4.05,1775
624,3044,22997,4,45578.94,2022-01-27,60,4.07,802
625,1339,24037,4,78148.88,2022-05-14,12,8.27,1120
626,2479,28793,4,30290.41,2023-08-22,60,4.52,1662
627,406,1851,1,79584.57,2024-05-23,24,3.77,1142
628,12717,1278,4,32746.85,2022-03-29,24,8.04,560
629,9377,35127,2,36548.27,2022-08-24,48,5.77,1625
630,7821,11036,4,12127.71,2024-04-18,24,3.06,488
631,10195,32536,4,1643.2,2022-01-30,48,8.64,1261
632,15288,11315,4,8049.07,2021-05-07,36,5.83,1909
633,8079,4401,2,84884.15,2021-03-10,36,6.89,897
634,14425,7176,1,74955.41,2022-08-02,12,5.63,1296
635,15800,18250,4,74204.23,2020-11-16,60,5.02,1213
636,19170,23951,4,36298.72,2023-06-29,36,3.36,704
637,13441,30458,2,16943.13,2022-03-03,60,8.22,1471
638,1813,10550,1,40557.08,2024-01-15,60,7.89,581
639,12100,361,3,21763.22,2020-09-16,24,9.4,790
640,11807,20591,2,82573.69,2023-01-22,36,9.15,861
641,450,1085,4,24821.95,2022-08-13,24,3.34,247
642,165,24171,2,47428.06,2022-05-07,24,6.69,1987
643,15923,5450,1,7706.04,2024-02-10,24,3.95,1100
644,130,2314,4,23885.02,2022-05-02,12,5.36,154
645,19828,31231,1,77805.24,2020-11-26,24,6.06,1680
646,10083,11033,1,38659.62,2023-04-21,12,3.58,1459
647,19350,16099,1,5747.75,2021-12-22,36,4.13,997
648,1891,25504,1,3780.47,2020-12-12,48,6.13,1110
649,9577,17198,1,52342.33,2020-08-06,12,3.52,697
650,4055,16670,4,27855.28,2024-03-16,12,6.24,1309
651,77,17743,2,35844.18,2022-03-03,12,3.84,1998
652,1320,10551,1,84523.76,2021-03-29,12,3.73,1244
653,17459,8933,1,50547.05,2021-04-02,48,8.09,1093
654,1620,23691,4,71922.67,2023-07-25,24,3.98,1071
655,2991,28499,4,39139.99,2020-12-11,36,7.13,1009
656,14383,2390,2,24956.29,2021-07-12,48,7.91,94
657,19143,23309,2,1226.75,2022-02-11,24,8.76,1774
658,1618,37932,4,45809.56,2020-12-13,24,7.81,958
659,2074,8500,3,91147.87,2021-09-06,36,7.85,1012
660,11086,14823,1,79005.23,2022-07-26,36,9.19,453
661,1498,8467,2,7527.01,2022-11-18,60,9.72,1228
662,3107,905,4,27333.44,2023-09-09,60,7.99,912
663,7055,25830,4,31991.89,2023-05-28,60,3.02,218
664,4705,32167,2,59456.69,2020-10-26,12,5.88,474
665,3395,22808,3,15679.48,2021-10-17,12,5.2,432
666,17472,26124,1,59523.42,2023-01-15,36,3.89,341
667,14567,38137,3,1758.45,2023-02-24,60,5.03,551
668,10323,16794,1,51334.21,2023-08-15,60,4.82,1636
669,12887,23965,4,84845.24,2022-09-11,24,7.52,1313
670,6750,6842,2,41738.52,2022-05-04,24,7.86,1278
671,3648,35731,4,51921.82,2021-03-04,24,7.32,1758
672,13007,32371,4,14854.69,2022-12-31,24,9.32,357
673,1165,21379,4,39785.68,2021-12-08,24,7.21,23
674,11727,28528,2,84574.5,2022-05-23,36,5.94,1786
675,11037,8025,4,54146.44,2023-11-08,12,3.56,522
676,1603,39911,3,67898.19,2021-04-01,48,3.39,1782
677,13130,17953,3,18304.77,2021-05-16,48,6.33,1861
678,5853,28981,4,69862.67,2022-01-29,60,7.43,1124
679,16071,29680,3,24327.94,2022-12-01,24,7.88,802
680,602,30201,1,67292.96,2021-05-04,60,6.35,1204
681,11318,10815,4,33965.29,2021-04-18,12,9.14,1247
682,3734,22557,4,11217.86,2021-12-06,48,8.47,1930
683,17828,29216,2,12211.85,2021-02-15,12,7.37,762
684,13048,7168,1,18134.03,2023-07-17,24,5.69,1683
685,18807,27047,3,25459.73,2022-10-01,48,9.3,442
686,10039,17913,3,97307.06,2022-03-04,12,8.62,1632
687,1468,18963,1,73217.97,2022-02-05,24,4.18,769
688,2,14891,1,10810.51,2021-08-13,24,4.45,1016
689,12938,12981,3,61726.18,2021-09-29,12,7.91,1349
690,15659,4606,3,24319.67,2021-02-03,24,7.53,516
691,1505,20149,2,71186.22,2021-02-02,60,5.85,1040
692,10690,6945,4,8862.67,2022-12-02,48,6.1,792
693,13642,5738,1,60774.47,2021-05-18,36,7.85,336
694,13672,7987,1,68987.22,2023-09-12,48,4.42,1783
695,3013,32542,1,96958.43,2022-05-31,36,9.76,258
696,15609,29079,2,65474.97,2021-11-08,36,7.81,497
697,11581,1146,4,51828.95,2021-11-19,60,4.81,896
698,8133,14724,2,27137.4,2023-12-20,60,3.81,160
699,10986,4388,4,88017.42,2022-01-26,12,3.82,1499
700,15914,4444,2,84566.16,2021-04-29,24,7.19,852
701,1018,28994,2,10282.15,2021-07-22,12,8.23,1688
702,9475,14424,3,37015.3,2020-09-13,12,8.71,1932
703,4218,25325,4,89621.89,2020-11-26,36,9.47,690
704,3270,24102,1,60758.4,2022-08-05,24,9.33,1699
705,3302,15928,3,31571.73,2023-09-16,36,9.66,380
706,15079,35283,2,16807.13,2021-03-28,36,8.05,1569
707,2128,23880,4,55272.92,2020-09-08,48,5.81,1953
708,16132,20152,4,48731.71,2022-11-09,60,7.68,957
709,7781,3005,2,37354.77,2020-07-13,48,7.19,691
710,14601,5354,1,93176.83,2021-07-14,12,8.46,1451
711,3586,7660,1,10505.13,2021-12-08,24,9.33,1637
712,4922,23755,2,95218.99,2023-01-02,24,4.25,1292
713,11870,20307,4,94315.03,2022-09-24,48,5.78,1859
714,10997,14039,2,19741.42,2023-03-23,24,6.93,1601
715,18590,22029,1,41732.87,2021-06-07,12,3.59,1441
716,12696,1983,2,25974.58,2022-08-06,36,7.1,1192
717,8495,30415,4,14462.69,2020-08-30,36,6.96,1866
718,14354,20277,2,44465.87,2021-04-02,60,8.11,1067
719,8066,17421,1,62774.6,2021-11-12,36,9.63,1580
720,9441,27989,1,90040.66,2020-09-20,60,3.08,285
721,8391,35082,4,25174.38,2022-04-21,12,5.92,397
722,15486,34202,4,14514.67,2020-09-27,24,6.92,12
723,6093,8341,4,70017.89,2024-05-13,12,3.56,1631
724,9031,14538,2,17699.34,2024-02-02,24,4.98,1326
725,15267,19598,4,39562.39,2023-05-31,48,7.25,1922
726,1233,12911,3,65594.4,2022-04-27,48,7.05,1277
727,17038,5183,2,13337.83,2023-09-06,36,7.14,499
728,7214,29067,4,86758.24,2021-09-10,48,5.38,754
729,1523,12097,1,7316.92,2023-10-13,48,6.28,35
730,6796,18980,4,22319.15,2022-11-15,60,3.55,727
731,5401,36619,1,18062.93,2020-12-03,24,8.76,849
732,10307,21109,1,34185.06,2023-09-07,60,9.39,90
733,9033,11295,4,75399.23,2023-02-18,36,9.74,776
734,2625,33428,3,73510.9,2021-03-12,36,8.23,605
735,14567,27236,4,61046.76,2023-01-07,48,5.0,1946
736,6621,9697,1,20096.4,2023-07-02,60,4.89,970
737,15926,2310,2,40371.03,2024-03-26,48,6.42,1626
738,17419,6196,3,48644.5,2024-04-14,60,3.76,1022
739,19089,22347,4,30089.99,2022-04-04,24,9.15,418
740,3340,1099,4,76241.29,2024-06-28,48,6.62,115
741,1522,36386,2,19452.34,2023-02-09,48,8.99,617
742,17052,19765,4,25795.91,2022-02-11,36,9.88,1927
743,10037,32373,3,86512.13,2023-01-05,36,4.47,1220
744,2511,29440,1,15618.51,2023-05-16,60,5.21,826
745,13562,36919,1,53782.88,2023-03-14,24,8.51,1525
746,9891,4006,3,29101.78,2023-12-05,12,7.64,1650
747,14854,10757,4,50756.64,2020-09-01,48,5.92,1517
748,14172,7742,1,44563.89,2022-12-18,24,6.19,1099
749,3939,10737,3,71418.09,2023-06-02,24,4.25,413
750,10273,13672,1,79159.16,2021-07-12,36,4.1,1400
751,19242,23387,1,65437.78,2023-01-02,12,5.53,1444
752,18498,30224,4,84115.54,2023-04-12,60,3.86,729
753,2391,1346,1,13451.13,2022-09-07,48,8.14,1301
754,1359,11386,1,4624.45,2024-01-16,48,5.8,1021
755,7949,31483,1,70448.87,2021-04-27,36,9.19,761
756,16370,23339,4,76039.39,2023-08-07,60,6.75,676
757,13239,34269,2,5920.18,2021-07-15,24,7.5,1418
758,12116,15361,4,43997.32,2023-02-07,48,9.94,1893
759,1472,25237,4,8516.11,2022-08-16,24,3.78,457
760,2798,6557,3,45905.85,2023-08-16,48,8.54,920
761,10488,37276,3,54083.24,2022-08-08,48,5.82,192
762,14446,6987,1,44448.69,2020-11-01,12,7.26,739
763,7677,1988,3,7411.43,2022-01-28,36,8.74,1713
764,8872,1393,2,39240.3,2023-08-10,60,3.47,1123
765,15597,18133,2,68864.81,2022-11-21,48,9.25,1572
766,10193,15698,2,90138.39,2021-09-26,48,9.87,978
767,266,18194,4,14274.44,2023-09-07,60,3.23,1009
768,5140,25017,3,53780.44,2021-04-23,24,6.74,96
769,5581,11408,3,13656.44,2022-07-15,60,4.81,1688
770,14840,1753,3,78679.77,2023-09-02,12,3.72,663
771,16750,21748,2,95264.47,2023-06-14,60,3.81,1214
772,10954,24443,1,75780.52,2021-06-15,48,8.48,1760
773,67,17939,4,57972.26,2021-08-28,24,9.75,37
774,4353,29968,2,55280.67,2021-10-25,24,7.41,1804
775,11738,6499,2,65429.24,2022-02-09,60,8.81,1393
776,18032,1009,2,57929.76,2020-08-13,60,9.01,1719
777,11198,34176,2,36672.45,2023-07-28,36,8.51,1549
778,18837,20065,3,75043.75,2022-10-20,12,3.45,279
779,8750,12514,3,38036.24,2021-02-17,48,5.77,217
780,12633,25408,1,93833.9,2021-10-10,24,5.82,867
781,8460,38284,4,15474.2,2024-04-19,36,5.75,873
782,2319,2142,1,74739.39,2022-08-02,60,7.07,1822
783,19462,22701,3,3632.5,2024-01-03,12,7.19,1297
784,6352,23300,2,19315.35,2024-01-26,60,8.82,1905
785,9707,748,3,31526.81,2023-07-30,36,5.28,62
786,17850,12124,3,95373.69,2021-11-12,60,3.09,596
787,16109,12137,1,84409.61,2024-01-21,12,7.61,1904
788,895,14940,4,25911.61,2021-09-28,24,7.46,729
789,8269,33807,4,38207.07,2021-12-24,48,3.05,1366
790,6793,38415,3,56467.83,2024-04-11,48,3.17,397
791,26,1130,4,91699.76,2021-04-06,36,3.58,699
792,5550,38637,2,98391.41,2021-07-04,48,7.33,1043
793,9067,20417,3,80725.82,2022-06-27,60,8.57,177
794,14210,2526,2,53323.62,2024-04-04,24,8.95,1636
795,15251,34251,3,95653.9,2024-06-16,24,5.27,396
796,5034,37413,2,41147.77,2022-12-20,60,7.66,445
797,16402,39145,4,23365.73,2021-10-15,12,4.82,1257
798,6702,12500,1,23839.84,2021-08-13,36,9.94,1939
799,5931,10529,3,4906.81,2021-05-16,48,5.01,76
800,5632,14208,1,16241.93,2021-10-05,36,5.48,265
801,13410,17668,3,83724.84,2022-05-27,24,8.06,455
802,2391,30406,3,59950.51,2024-03-30,36,7.94,1820
803,6616,35944,3,14555.22,2020-09-28,48,7.49,718
804,11725,16677,4,74323.35,2021-01-22,48,6.15,735
805,11563,7820,4,38361.97,2024-06-17,48,4.16,1408
806,9020,9493,2,42455.27,2023-07-22,60,3.52,1588
807,5867,28133,3,76092.24,2021-08-13,36,5.59,851
808,8408,8206,1,84294.74,2021-08-04,60,6.4,1530
809,2694,15003,1,67608.62,2021-01-17,12,7.54,1391
810,12622,18586,2,96561.66,2022-01-09,24,6.06,144
811,13385,6528,3,29400.9,2020-12-02,48,7.38,885
812,7357,3068,1,76337.49,2023-10-27,60,5.14,1093
813,8629,16222,4,46205.82,2023-01-30,24,7.43,1123
814,18235,22983,2,2353.6,2022-10-26,60,3.59,396
815,17035,25998,2,48632.31,2022-11-27,48,5.8,1049
816,19622,19453,4,12428.2,2023-10-22,12,5.6,948
817,6924,14424,1,54919.85,2021-12-20,36,3.11,891
818,1481,11041,4,9448.59,2023-10-10,12,6.02,1493
819,18761,34049,4,49050.81,2022-02-20,12,8.18,1508
820,525,21661,1,66103.19,2022-04-26,24,3.06,1589
821,7550,19972,2,28809.25,2022-08-07,12,5.95,1175
822,8382,36703,4,60478.12,2024-04-08,60,6.31,1168
823,13197,2683,3,68708.58,2023-06-07,36,5.94,569
824,6462,37146,4,4653.34,2021-07-09,12,3.73,1063
825,8671,22301,4,19406.08,2023-08-25,12,7.05,109
826,9330,35527,4,86357.4,2022-08-19,36,8.37,1717
827,18066,15291,2,97758.77,2023-04-08,12,4.52,1066
828,11502,18063,2,11059.06,2021-10-02,12,4.1,1210
829,1602,26767,4,78790.09,2023-10-12,12,9.57,935
830,2601,31538,2,40089.9,2022-10-20,60,3.6,398
831,14011,14133,2,46194.84,2023-08-09,12,6.95,1247
832,13904,3775,4,15084.71,2021-12-05,24,7.2,634
833,13852,29594,1,97795.27,2022-04-19,48,9.19,1157
834,13469,21345,1,49035.09,2021-05-09,60,8.31,1187
835,18151,13399,1,55199.0,2021-11-05,12,6.91,1239
836,14727,36510,4,64503.89,2023-01-09,24,4.03,733
837,2573,38676,2,92810.77,2022-10-13,48,5.87,235
838,17046,22022,2,62749.33,2020-11-28,48,6.96,1867
839,19225,8440,1,65176.82,2022-10-06,36,3.74,658
840,19644,22132,3,14678.06,2021-05-15,36,9.98,751
841,8862,4071,3,87691.97,2022-02-02,48,8.54,588
842,1369,36803,2,18276.21,2022-07-31,24,8.01,1033
843,19241,5554,1,38349.19,2023-07-24,24,8.04,1098
844,13005,30502,1,46069.15,2022-02-17,36,6.64,954
845,15862,33215,2,52927.71,2021-02-08,36,8.62,492
846,8513,8166,4,99738.28,2021-11-22,48,7.98,913
847,13864,11229,3,24329.05,2022-06-01,24,5.86,1277
848,14562,38259,2,29281.34,2022-11-21,48,4.88,1254
849,17709,30261,3,60129.95,2020-11-06,48,7.46,1543
850,14169,32501,3,76561.79,2023-09-14,36,8.15,1198
851,9994,15650,1,94920.92,2022-07-07,36,6.64,1677
852,3499,37023,1,99463.27,2023-03-27,36,7.07,1192
853,266,6025,3,77753.72,2023-11-08,36,5.87,170
854,6690,2042,3,53151.65,2024-03-28,48,7.52,1417
855,10194,24101,2,79830.74,2021-07-14,12,8.19,946
856,4769,13354,2,13854.47,2022-02-24,24,4.38,795
857,5570,14625,2,98828.7,2024-01-29,24,7.45,634
858,19544,27150,3,87621.18,2023-07-01,60,3.54,1218
859,7563,35295,3,33669.93,2022-02-14,60,5.03,1541
860,16067,7574,2,93630.84,2023-07-19,60,9.6,29
861,18,19068,1,33910.42,2020-12-07,48,7.3,1189
862,13520,29085,4,55325.71,2023-05-13,12,4.43,1446
863,3910,13268,4,72124.89,2022-12-22,12,5.46,339
864,15751,13023,4,54365.85,2023-08-21,24,4.33,1672
865,15044,13667,1,79307.0,2023-10-12,48,3.1,1520
866,19177,9469,3,81097.16,2020-11-09,24,7.41,1389
867,3775,7157,3,56882.83,2022-04-05,12,3.93,1857
868,17726,8932,1,66365.3,2021-02-02,12,8.4,1366
869,18233,22502,3,15831.8,2021-11-22,12,4.05,500
870,1228,34385,4,31710.92,2022-12-24,60,7.57,1681
871,10926,109,2,58837.55,2022-02-03,12,9.92,511
872,16812,27818,3,11305.63,2020-12-31,24,6.3,1351
873,19148,35475,1,11368.42,2023-03-10,36,3.84,217
874,15745,31965,4,25997.63,2020-09-22,60,5.78,1325
875,2342,26757,3,15979.3,2021-08-01,60,9.9,1156
876,1294,36163,4,10562.3,2022-06-07,12,6.62,1828
877,634,9857,1,69217.73,2021-01-07,36,8.55,1094
878,9739,21767,1,92964.1,2021-11-16,48,3.41,1276
879,891,10984,4,46734.39,2020-12-28,24,4.3,1439
880,18486,26709,3,85678.73,2022-06-05,24,3.48,1811
881,7935,35206,1,44545.98,2024-03-09,36,4.11,445
882,6741,1051,1,74296.03,2021-07-28,12,5.39,876
883,1243,2479,2,75739.72,2021-10-27,60,9.93,1206
884,4437,11412,3,95598.33,2022-09-13,36,8.11,167
885,8463,30238,3,3400.62,2021-05-14,12,5.73,91
886,800,22889,1,82576.19,2023-02-13,24,8.87,714
887,18501,5582,2,37657.25,2023-10-19,24,8.18,1882
888,19468,12245,1,63103.93,2023-09-18,48,4.38,1555
889,7113,19108,3,56677.13,2022-11-03,24,9.55,39
890,18995,1575,1,53215.2,2020-12-18,60,8.19,1150
891,2138,19516,2,25031.79,2020-10-10,12,8.33,1475
892,4596,30893,1,9261.92,2020-11-03,48,8.27,173
893,19153,18999,2,58694.12,2024-01-05,24,7.28,653
894,1137,17902,1,98629.81,2021-09-03,12,3.15,754
895,1323,34341,2,50356.04,2022-10-19,12,7.07,1244
896,3277,36121,2,13758.87,2023-06-21,48,4.73,1662
897,9586,32350,3,13684.29,2024-01-30,24,7.1,1082
898,18321,21650,3,87911.0,2021-10-13,36,5.63,1684
899,7310,21464,4,93506.93,2024-03-27,48,5.3,476
900,16515,32618,2,8691.08,2024-05-06,48,8.36,456
901,13493,18842,3,27868.48,2021-02-21,24,8.4,829
902,14214,36112,1,23643.43,2021-01-22,12,9.8,895
903,9016,26989,3,76676.65,2022-08-20,24,3.95,1385
904,8573,39720,2,51708.04,2022-12-03,36,8.45,1959
905,19941,29722,3,21655.11,2020-09-29,48,8.21,1025
906,12253,9858,4,15875.59,2021-09-09,12,8.49,387
907,13625,6288,1,49803.38,2020-07-25,60,6.67,1997
908,7151,39037,4,45548.05,2024-06-10,60,8.83,348
909,9506,29974,2,75177.04,2023-06-30,36,3.73,190
910,17490,13147,1,46544.18,2022-10-19,24,5.88,505
911,6061,27689,4,36393.18,2024-03-09,24,5.16,1215
912,684,29927,3,84095.08,2022-09-06,36,4.74,1532
913,5328,28530,2,98929.61,2023-06-20,48,7.46,1393
914,1475,17396,2,2949.08,2021-02-08,12,7.54,1433
915,10064,29838,3,24433.24,2021-03-18,48,9.74,824
916,6076,23939,4,77990.62,2022-04-04,24,5.91,929
917,12796,32326,2,50256.39,2023-08-14,60,4.02,934
918,19734,38517,2,14376.66,2021-08-03,24,5.31,1141
919,3694,16496,2,6111.66,2022-06-06,60,8.32,134
920,2998,1848,3,34066.11,2021-09-04,24,5.48,58
921,18548,14228,3,30470.49,2021-09-27,12,9.21,1580
922,11143,25819,1,10594.14,2022-11-21,48,5.76,685
923,44,32072,4,26276.57,2021-04-15,48,6.36,672
924,1679,3302,3,51115.39,2020-08-03,12,8.25,173
925,4974,15358,4,41175.33,2023-11-29,60,3.51,1853
926,6511,34146,3,87185.77,2024-03-24,48,3.14,815
927,5082,21436,4,47404.97,2024-03-31,36,9.69,1173
928,19251,38187,3,93594.17,2021-11-04,24,6.43,80
929,8847,12723,4,71096.15,2024-01-17,36,9.83,886
930,4456,33863,3,23532.34,2023-07-27,48,8.91,1237
931,9497,11735,2,84119.61,2020-07-08,36,6.39,203
932,17912,35199,2,84158.89,2023-03-24,60,8.1,764
933,18394,8295,2,19248.23,2023-12-26,48,6.99,1253
934,11156,2098,1,26991.06,2023-11-04,60,8.42,1700
935,14047,34936,3,67826.29,2021-01-01,24,6.9,1251
936,15570,36418,4,46247.93,2023-10-18,36,5.85,1683
937,4742,30067,1,17419.96,2023-08-26,48,5.74,1556
938,16824,17508,1,63536.22,2023-05-06,36,5.12,1465
939,19086,35366,2,97013.07,2023-03-17,60,3.97,1426
940,13789,4346,4,62209.29,2023-11-22,60,3.84,47
941,1771,39312,2,96711.51,2022-12-13,24,4.15,1257
942,11597,5951,2,44625.75,2022-06-27,24,9.61,1329
943,6946,34778,4,69734.62,2024-06-06,48,3.83,1550
944,17558,30422,1,45350.91,2024-04-15,60,4.4,1167
945,1626,4761,4,93436.07,2021-03-03,12,9.83,1439
946,5744,2671,4,18429.54,2022-07-19,12,8.69,1537
947,1016,9290,3,24070.53,2023-08-26,48,9.04,1397
948,3283,21379,1,3276.05,2022-10-06,48,9.7,1590
949,8181,7156,4,25682.97,2021-09-22,12,3.49,1910
950,9265,15364,3,4597.75,2022-07-28,12,8.85,1283
951,6157,1338,1,90844.67,2023-04-09,48,8.92,656
952,15008,21341,2,26859.73,2024-06-09,24,8.04,471
953,3415,7281,4,82551.87,2023-06-08,12,6.89,1977
954,6189,37150,1,58553.52,2022-11-26,60,5.68,971
955,10166,7149,3,42344.91,2020-09-20,48,7.76,1036
956,8867,32272,2,72172.04,2023-05-26,24,5.99,1354
957,18094,36053,3,44259.87,2021-06-23,24,4.85,736
958,18198,36214,1,71018.75,2021-05-06,48,3.37,784
959,17119,21376,4,39897.54,2023-12-12,60,7.16,968
960,5571,26558,2,75921.08,2021-08-10,36,6.79,358
961,12126,21360,2,36008.66,2022-01-29,12,3.77,972
962,5119,25240,2,39624.92,2024-05-16,48,9.83,1432
963,12402,24502,1,11101.43,2020-10-01,60,7.21,668
964,5999,7917,4,6695.19,2023-10-31,12,5.39,373
965,9090,3529,2,93198.13,2024-07-02,48,8.12,1032
966,5685,18298,3,74806.13,2021-01-26,36,3.81,1146
967,10677,4515,4,25648.85,2023-12-01,24,7.81,1372
968,15747,10484,4,73925.95,2023-05-22,60,8.66,676
969,12263,27299,3,28937.17,2022-12-18,12,6.62,90
970,8889,28416,4,6748.02,2022-01-18,48,9.07,1672
971,1200,29283,2,51853.75,2021-12-25,60,4.8,698
972,12891,14069,3,26745.98,2022-07-12,24,3.58,1340
973,18506,36495,2,6674.38,2022-06-14,12,5.14,1202
974,18251,2865,2,59377.58,2021-08-28,48,8.7,540
975,15471,14655,4,50666.34,2021-10-24,24,9.13,732
976,15363,20356,2,63998.89,2022-08-30,48,6.02,869
977,17401,677,3,20401.23,2022-07-31,48,7.19,41
978,11484,1435,4,28372.79,2020-11-25,24,3.5,740
979,14225,31237,2,55420.28,2021-05-22,12,3.82,1728
980,12828,28465,2,34328.47,2023-11-11,48,4.12,1947
981,8898,38873,3,17728.88,2021-01-27,36,7.46,502
982,14172,15010,4,48003.12,2020-09-07,48,5.13,959
983,670,20109,4,58322.55,2021-03-09,12,3.54,1169
984,15280,9160,1,16489.54,2021-10-14,24,3.13,1225
985,16217,37665,2,22069.22,2024-05-28,12,7.25,929
986,19084,6378,3,3650.08,2020-10-14,36,4.36,1748
987,16323,873,1,2805.14,2024-03-13,36,3.55,461
988,11519,34503,3,8052.14,2022-03-19,60,8.43,732
989,3010,4957,1,90224.55,2024-01-04,24,9.29,752
990,3069,9153,1,5441.4,2022-08-12,36,7.16,925
991,9376,11674,3,52137.78,2022-03-22,60,5.54,909
992,13143,29899,4,35563.05,2020-10-06,48,9.91,1582
993,15409,14546,3,23115.86,2021-12-20,12,3.4,1571
994,7424,29583,2,35441.36,2023-03-11,48,6.64,1277
995,10571,39635,4,59688.38,2020-09-29,48,5.3,390
996,18314,16078,1,19048.91,2021-09-22,60,7.75,1618
997,15490,13618,3,1764.35,2022-01-06,48,8.24,883
998,7559,14444,1,63705.46,2023-12-03,12,5.25,256
999,11857,12764,2,98662.64,2022-06-18,24,8.28,709
1000,10061,8560,4,82242.54,2023-10-31,48,6.41,1839
1001,13471,33924,3,25983.21,2022-10-06,24,5.09,1945
1002,16819,35159,3,5603.66,2023-02-22,24,4.91,450
1003,7890,25331,3,44121.52,2020-09-02,24,6.98,10
1004,15451,16235,3,22882.6,2021-05-28,60,4.77,824
1005,18197,2256,1,38909.55,2020-08-12,12,9.45,798
1006,3625,4763,1,97034.66,2023-06-26,48,7.48,1266
1007,9522,12763,1,24516.35,2023-06-06,36,9.37,1275
1008,12315,38076,2,56809.47,2021-04-27,60,4.28,877
1009,10313,34002,1,81890.23,2023-10-07,24,4.12,1029
1010,3292,22539,1,22997.51,2024-02-15,24,3.18,1143
1011,14742,34442,4,1666.36,2023-01-16,48,6.39,1016
1012,2052,16445,2,76233.48,2021-11-10,36,8.65,1825
1013,1951,38327,3,59161.47,2021-10-15,24,8.89,374
1014,18091,20606,2,32997.06,2020-08-21,24,3.27,1089
1015,2998,22280,2,91734.22,2022-03-16,36,6.27,146
1016,381,7963,4,32607.11,2020-09-09,48,3.16,224
1017,9105,39276,1,40872.53,2024-02-14,12,5.57,1263
1018,12720,23919,3,86216.19,2021-12-22,36,9.88,177
1019,19259,28599,3,46244.09,2023-06-06,12,9.36,1803
1020,1302,11575,2,69915.36,2023-09-22,60,3.58,853
1021,10648,39674,3,95681.8,2021-02-09,36,6.19,1306
1022,103,10956,3,56348.07,2024-01-09,36,6.82,63
1023,8428,20617,2,2454.78,2022-03-01,36,4.13,1241
1024,12313,31410,1,82441.05,2023-01-30,48,3.7,1878
1025,13642,11967,1,11061.57,2022-02-28,48,8.62,827
1026,653,31532,2,47014.96,2024-01-11,24,9.72,795
1027,8497,10178,3,11770.57,2023-10-10,36,7.47,689
1028,6212,32776,2,36708.13,2020-08-08,48,8.55,1485
1029,18410,9724,2,32118.85,2024-01-30,12,3.75,1953
1030,7380,37405,2,91031.95,2021-11-23,60,8.47,1634
1031,18291,29538,1,75537.7,2020-10-01,48,4.12,105
1032,202,13267,1,21859.37,2020-07-14,24,5.62,1123
1033,12719,38054,3,73180.21,2023-04-04,12,3.5,511
1034,1090,17993,2,70267.04,2023-10-18,12,5.56,385
1035,16440,32966,4,85025.93,2021-01-04,36,9.43,405
1036,2347,22451,4,61462.92,2024-01-10,36,8.05,823
1037,15754,24874,1,96526.31,2023-08-28,24,4.98,518
1038,2355,5372,2,95284.37,2023-06-22,60,8.64,476
1039,6932,13281,3,81957.81,2021-04-23,24,6.05,2001
1040,5951,35431,4,60730.76,2023-02-23,12,5.89,709
1041,7476,21315,4,11973.41,2024-01-27,12,7.95,1887
1042,16064,35447,4,86658.17,2021-07-08,48,7.51,1669
1043,19302,7936,4,49260.9,2023-03-24,60,9.83,1894
1044,15097,34792,1,76029.71,2022-07-19,60,3.03,771
1045,17093,4858,2,38416.76,2024-02-28,36,6.36,1461
1046,16700,515,3,20458.19,2023-09-26,24,6.61,1047
1047,11542,30379,4,86731.98,2024-01-15,48,8.94,997
1048,6165,37326,2,16693.66,2024-04-20,24,6.05,1589
1049,3674,33142,3,91341.99,2021-07-27,36,3.24,677
1050,3029,5355,3,27203.72,2023-03-03,12,4.92,714
1051,7741,26234,3,95504.87,2024-05-27,24,3.74,1482
1052,2389,19629,4,37698.67,2021-08-15,36,5.81,83
1053,18055,18618,1,64925.77,2020-12-04,60,7.54,1169
1054,13593,38629,4,27847.0,2024-06-22,60,3.68,1109
1055,4045,8215,3,36777.91,2021-02-21,12,3.23,1102
1056,7652,20939,3,73572.09,2021-07-29,60,6.81,457
1057,16586,16432,1,81022.35,2021-01-29,60,8.08,1902
1058,535,27703,3,52704.94,2021-04-19,60,3.1,1
1059,1866,9768,3,15308.17,2022-06-18,48,8.16,51
1060,6845,32312,3,1229.44,2021-02-27,60,8.69,685
1061,17095,12944,3,30703.12,2020-07-30,60,8.95,717
1062,11804,3190,4,82186.21,2021-02-03,48,7.64,1796
1063,12085,9740,4,41389.03,2020-08-03,48,6.53,1470
1064,14334,16681,3,43237.82,2020-11-02,48,4.16,449
1065,19586,5567,1,4379.72,2021-12-22,12,8.73,881
1066,17067,32236,4,84803.07,2020-10-16,36,4.75,488
1067,12398,3442,4,64615.45,2023-06-04,12,9.83,1824
1068,18249,4921,2,73323.41,2023-01-19,12,4.07,34
1069,2319,31113,3,54652.91,2022-11-03,36,8.28,1372
1070,5792,9386,3,20445.27,2022-09-17,60,7.92,95
1071,14833,35667,1,34344.97,2022-01-07,24,3.31,1096
1072,10724,15883,1,77418.1,2023-11-24,60,5.7,1575
1073,676,5746,2,23704.08,2022-01-31,60,5.21,154
1074,18808,5892,1,84291.87,2022-05-02,60,4.93,250
1075,10206,32452,3,44823.04,2022-06-21,60,7.56,674
1076,10899,2639,4,12268.44,2023-08-22,60,4.78,438
1077,19244,28231,4,24463.8,2021-07-04,24,9.43,118
1078,14688,32176,1,64665.26,2023-10-07,12,3.14,771
1079,4676,2481,2,76331.37,2023-04-08,60,3.07,1915
1080,10451,13275,3,4752.24,2023-05-20,12,5.86,1330
1081,5125,5730,3,46535.01,2021-06-05,36,4.97,268
1082,14465,9422,4,80843.21,2024-03-06,12,6.17,1985
1083,189,35177,1,57956.96,2024-05-14,36,5.37,1078
1084,12971,33093,3,99112.71,2023-06-07,48,9.57,236
1085,15297,16929,3,69220.07,2023-02-01,24,4.66,389
1086,11733,27708,4,19947.26,2023-05-30,36,9.5,990
1087,16757,3299,2,12541.9,2024-05-05,36,3.21,1758
1088,9240,10168,2,84567.4,2023-11-09,12,5.54,763
1089,12130,19219,3,21939.61,2022-07-14,36,6.31,1849
1090,14616,11615,2,32638.08,2022-08-29,24,3.21,401
1091,15587,9009,4,31922.0,2024-07-02,24,9.76,624
1092,19673,36408,1,3593.28,2023-11-18,12,9.47,767
1093,6368,34855,1,71493.89,2023-01-24,12,8.84,1327
1094,2328,6142,2,3781.65,2021-09-03,36,4.44,919
1095,14228,36505,1,38840.2,2020-11-28,48,9.27,1231
1096,18863,21339,1,26380.7,2022-05-17,24,4.71,1253
1097,6861,17972,1,96388.54,2023-09-30,60,4.45,853
1098,16333,39628,1,97734.07,2023-04-10,48,8.7,1934
1099,4546,27490,3,65856.81,2021-05-23,48,6.15,578
1100,13738,38642,4,68854.2,2024-06-02,24,7.25,75
1101,3206,8475,3,16795.97,2020-10-26,36,9.3,435
1102,3239,35616,3,16503.59,2021-05-15,12,6.07,103
1103,17968,38247,3,73623.53,2024-06-12,24,7.45,1446
1104,14214,30914,3,40385.13,2022-06-18,60,3.8,1728
1105,1964,34475,2,3482.92,2024-01-14,24,9.72,764
1106,13008,3778,4,30785.83,2024-05-17,12,5.43,738
1107,19986,31998,2,22021.79,2021-03-02,60,9.67,806
1108,8103,17496,2,98827.82,2023-04-15,24,5.33,1330
1109,872,4364,2,62589.91,2022-03-28,60,8.25,98
1110,13056,39408,2,41813.79,2021-03-08,24,6.13,1874
1111,7903,35795,3,71470.43,2021-12-20,48,9.76,798
1112,16732,10960,4,74019.67,2022-06-22,60,9.79,1359
1113,19547,31497,1,7164.78,2024-04-08,60,9.67,859
1114,13552,32513,2,32398.59,2024-02-25,24,9.13,435
1115,5283,19810,2,34135.5,2023-08-22,60,4.5,447
1116,1715,26510,4,84868.82,2021-03-28,36,3.21,1332
1117,12881,4422,4,82168.01,2024-06-11,48,8.58,249
1118,5880,23200,2,39674.89,2024-02-27,12,4.08,166
1119,12666,15497,2,69312.21,2021-09-06,24,5.16,1505
1120,13125,32508,1,33911.65,2024-01-29,48,5.52,984
1121,2120,12796,4,25608.05,2021-02-12,12,6.33,1359
1122,5612,15766,4,28451.73,2022-04-16,24,4.27,1020
1123,4653,26392,2,57111.0,2020-10-14,60,8.68,542
1124,5059,8437,1,72032.57,2022-01-30,24,9.82,759
1125,13384,31018,1,35573.15,2022-11-18,48,5.96,1130
1126,10222,27057,4,11311.24,2021-04-11,60,7.0,1587
1127,18193,36945,1,72989.53,2020-09-14,24,3.26,81
1128,13511,33336,1,33595.85,2021-01-03,36,6.15,133
1129,1858,39802,2,91593.66,2023-05-26,48,8.89,797
1130,14485,20415,4,40563.67,2022-04-19,24,5.2,900
1131,11572,3883,3,85141.2,2022-03-24,60,9.27,138
1132,1884,29125,4,66163.99,2021-11-02,60,7.34,184
1133,3085,1969,3,58911.78,2020-10-11,24,4.06,1425
1134,756,11537,4,87027.64,2022-05-17,48,4.74,1354
1135,15919,33676,1,95400.0,2020-10-18,60,8.38,785
1136,16952,22265,1,88236.42,2021-02-21,36,5.29,1532
1137,114,17274,3,2315.02,2023-07-15,48,6.47,1876
1138,1711,39954,1,27049.37,2020-12-23,12,5.49,984
1139,17827,37401,2,1424.57,2023-02-14,36,4.5,69
1140,3444,11056,3,49724.9,2021-02-25,36,8.56,546
1141,12983,34351,1,81698.61,2023-05-01,48,3.83,1798
1142,16813,30504,2,42962.61,2022-04-03,24,4.34,53
1143,8583,33321,2,49042.7,2020-10-17,48,3.79,1474
1144,2536,10499,3,16135.61,2022-07-22,12,6.73,205
1145,13723,35816,3,50930.31,2022-03-14,12,8.42,126
1146,13168,30398,1,35864.0,2022-05-27,12,8.03,1771
1147,13384,36513,3,17816.07,2021-10-22,48,4.07,43
1148,18819,11061,2,90146.59,2023-01-13,60,5.15,1776
1149,293,26237,4,39022.15,2022-10-06,48,4.7,1995
1150,18863,14333,4,72841.2,2022-04-10,24,3.36,1907
1151,3524,20703,4,85333.99,2022-10-11,24,5.58,111
1152,17967,18720,3,43291.89,2023-12-12,24,8.27,761
1153,4815,37610,3,1226.76,2020-10-07,36,7.97,1687
1154,12251,28562,4,30461.32,2021-03-31,12,8.18,1207
1155,508,18262,3,73941.96,2022-11-29,60,7.82,848
1156,13842,15756,2,59095.24,2023-08-19,12,9.86,95
1157,15237,18464,2,1895.94,2022-04-23,60,4.51,1995
1158,15422,33815,3,89520.31,2021-07-19,36,6.93,1398
1159,12200,23811,4,63309.46,2020-07-23,12,7.35,1936
1160,8900,33613,2,6394.02,2023-02-25,12,9.32,1544
1161,13103,35169,4,71516.86,2020-10-07,48,4.46,900
1162,16023,17906,1,69875.4,2021-02-25,12,3.9,360
1163,19418,34025,2,56782.74,2023-04-05,60,3.16,900
1164,2701,24131,3,43163.36,2021-11-03,24,6.86,1720
1165,15420,26638,3,42988.14,2023-02-22,12,5.21,281
1166,1487,20168,1,10117.92,2022-06-12,12,5.28,1219
1167,1804,3705,3,39227.55,2022-09-27,12,5.87,1888
1168,14085,29970,3,74098.84,2020-11-03,36,9.99,1219
1169,19175,39280,4,37303.07,2024-05-24,48,3.46,667
1170,15420,30258,2,40734.49,2022-01-20,60,7.42,93
1171,9287,6374,4,32755.46,2022-02-22,60,9.35,672
1172,13420,17019,3,83912.48,2023-03-30,36,7.03,1970
1173,1198,30292,4,88901.52,2021-10-28,36,8.08,61
1174,18509,190,1,20497.5,2022-10-25,48,8.46,634
1175,10561,35847,4,38147.87,2023-02-05,48,7.41,1075
1176,9098,1981,2,12217.89,2023-08-31,48,6.99,1427
1177,2893,8909,4,99368.99,2023-10-05,24,5.35,1813
1178,8543,7847,2,25305.37,2022-06-29,24,6.27,1029
1179,7128,7,1,81350.23,2022-04-07,24,4.02,1490
1180,3213,14836,1,54439.01,2020-12-23,48,6.78,604
1181,4669,38577,4,51373.16,2020-12-23,48,6.03,682
1182,18468,34166,4,24991.87,2022-03-05,60,4.75,1853
1183,10093,8627,4,81406.44,2022-12-22,60,9.8,534
1184,8325,7637,3,37066.14,2024-03-22,12,8.38,1429
1185,10757,12191,2,61103.72,2023-07-30,48,4.41,838
1186,10969,7818,3,56861.85,2021-06-28,36,7.39,1537
1187,2604,29552,2,52029.37,2023-02-10,48,3.39,645
1188,12668,1720,2,55008.53,2020-07-11,12,6.27,233
1189,19643,32468,4,49102.44,2021-03-25,60,5.9,524
1190,9562,16693,3,70515.79,2024-06-26,12,3.76,346
1191,13455,37262,4,95718.81,2020-10-11,36,7.97,1070
1192,7767,13144,2,69892.92,2020-12-13,60,8.79,546
1193,16774,25046,2,44539.28,2024-02-19,24,7.68,1969
1194,14658,36929,1,46759.31,2022-08-20,60,5.38,1102
1195,14177,2719,1,33146.95,2024-01-03,48,3.81,1754
1196,18599,13938,2,62590.26,2022-10-30,12,9.86,1837
1197,10768,32218,3,3745.64,2024-02-05,36,9.66,1947
1198,17450,37585,4,28886.39,2024-04-20,48,8.26,1097
1199,11813,37676,3,52817.43,2024-02-29,48,3.46,794
1200,5683,38017,3,72461.21,2022-05-21,48,7.77,249
1201,885,35051,2,90809.92,2021-10-08,36,9.63,47
1202,16730,8252,2,86900.16,2021-10-07,24,3.66,1145
1203,101,36607,3,47109.63,2022-08-31,48,3.97,214
1204,2521,10418,4,64462.73,2023-05-25,48,8.26,239
1205,886,29231,4,10095.78,2021-09-06,60,3.24,1080
1206,4360,15691,4,44666.0,2022-01-12,36,6.38,350
1207,5410,15336,1,50394.94,2023-07-08,24,5.73,107
1208,14548,17431,4,77585.73,2021-08-30,24,5.7,831
1209,19153,20475,2,26676.36,2022-12-09,60,6.29,48
1210,2848,16242,3,75243.67,2024-04-30,24,7.01,1597
1211,2917,24356,3,70004.05,2022-11-07,60,6.08,337
1212,14351,5048,2,6884.59,2024-05-09,36,7.09,1050
1213,17276,34981,2,87348.97,2022-06-01,60,4.19,804
1214,18743,37578,1,38361.42,2023-07-27,60,3.02,1281
1215,3748,38515,3,29028.11,2020-08-13,48,9.84,8
1216,14855,1173,4,10802.45,2021-02-20,12,4.1,625
1217,4706,11007,3,34466.71,2024-01-08,36,3.65,1891
1218,8313,28281,1,5437.52,2021-01-15,24,9.72,1277
1219,19908,13528,1,50242.18,2022-07-07,24,6.2,1716
1220,6172,24301,1,46837.9,2022-05-22,24,3.4,719
1221,15562,24698,2,60105.82,2020-10-18,24,7.05,303
1222,18661,11318,3,63964.14,2024-06-09,60,5.47,639
1223,2755,26461,3,44820.95,2021-04-14,60,6.37,56
1224,6183,36859,1,21058.02,2023-05-03,24,7.21,726
1225,14287,36996,3,15452.51,2022-10-18,48,3.08,526
1226,18779,34422,1,97037.88,2022-12-02,36,7.85,474
1227,16804,34740,3,50274.68,2023-03-23,36,4.69,28
1228,10880,29563,3,75952.24,2024-06-10,60,6.47,78
1229,5704,20128,3,31167.81,2021-10-03,60,3.46,1240
1230,19473,30804,4,96480.22,2021-06-22,24,8.39,1410
1231,9562,1830,1,50126.23,2021-08-05,48,3.69,365
1232,9974,24637,1,41300.68,2020-09-13,48,8.8,666
1233,2485,1629,1,37137.31,2024-04-22,12,3.57,526
1234,7896,8682,4,49624.87,2022-03-18,60,7.44,699
1235,8680,39369,1,73255.55,2022-05-13,48,8.95,1336
1236,8214,13622,3,73150.3,2023-12-14,12,5.41,883
1237,1481,3454,3,67249.52,2024-03-11,36,6.23,1031
1238,16781,19861,3,87662.47,2023-01-10,12,7.38,1027
1239,5388,6073,2,73351.14,2023-07-13,48,5.16,1647
1240,13264,4053,3,51850.08,2021-10-17,12,3.2,919
1241,10567,27460,1,63807.01,2020-12-21,48,4.21,750
1242,12473,3262,1,68826.79,2023-03-05,48,7.69,363
1243,15036,24210,4,3462.1,2022-08-25,60,9.32,1775
1244,15860,12081,4,73149.54,2022-12-19,24,4.34,1532
1245,16294,38658,3,30950.85,2022-06-03,60,9.7,1298
1246,229,11293,2,50618.78,2022-11-10,12,5.07,1530
1247,14958,22784,3,75179.78,2021-06-14,24,3.15,806
1248,15375,220,1,83888.8,2022-11-25,60,8.38,739
1249,2854,2459,2,5719.26,2023-01-21,48,6.33,1907
1250,10916,4733,2,14410.24,2023-12-02,24,9.0,1039
1251,17218,19531,4,6330.34,2022-11-05,12,6.92,1216
1252,8774,30018,4,77759.37,2023-04-03,48,8.92,1655
1253,63,13536,4,59579.36,2022-01-03,36,3.85,485
1254,6846,32737,1,19556.99,2024-03-12,60,5.12,28
1255,4073,19603,1,15426.15,2024-01-08,24,4.59,714
1256,8761,35260,1,17683.26,2021-07-12,24,5.43,1063
1257,9283,5875,2,52589.16,2023-10-29,24,3.9,1977
1258,16217,28655,3,22992.6,2021-03-01,48,4.98,1297
1259,11903,26911,2,79854.15,2021-06-01,24,8.02,1255
1260,19198,7881,1,53262.93,2024-04-20,48,4.17,86
1261,5986,5698,4,31957.07,2021-01-06,60,6.14,1498
1262,15076,12249,2,67402.37,2023-07-10,12,3.5,126
1263,14890,23142,4,50297.98,2022-06-29,12,7.6,812
1264,2002,35253,1,25033.57,2022-03-25,24,8.42,537
1265,9090,36633,1,55482.07,2022-10-24,48,5.82,145
1266,15026,24181,4,34688.76,2020-09-09,12,5.51,1549
1267,10902,17023,1,36971.88,2023-04-27,12,3.78,1236
1268,3765,24537,3,43308.79,2021-07-27,48,4.98,25
1269,14475,17124,3,69191.45,2022-09-07,24,5.92,1604
1270,6569,15635,3,23101.65,2023-10-20,36,7.12,1418
1271,18211,36956,1,42791.21,2021-07-19,24,4.62,67
1272,8433,26206,4,14684.02,2024-05-22,60,5.01,233
1273,19723,30956,2,79375.75,2021-09-29,24,6.39,109
1274,14018,7392,2,47038.4,2023-02-15,24,8.84,1170
1275,9282,7278,2,68950.85,2024-04-11,24,5.91,111
1276,11656,33228,2,17813.4,2023-10-21,60,8.85,228
1277,12710,16720,2,95545.85,2022-06-23,24,3.38,111
1278,13868,18441,4,25284.91,2021-03-05,24,8.07,1494
1279,512,12271,1,62566.13,2021-05-01,36,4.57,34
1280,5123,963,1,43230.43,2023-01-05,36,6.69,623
1281,7388,11778,3,6240.22,2024-02-06,24,3.56,1800
1282,18865,33205,1,3665.91,2022-12-22,36,6.07,1960
1283,1337,35708,1,72705.93,2023-06-30,24,8.63,1393
1284,12774,833,2,70600.87,2021-09-01,60,3.5,748
1285,11964,28048,3,23109.49,2023-01-09,48,9.68,595
1286,18938,8907,4,15770.32,2022-06-11,60,5.12,1578
1287,9301,16958,4,97584.32,2021-12-06,48,4.46,425
1288,1298,16252,4,93315.21,2024-01-03,60,4.54,613
1289,4782,34570,4,28611.65,2020-10-02,12,9.29,1542
1290,12353,24261,3,5928.26,2020-11-10,36,7.6,692
1291,147,16206,4,72634.74,2022-12-31,36,7.33,1306
1292,18542,24210,2,37820.44,2022-03-23,36,7.86,1344
1293,6665,22419,3,81053.61,2023-04-28,12,7.98,1762
1294,5027,13454,1,43567.77,2023-03-02,48,7.18,1467
1295,1294,14818,4,28877.22,2023-07-08,24,5.76,1976
1296,1556,5084,4,54223.27,2021-01-10,12,6.34,315
1297,15931,36689,2,3865.71,2023-05-12,48,4.92,877
1298,19577,17097,2,76000.32,2022-12-29,24,6.35,1990
1299,2584,29959,4,32976.56,2021-03-02,60,9.96,1765
1300,16239,27332,4,45313.93,2021-05-06,48,9.11,1401
1301,4726,16113,4,47243.97,2023-05-01,24,4.28,1313
1302,5325,2601,1,94780.28,2022-11-19,36,4.79,1461
1303,924,25237,3,24487.55,2024-04-30,24,6.66,662
1304,13058,4463,2,21969.08,2023-02-16,12,5.82,277
1305,12334,33825,1,87070.61,2020-11-19,12,3.53,1734
1306,6113,10606,1,11034.13,2021-12-23,12,7.94,1606
1307,19128,4675,4,55207.66,2023-02-18,12,3.61,1527
1308,17271,11891,4,32475.65,2023-09-20,60,3.07,624
1309,7705,33005,4,41113.25,2021-04-24,12,5.06,516
1310,17235,11063,3,6824.21,2020-10-24,12,5.04,1374
1311,11692,27987,4,68460.45,2022-08-11,24,5.22,843
1312,9583,24948,3,59548.51,2023-11-29,24,3.11,1470
1313,201,13449,3,76427.31,2023-06-25,48,9.02,1854
1314,18893,15032,3,27145.73,2021-08-25,12,9.67,350
1315,19794,13165,3,58003.66,2021-02-11,60,7.39,1631
1316,7048,3135,4,4179.93,2024-05-18,36,3.53,1688
1317,6037,31965,4,24177.47,2020-08-17,48,9.18,823
1318,15065,38444,1,22760.19,2020-12-28,60,3.29,1161
1319,19830,16666,4,44298.9,2020-07-24,12,8.99,759
1320,5907,38729,1,22523.1,2021-03-14,60,8.35,899
1321,16572,31541,4,96695.96,2023-01-26,12,6.31,243
1322,1918,9706,3,64591.06,2021-06-10,36,6.7,543
1323,19696,25429,3,8508.58,2024-06-15,60,7.33,1064
1324,2124,37607,4,1549.59,2023-05-16,24,8.72,229
1325,288,11689,4,9888.62,2024-06-11,36,4.48,548
1326,6283,17491,1,13129.74,2023-07-06,36,4.24,920
1327,11466,39971,2,86494.49,2021-12-20,36,4.04,1247
1328,9708,27212,4,98684.37,2023-12-21,48,6.58,6
1329,325,12123,3,28842.61,2022-11-03,24,6.38,1346
1330,1986,30698,2,32510.87,2021-06-18,12,9.83,468
1331,8388,21433,1,1200.74,2020-07-10,48,3.42,1756
1332,3824,31523,3,12097.22,2021-12-12,12,9.35,75
1333,14096,3629,4,85476.84,2022-09-07,48,6.81,4
1334,3333,12764,4,28496.0,2024-06-28,24,5.91,1871
1335,13636,35033,2,26646.0,2023-06-26,24,6.37,646
1336,1955,2547,1,71693.87,2022-03-02,60,4.36,118
1337,8999,1315,1,10153.84,2020-07-19,60,8.16,881
1338,15460,38612,3,40062.29,2022-05-09,24,7.27,1630
1339,19745,28592,1,97001.24,2023-02-04,36,6.68,504
1340,13415,20122,3,33028.45,2024-04-06,60,9.7,947
1341,5839,766,3,60599.49,2022-09-09,12,5.44,574
1342,17779,16127,1,93561.0,2022-08-13,36,6.05,1465
1343,4051,18282,3,67097.38,2022-01-25,48,7.76,194
1344,7856,6809,1,68197.12,2021-08-22,12,8.09,847
1345,12577,12309,4,38345.82,2020-11-30,36,4.05,715
1346,3114,28814,3,2288.49,2024-01-29,12,8.6,1416
1347,15427,37921,1,6939.6,2022-02-16,48,8.46,1050
1348,5574,29080,1,91043.53,2021-11-21,36,4.53,1459
1349,1262,29826,3,29413.57,2023-08-05,48,7.83,173
1350,12368,18584,4,76967.2,2023-01-06,12,9.66,1324
1351,18682,9791,4,51815.19,2022-09-25,12,7.73,1669
1352,17872,9442,2,99442.78,2022-04-02,36,5.61,326
1353,8024,1229,4,83632.1,2024-02-20,36,4.37,1434
1354,17583,9525,1,66636.84,2021-08-22,12,8.14,1142
1355,19985,14754,1,86588.73,2020-11-27,12,8.3,836
1356,9955,21577,4,47476.47,2023-06-20,36,7.05,1811
1357,5975,27538,3,34285.97,2021-08-30,48,5.9,724
1358,387,34989,4,67950.55,2023-04-10,24,8.14,225
1359,3671,8343,4,56340.77,2024-03-02,36,6.17,532
1360,8447,29331,4,19698.4,2022-12-24,60,5.67,113
1361,13998,27910,3,10302.92,2021-05-10,48,9.55,140
1362,18804,36569,4,32644.03,2021-01-25,24,8.02,559
1363,13648,4761,1,3987.68,2021-04-20,36,4.08,1
1364,15642,23028,4,67828.15,2023-03-04,36,9.9,90
1365,19252,360,2,76109.7,2023-05-01,60,7.8,654
1366,17769,36988,2,55341.08,2020-08-20,24,8.65,320
1367,4499,31853,3,90980.9,2021-07-09,48,5.6,1574
1368,15461,33623,1,26584.18,2021-04-16,12,5.21,1829
1369,1975,9523,1,91833.07,2022-06-19,60,6.36,1918
1370,967,31613,2,83570.95,2023-02-07,36,4.9,139
1371,15265,33676,3,46616.5,2024-02-09,60,5.77,1535
1372,14647,6850,1,11530.5,2021-07-16,12,8.46,1892
1373,19756,19675,4,72791.96,2021-04-04,36,5.06,845
1374,9660,9208,4,77845.9,2022-01-07,24,6.55,259
1375,14525,37519,3,29371.18,2021-11-09,60,9.14,1697
1376,13610,34408,1,61607.98,2023-01-30,48,3.72,902
1377,18508,3084,1,4675.84,2021-06-15,24,6.15,690
1378,907,33495,4,87547.67,2023-10-06,36,3.96,10
1379,10293,10180,3,9083.97,2022-10-27,12,6.86,261
1380,9686,28562,2,78840.66,2023-09-05,36,4.6,1943
1381,8317,39723,1,77496.54,2023-11-11,12,3.9,1674
1382,3189,20429,3,60294.01,2024-05-31,60,5.11,172
1383,3351,23922,3,92242.79,2022-07-06,12,8.6,898
1384,9261,14366,1,99137.39,2021-09-09,48,6.39,13
1385,19243,8662,3,65418.07,2021-05-27,36,4.09,1192
1386,12716,2917,2,76883.52,2024-01-24,48,8.68,1666
1387,6667,24955,3,6188.93,2024-03-17,24,5.86,1620
1388,18447,2666,4,98828.72,2023-09-02,12,9.02,321
1389,9719,28991,2,56848.51,2022-06-29,36,5.12,1343
1390,9107,5998,4,54884.67,2023-06-26,60,9.1,1637
1391,17837,24068,1,50077.67,2021-08-08,12,6.69,329
1392,6627,4115,4,97834.86,2020-09-06,36,6.8,785
1393,1090,6431,4,61295.0,2020-12-07,12,8.77,777
1394,7108,30064,1,83181.33,2021-10-14,36,5.83,1995
1395,6284,18560,1,70454.1,2022-04-20,36,9.19,911
1396,19805,21743,4,84247.74,2020-09-03,48,8.74,1944
1397,8647,36982,2,56025.76,2022-11-11,60,5.25,1574
1398,2692,15425,3,75984.12,2023-03-04,24,3.59,1443
1399,6904,18951,4,2034.19,2021-11-06,24,5.64,1630
1400,2360,32560,4,38624.87,2021-07-07,48,9.27,1119
1401,17773,17905,2,94229.59,2024-01-14,36,3.61,1841
1402,17185,27346,1,79250.12,2022-02-05,24,7.52,1605
1403,15479,34242,4,14412.22,2021-06-06,12,5.34,318
1404,2841,38823,2,50031.42,2023-06-26,12,6.23,1980
1405,12735,4477,2,12041.63,2021-06-02,12,4.18,236
1406,3718,26086,1,44497.79,2022-03-20,24,8.03,1970
1407,4969,23343,3,99320.74,2022-04-05,48,9.35,334
1408,4653,15211,4,6600.53,2024-02-13,60,5.7,1909
1409,2300,29272,3,20789.75,2020-12-21,12,3.67,376
1410,4458,17386,1,89489.46,2023-06-01,48,7.09,1483
1411,6670,33589,4,77208.57,2023-07-02,36,8.93,1161
1412,15959,3436,4,77147.65,2023-10-04,48,5.68,1954
1413,17948,36467,3,39986.72,2021-05-01,12,7.13,588
1414,3450,36023,1,85730.91,2021-07-03,12,4.89,1571
1415,3624,12388,3,99460.83,2022-11-10,12,7.96,513
1416,941,5769,1,66663.76,2024-04-28,60,9.37,1320
1417,7525,23527,2,49413.41,2022-07-11,36,6.03,1344
1418,17470,34742,2,50540.81,2023-03-03,60,3.06,918
1419,14176,37584,1,94225.22,2021-03-12,36,7.56,1596
1420,959,34647,3,73407.3,2021-09-22,48,7.64,1856
1421,12676,27395,3,88845.9,2024-03-10,12,9.24,1373
1422,6527,2257,3,66980.58,2021-06-27,24,6.67,1864
1423,8831,8768,4,75844.0,2021-01-29,48,6.86,1803
1424,9431,1847,1,58164.79,2023-01-14,36,9.28,873
1425,7260,11428,3,99933.97,2020-09-09,36,4.45,1253
1426,3738,5395,4,86263.66,2023-02-25,24,3.09,270
1427,13941,24783,1,95602.01,2023-12-09,60,5.52,1852
1428,13903,26434,1,64709.98,2022-01-03,12,4.36,798
1429,17279,12263,3,57616.7,2023-07-06,60,8.87,1315
1430,248,18843,2,97500.14,2021-03-17,48,5.06,725
1431,15037,12669,1,89023.84,2023-05-25,24,5.43,1189
1432,12248,13291,1,20033.15,2022-07-20,60,4.74,5
1433,17135,749,3,91075.42,2020-10-08,24,9.11,851
1434,7126,28959,1,38132.62,2023-04-27,12,4.92,1403
1435,10536,15257,4,32679.51,2021-10-16,12,5.4,78
1436,15611,27450,4,42430.1,2023-10-02,24,9.09,1434
1437,1575,9873,3,7035.88,2020-09-29,24,4.17,574
1438,8119,26609,2,5460.66,2023-07-26,24,3.6,132
1439,5724,2213,1,12008.55,2020-09-29,60,9.16,601
1440,4420,39527,4,8974.99,2022-07-31,12,4.29,1773
1441,16533,38167,3,32370.6,2022-10-10,60,9.63,1066
1442,10283,9701,1,83407.81,2023-03-23,60,5.26,89
1443,15092,31693,3,81530.79,2024-06-03,12,4.21,402
1444,8253,22810,1,78866.36,2021-07-24,60,9.26,296
1445,136,23815,4,56444.26,2022-05-31,24,3.67,1864
1446,1136,30621,3,25323.61,2021-04-12,48,9.15,1319
1447,15555,27512,2,62096.21,2021-05-23,12,4.02,616
1448,2163,13484,4,42435.11,2020-11-16,60,8.0,1550
1449,9839,28289,2,21051.57,2024-02-21,24,6.06,800
1450,15789,23370,4,74613.14,2021-06-05,60,8.69,1715
1451,2940,1308,3,38100.35,2024-06-19,48,6.43,1661
1452,7664,17241,3,57441.62,2022-04-09,24,7.77,422
1453,10474,17824,1,56066.38,2022-07-24,60,4.03,1889
1454,4119,37790,2,91056.62,2023-02-14,48,6.75,1047
1455,6508,17927,1,94119.13,2023-12-08,24,6.09,575
1456,6970,31486,3,22620.02,2022-12-06,36,8.12,143
1457,8531,13019,1,3685.6,2020-10-31,60,5.16,993
1458,680,32453,2,91411.12,2023-12-02,48,6.25,665
1459,15639,1263,4,75439.22,2023-07-31,60,3.19,145
1460,8446,8442,1,33952.39,2020-08-13,36,6.87,1249
1461,14972,22613,2,83864.68,2021-01-23,12,3.02,1007
1462,19863,23788,3,1710.71,2023-05-05,36,5.81,503
1463,2442,6439,4,29044.02,2024-01-21,36,4.28,1986
1464,1984,2089,1,80936.11,2020-10-28,36,3.57,1998
1465,5824,15361,3,94830.58,2022-11-02,48,8.85,821
1466,2498,27627,2,21720.57,2021-11-19,60,4.26,1640
1467,15005,3609,4,69320.16,2023-12-24,36,9.1,104
1468,18404,10295,4,72636.23,2021-10-12,24,8.86,1971
1469,8517,28439,1,74077.04,2022-10-13,60,9.35,1063
1470,8392,25045,1,22085.66,2022-10-17,12,4.45,1971
1471,9302,17271,3,4055.04,2024-03-08,12,9.58,198
1472,13355,10084,4,84957.0,2023-01-19,48,7.33,1670
1473,3991,12962,1,94702.1,2022-03-22,36,9.22,579
1474,4458,36112,4,52365.56,2024-04-28,48,6.95,391
1475,3750,107,2,75603.67,2021-02-24,12,5.02,1203
1476,6524,37038,4,84306.11,2021-12-05,12,8.57,1992
1477,3398,39364,4,88608.3,2022-02-11,36,8.36,554
1478,9018,3798,3,53007.46,2022-11-15,36,5.63,1472
1479,3590,39702,3,80029.6,2024-06-07,12,5.5,1524
1480,14371,2933,4,47774.5,2021-06-04,12,4.47,1039
1481,6663,26396,3,53685.79,2021-11-25,36,7.27,1647
1482,11338,25116,1,75846.06,2021-02-28,36,6.22,1693
1483,19924,14805,3,1153.38,2022-08-28,24,9.69,1313
1484,6677,15082,2,93926.87,2022-05-10,60,6.95,478
1485,7674,10285,3,85475.72,2021-11-21,12,7.24,1255
1486,19749,24022,1,83567.56,2021-10-15,24,3.57,923
1487,9260,39572,3,15178.96,2021-03-27,24,5.76,420
1488,13949,22277,2,57774.7,2022-08-28,12,5.1,157
1489,7623,24401,4,35506.04,2020-12-26,36,9.21,550
1490,8689,8506,2,8065.22,2021-02-03,36,6.37,1465
1491,733,4529,2,40744.91,2023-04-06,48,7.15,1121
1492,5878,32513,4,60649.17,2020-09-17,60,8.68,1021
1493,2802,31357,1,8277.45,2023-05-08,24,5.55,997
1494,533,35785,1,81217.04,2020-09-15,36,5.51,1435
1495,7214,30031,1,89171.81,2021-01-03,24,8.34,951
1496,308,26677,4,60897.82,2021-08-24,36,3.01,289
1497,12857,39687,4,36259.64,2023-05-17,36,8.12,1278
1498,1235,2143,2,88287.38,2020-12-10,36,3.52,196
1499,2455,15498,3,27207.43,2023-06-03,60,5.04,598
1500,3693,9903,4,14117.08,2023-01-29,12,8.31,1858
1501,620,14287,2,98513.21,2023-06-04,12,8.42,1546
1502,8015,5911,1,37884.39,2020-10-14,12,8.01,517
1503,7811,15393,4,17039.56,2022-05-09,60,5.49,1659
1504,9979,15597,2,50507.58,2021-09-03,60,8.71,1866
1505,12539,1874,3,30468.18,2022-03-23,12,4.14,865
1506,13473,34092,4,68277.45,2023-02-23,12,6.26,1142
1507,3740,17638,2,45744.1,2023-01-25,60,6.03,806
1508,3953,16303,2,52558.35,2021-01-27,24,5.66,1933
1509,7418,27526,1,18963.03,2022-03-15,60,3.85,1183
1510,7618,36361,3,96806.9,2023-02-09,24,3.71,815
1511,2683,3680,1,92555.25,2022-03-22,36,6.8,228
1512,12005,8089,1,47197.1,2022-12-01,60,3.97,1901
1513,13537,10321,1,53525.2,2022-10-22,36,5.96,216
1514,16526,23745,2,78574.48,2024-05-05,48,3.27,948
1515,768,29228,1,12097.75,2022-03-01,24,6.22,1720
1516,6588,4147,1,41778.9,2024-06-20,60,6.91,15
1517,13027,7328,1,84685.27,2023-07-22,36,4.48,1181
1518,1134,29016,4,11883.93,2022-07-26,24,7.97,1672
1519,19048,15205,1,93288.11,2023-06-18,12,9.29,1285
1520,14269,23903,4,66735.53,2023-07-11,36,7.3,1181
1521,4118,11565,2,66278.3,2024-01-24,36,8.63,47
1522,19403,20747,2,36299.87,2022-06-01,48,8.57,324
1523,13421,1044,2,42110.55,2022-07-02,48,3.29,844
1524,12731,39767,1,63455.82,2021-12-18,60,3.66,1709
1525,11621,9104,3,5522.82,2024-03-04,12,5.13,130
1526,14623,23541,2,6407.76,2023-07-24,36,4.31,1435
1527,9956,37742,3,53647.33,2021-01-26,36,5.79,95
1528,4801,20321,2,92741.0,2024-02-20,12,8.88,627
1529,16640,12783,1,16830.34,2023-03-31,12,4.71,755
1530,17286,32692,2,34676.21,2020-09-15,48,5.72,1956
1531,9898,13233,4,94932.65,2023-05-30,36,8.48,1316
1532,11978,31304,4,77992.1,2021-07-11,60,3.61,794
1533,8324,23800,2,92079.46,2022-07-18,60,5.44,1835
1534,10093,23661,1,81013.34,2021-07-22,12,6.71,1307
1535,14379,16578,1,72128.08,2023-01-12,36,3.35,69
1536,3954,3832,2,36658.8,2021-08-02,24,7.0,1684
1537,1892,32493,1,38646.58,2023-03-02,36,9.85,11
1538,16553,34264,2,67229.33,2023-12-02,60,5.08,1278
1539,6875,8700,2,99415.22,2021-05-14,36,9.15,1866
1540,1326,21629,4,32304.36,2022-02-23,36,3.99,872
1541,8067,21531,1,58001.13,2023-12-19,12,4.69,550
1542,13918,11136,3,63512.36,2022-03-25,24,5.74,1158
1543,2853,15323,3,77625.0,2023-03-10,24,6.24,712
1544,18735,22351,3,30254.2,2023-02-13,24,9.39,23
1545,12057,20419,4,18462.15,2021-06-26,24,7.42,815
1546,12094,8979,3,22242.14,2021-11-20,36,4.95,346
1547,10262,22372,2,39304.07,2022-06-14,36,5.38,302
1548,6688,14606,3,35929.22,2023-06-10,24,5.51,363
1549,11165,6231,2,99207.98,2021-06-07,48,8.74,396
1550,1030,39202,3,5462.84,2021-01-04,48,5.5,218
1551,4506,5950,2,29586.4,2022-07-09,24,3.42,141
1552,16190,23886,4,87780.93,2020-07-04,12,6.95,1640
1553,11440,32209,1,88189.81,2021-02-20,48,9.98,958
1554,3855,11498,2,4561.87,2020-09-02,24,5.05,1234
1555,1545,3452,2,32575.85,2021-09-09,36,4.47,985
1556,17499,26402,2,96980.6,2022-08-02,48,4.67,993
1557,4123,30211,4,90321.5,2024-04-19,12,9.51,1647
1558,9430,13847,2,83454.51,2023-04-07,60,3.49,1640
1559,7286,1454,4,77661.0,2024-01-23,24,9.63,828
1560,14168,9165,3,11735.53,2022-01-03,12,3.12,683
1561,13868,16456,3,74758.46,2023-01-21,36,5.46,1484
1562,5175,12288,3,13683.69,2024-06-15,36,7.86,1004
1563,4563,10070,4,1629.94,2022-02-02,12,9.75,356
1564,5175,2865,2,88150.11,2021-03-31,12,5.15,1008
1565,7942,11205,1,40963.72,2022-03-27,60,4.15,1348
1566,5389,10936,4,21343.04,2023-05-15,60,9.47,1157
1567,13190,37229,1,87919.26,2023-06-04,60,8.08,888
1568,16585,8319,3,74773.19,2022-09-24,36,8.84,1829
1569,6168,4830,3,76585.49,2020-11-05,24,5.15,1864
1570,8250,34838,3,66381.47,2021-08-14,60,4.87,127
1571,8924,14681,3,10028.12,2023-06-11,12,9.19,1130
1572,12564,3369,1,10045.35,2022-12-23,24,6.06,1009
1573,18080,35167,1,95874.83,2023-04-22,12,3.39,604
1574,7752,1948,4,78540.91,2023-08-15,12,5.5,1823
1575,17950,37831,1,57512.28,2023-08-24,48,4.22,1402
1576,17312,26558,2,59972.17,2021-02-02,60,4.95,1929
1577,7826,15886,3,65472.29,2022-05-17,24,9.51,1014
1578,1276,39234,2,39620.64,2023-10-29,60,5.09,51
1579,9868,39270,3,45331.43,2022-09-11,36,7.26,1053
1580,8254,11871,4,75970.27,2022-10-04,12,6.62,1486
1581,12345,15931,4,63736.62,2022-05-11,48,9.96,1320
1582,10987,12351,4,92227.96,2021-04-18,48,8.31,1321
1583,12539,14140,3,74196.76,2023-04-01,12,8.9,1750
1584,7848,20077,4,86385.18,2021-10-18,36,9.36,779
1585,3138,29012,2,5659.5,2020-11-24,36,3.59,1431
1586,10600,4356,1,24858.34,2024-03-08,60,6.93,1793
1587,4393,2679,1,98759.04,2022-07-16,12,7.84,814
1588,13140,16435,2,50239.58,2022-11-20,12,7.64,1637
1589,19521,24833,2,80601.43,2020-08-14,24,6.45,1429
1590,752,7584,1,94221.39,2022-08-15,24,6.83,1370
1591,6522,20393,2,3615.15,2021-07-08,60,5.2,1646
1592,10066,8054,2,30688.24,2023-10-22,48,6.7,420
1593,17756,9383,3,87352.61,2021-04-04,12,6.35,1206
1594,10089,31629,1,69345.02,2021-05-06,60,5.86,983
1595,10283,32346,3,66347.35,2021-03-31,12,6.91,825
1596,12992,26381,3,74440.22,2022-09-23,24,4.0,1025
1597,18436,17392,4,69086.62,2022-10-08,60,9.18,1855
1598,17921,955,3,99084.0,2021-05-03,60,7.51,1974
1599,11268,14077,2,97412.14,2023-08-10,24,3.37,567
1600,19863,8812,1,1019.14,2024-06-24,48,4.16,371
1601,12613,5322,3,63829.19,2021-05-22,24,9.25,936
1602,9268,1746,3,36857.17,2024-02-02,36,7.75,1935
1603,4867,13014,1,75035.78,2022-08-13,60,4.31,661
1604,12627,28530,4,99880.1,2021-10-13,48,7.96,1455
1605,13435,25586,2,36752.16,2021-06-25,60,5.02,969
1606,5847,20204,3,94550.85,2024-03-13,24,5.91,1333
1607,9849,7585,1,82710.38,2021-11-29,48,5.04,1161
1608,11829,17839,2,52086.84,2024-02-11,48,7.5,202
1609,18411,16850,3,17991.53,2020-11-18,12,4.43,1460
1610,17000,22879,3,74164.65,2023-04-20,48,7.17,313
1611,19459,15124,3,65947.18,2020-10-03,48,5.71,117
1612,15233,32624,1,78865.79,2021-05-21,60,4.94,1690
1613,17745,5558,1,52462.05,2021-05-26,48,9.98,937
1614,1473,17319,4,51747.9,2021-04-30,36,7.1,1827
1615,13553,4613,4,10856.1,2020-07-25,24,5.03,575
1616,11012,34478,3,47859.42,2024-06-07,60,6.16,244
1617,15877,37404,3,65347.56,2020-11-11,24,3.16,537
1618,9326,17202,4,47113.75,2021-05-06,36,7.96,1626
1619,5944,18780,2,98536.55,2022-06-19,60,5.09,75
1620,4185,39377,4,78359.2,2023-10-22,60,4.03,1830
1621,15138,30817,4,46854.69,2022-05-26,24,5.86,386
1622,16751,2061,2,95476.48,2020-11-04,48,6.34,1927
1623,4773,35588,1,73546.7,2023-07-04,24,5.6,1234
1624,1885,34823,2,2819.25,2021-11-21,24,7.54,475
1625,10521,24870,1,41131.39,2023-08-25,60,8.3,418
1626,13427,28653,2,72000.31,2023-08-25,24,6.37,347
1627,13705,12347,1,89026.84,2022-03-09,48,4.06,1553
1628,2346,35118,1,96668.13,2023-04-28,48,4.87,640
1629,15188,34436,3,36977.29,2021-07-09,60,6.61,939
1630,30,6173,2,2345.72,2020-10-14,48,5.15,955
1631,19186,21275,2,48105.21,2020-12-05,60,6.27,876
1632,5793,13124,2,52665.97,2020-07-06,12,9.25,763
1633,9155,12080,3,38288.53,2022-01-05,24,7.44,1203
1634,6665,36120,2,41144.55,2023-05-08,36,6.16,1206
1635,17415,22956,4,68513.48,2023-01-24,12,8.04,664
1636,5443,6544,4,49476.23,2023-08-29,12,6.62,25
1637,2148,21693,2,16628.54,2023-07-08,12,9.16,1991
1638,8773,7817,3,43629.52,2022-12-07,12,3.09,1204
1639,1445,26256,2,35511.35,2020-11-29,36,8.32,710
1640,9322,15690,2,76382.84,2022-07-31,24,3.33,1525
1641,13000,9090,4,48892.1,2023-02-01,48,3.27,1880
1642,5444,22609,3,6722.72,2021-05-29,60,4.58,1185
1643,10371,24646,1,2750.85,2024-05-08,24,3.47,177
1644,12057,27203,3,46620.24,2022-06-13,60,7.1,285
1645,15782,27108,2,79073.82,2021-12-31,36,8.44,63
1646,654,17530,1,97400.88,2023-10-09,60,5.33,1003
1647,7163,16190,1,3820.41,2022-01-27,36,7.65,662
1648,105,34193,3,35788.03,2023-07-17,60,4.94,666
1649,36,27457,3,59525.88,2021-07-25,48,8.32,156
1650,3281,823,4,46251.73,2022-03-10,36,6.95,1906
1651,8546,22377,4,84832.52,2024-02-03,48,6.02,1493
1652,19090,12166,4,56435.02,2021-08-09,12,7.47,1073
1653,19605,14696,1,65973.06,2021-04-08,60,4.38,967
1654,7573,20255,1,85249.99,2022-12-09,24,7.15,849
1655,3726,35254,2,94304.13,2024-06-10,24,9.8,1108
1656,14368,25447,4,70877.77,2021-09-05,60,8.12,1385
1657,3793,17991,3,97136.44,2021-04-09,60,8.47,689
1658,10338,11377,4,50070.57,2021-06-17,24,8.44,148
1659,7481,1236,2,23579.04,2023-11-10,12,5.25,1654
1660,15210,3872,2,11534.67,2022-08-17,12,4.38,342
1661,4968,7969,1,27289.07,2020-07-09,48,9.57,476
1662,12620,21185,2,72393.14,2023-02-20,36,9.97,1087
1663,376,38987,3,36736.43,2023-04-12,12,9.47,1725
1664,11594,36092,2,62191.09,2021-07-26,36,9.97,1384
1665,12584,22107,3,19595.62,2024-02-20,36,6.86,561
1666,11692,38221,1,77081.07,2021-08-13,12,7.39,327
1667,17977,29517,4,11364.52,2020-12-03,36,5.68,1793
1668,17546,27020,1,69904.41,2021-11-30,60,5.79,1760
1669,18464,15871,4,73004.35,2022-04-19,24,5.63,1165
1670,3669,3563,3,41320.84,2022-11-10,60,5.04,990
1671,4016,9288,3,97492.77,2023-01-29,48,7.92,215
1672,18425,31249,2,22010.3,2020-11-24,36,8.02,435
1673,17327,26995,2,39381.8,2023-03-21,36,7.76,1915
1674,1577,15699,3,56218.83,2022-12-27,48,7.92,952
1675,13748,20046,1,14030.66,2024-01-25,48,9.44,723
1676,15794,19114,2,91523.51,2021-02-07,24,6.52,1342
1677,18348,9573,1,71345.66,2021-06-02,48,7.83,32
1678,15511,34036,2,29399.64,2021-02-07,60,9.34,670
1679,70,20790,2,26093.41,2021-03-03,48,3.31,285
1680,16811,36675,1,15115.21,2021-04-12,60,3.13,1329
1681,14648,1005,2,68124.53,2024-02-12,60,5.12,429
1682,1361,35450,3,85558.51,2024-03-04,24,6.27,1501
1683,10654,26939,1,19915.23,2022-04-08,24,5.08,286
1684,14685,33769,2,80677.32,2022-12-15,12,8.27,1168
1685,2741,24451,4,77210.99,2021-10-27,60,9.42,1448
1686,8367,31440,3,91195.92,2021-03-15,12,4.02,1043
1687,363,20605,2,14937.64,2022-01-04,24,8.58,18
1688,6158,6041,1,46592.47,2023-05-12,12,9.7,769
1689,18302,10816,4,14186.33,2021-07-21,24,6.53,590
1690,14182,31777,1,88462.15,2021-09-19,60,6.63,1395
1691,7484,11993,1,96030.05,2021-01-28,12,3.92,1199
1692,5044,5779,1,58876.75,2022-09-15,48,6.07,1010
1693,97,39131,3,65212.59,2022-03-23,36,3.35,194
1694,12542,17568,3,12001.12,2022-06-30,24,7.1,502
1695,12477,3657,1,21882.84,2021-08-06,60,3.04,988
1696,19842,35758,1,6339.31,2020-09-30,24,8.75,1137
1697,16625,18832,3,48548.61,2021-02-17,24,3.93,114
1698,7581,35612,3,43852.04,2022-10-07,36,3.83,1246
1699,2551,19905,3,9081.01,2023-05-20,48,9.0,1702
1700,7198,30319,2,9554.15,2023-06-23,24,5.15,947
1701,731,18744,4,74761.52,2023-07-25,48,4.36,831
1702,6264,38201,4,73750.92,2023-01-03,24,5.69,1668
1703,7862,11563,4,85379.55,2020-10-26,48,3.77,1921
1704,13168,22842,4,61097.62,2022-03-04,60,5.66,1288
1705,16248,38458,3,75733.16,2024-04-22,48,3.41,925
1706,6322,33627,3,77396.03,2024-01-04,48,3.72,55
1707,7251,5100,2,59187.32,2023-03-07,48,7.72,1895
1708,3166,28838,2,20762.05,2023-07-14,60,8.49,1667
1709,5199,10614,1,29671.35,2023-09-16,36,8.11,800
1710,16563,30861,2,7541.26,2023-11-25,36,6.24,778
1711,5676,5427,2,54107.17,2021-05-18,24,8.19,1482
1712,15352,9303,3,63777.22,2020-08-10,12,5.62,1902
1713,17399,34726,4,98008.86,2023-01-01,48,5.9,162
1714,18362,15667,2,89332.29,2020-12-04,36,5.32,1404
1715,2100,13735,1,55262.78,2023-01-23,48,7.58,87
1716,7865,36782,2,82622.69,2021-01-08,36,8.8,55
1717,259,18146,1,28803.53,2024-05-09,24,8.77,1500
1718,3968,17290,1,23589.94,2021-11-08,36,9.54,1824
1719,13819,12377,3,3536.47,2021-07-14,24,9.77,1202
1720,8988,32145,4,29062.57,2022-02-14,24,4.85,1415
1721,6618,34418,4,2027.39,2023-05-21,36,8.14,1373
1722,2595,28484,1,79209.72,2023-07-16,12,5.91,1032
1723,12570,4334,3,63178.88,2022-01-27,60,7.1,833
1724,12257,15697,1,99739.64,2021-11-17,48,4.49,313
1725,3336,32588,1,42467.35,2021-04-29,36,5.15,759
1726,19527,31446,4,67053.36,2023-05-03,12,3.3,1859
1727,18851,359,2,29620.45,2021-10-08,24,9.54,443
1728,16973,16738,3,9194.88,2021-12-09,12,7.13,1791
1729,19173,25230,4,35146.59,2024-06-13,24,4.02,328
1730,16835,17528,2,78461.88,2021-09-03,12,5.48,1078
1731,2039,12747,3,62221.29,2022-12-22,36,4.2,761
1732,14789,35215,2,74703.02,2023-08-30,12,3.11,1263
1733,14717,17364,3,59521.27,2023-02-14,24,9.74,1253
1734,8247,38910,4,84305.58,2022-04-22,60,4.87,579
1735,588,19332,4,89227.0,2020-07-28,48,5.04,1075
1736,1610,12231,2,14796.58,2020-09-19,36,7.65,1633
1737,3204,17597,4,98124.18,2020-12-20,60,6.25,1628
1738,8,22328,4,53361.37,2024-01-13,12,4.57,1007
1739,15949,29546,1,34492.04,2023-12-25,60,8.96,1288
1740,5636,9902,3,39852.78,2023-10-05,60,4.41,1442
1741,7558,10977,3,94181.19,2022-05-28,24,7.47,1827
1742,15724,20012,3,35281.14,2021-06-09,12,6.54,96
1743,3464,12467,3,88895.46,2022-09-29,60,6.44,1112
1744,13466,25137,3,18381.0,2022-08-26,48,9.51,1102
1745,7700,12739,1,98231.51,2023-06-13,24,6.56,1312
1746,2188,19419,4,25622.92,2022-04-15,12,6.75,1144
1747,12689,13816,4,84337.63,2021-03-10,24,4.47,814
1748,14925,37600,2,58939.22,2023-02-28,60,4.03,491
1749,17840,11478,1,18796.53,2021-05-01,48,7.66,1936
1750,17649,15053,1,55471.53,2021-12-27,48,7.96,452
1751,12877,21228,2,92156.62,2022-08-06,12,3.06,1524
1752,19469,952,2,94567.67,2024-06-11,36,5.6,165
1753,7552,28183,1,4028.84,2023-04-05,60,5.56,182
1754,13768,7757,4,28433.88,2022-07-31,36,7.3,469
1755,12377,27324,2,25932.45,2021-12-09,48,5.83,910
1756,3933,30785,3,78271.81,2021-04-23,12,3.2,735
1757,7006,9171,2,11303.3,2023-10-02,48,4.67,823
1758,1303,15644,2,3745.58,2020-12-30,60,6.96,944
1759,5300,28925,4,44523.81,2021-10-06,12,7.32,2002
1760,9305,19873,4,70747.57,2024-05-31,60,9.17,7
1761,5448,23412,3,90502.95,2020-10-12,48,8.95,330
1762,13956,2231,4,16087.58,2022-08-19,24,6.97,775
1763,4639,7436,3,59085.45,2021-12-17,12,6.16,1697
1764,14037,3914,1,25322.33,2024-04-30,48,5.47,151
1765,1346,13785,1,39732.05,2023-05-09,12,8.12,1109
1766,243,29916,4,96607.84,2024-05-24,60,3.53,147
1767,1026,29612,4,7164.65,2022-06-06,24,7.12,1648
1768,18320,39906,1,76076.99,2022-08-29,48,4.7,1405
1769,13312,6443,2,39292.09,2023-01-23,24,8.02,915
1770,8125,11741,1,85657.18,2021-03-07,24,5.76,1572
1771,2487,22357,4,68712.91,2021-10-22,60,6.68,1309
1772,12057,5222,4,42355.32,2022-08-31,36,7.33,700
1773,13996,16333,2,60036.53,2023-02-12,48,3.44,82
1774,3240,23662,1,42315.56,2021-09-22,48,8.72,514
1775,13571,24024,4,47472.68,2022-09-16,60,3.45,1921
1776,9145,8193,1,94604.33,2024-04-27,48,9.4,815
1777,177,32655,4,30114.41,2024-04-04,48,9.42,709
1778,2300,38862,4,77386.65,2024-06-06,24,6.08,1940
1779,8986,31215,4,20791.64,2022-07-30,48,5.94,1547
1780,1635,15449,2,40141.42,2021-10-07,48,8.03,746
1781,19525,36148,3,24063.19,2020-11-27,12,3.11,1023
1782,9481,33412,1,10968.92,2022-05-27,12,3.65,1410
1783,6030,12707,4,72715.27,2021-12-03,60,6.69,707
1784,10053,38267,1,32864.27,2020-10-05,24,8.24,471
1785,4073,37957,4,91201.59,2023-08-06,12,9.31,1143
1786,13537,19549,2,60186.18,2023-10-31,12,5.01,396
1787,17171,7889,4,85882.54,2023-07-29,48,9.78,1556
1788,12342,17309,4,13510.39,2023-11-23,48,3.73,261
1789,17900,26559,1,51486.88,2023-01-30,12,3.85,805
1790,160,30803,3,21676.16,2021-11-23,36,6.73,934
1791,4000,32879,3,98722.21,2023-12-10,36,5.42,1280
1792,9393,10889,1,86334.81,2021-12-08,12,3.18,1758
1793,11669,37612,2,70474.61,2021-04-15,12,9.25,905
1794,7798,35516,2,43968.75,2021-10-26,12,5.3,1250
1795,11650,25332,3,28897.2,2024-05-09,12,4.03,1077
1796,15191,7946,3,75784.86,2023-09-09,36,8.94,940
1797,128,7740,3,95290.38,2024-05-09,24,6.67,1891
1798,10218,29542,4,99542.42,2021-04-29,24,3.87,1524
1799,4322,16109,3,32090.5,2022-05-22,36,9.06,1530
1800,6685,7593,4,14113.74,2022-01-01,12,8.27,854
1801,13219,7150,1,23764.3,2023-01-22,60,3.93,1388
1802,6087,36339,4,52021.89,2023-03-11,36,9.3,1304
1803,13098,27125,4,85497.06,2022-10-15,36,3.26,593
1804,16301,1224,4,36153.58,2022-02-14,12,4.02,714
1805,1178,23118,3,11950.63,2021-12-02,48,8.21,1182
1806,12075,34189,2,94932.6,2024-06-30,60,7.97,632
1807,7883,23499,1,22606.67,2021-01-13,60,6.25,59
1808,11664,37639,3,95345.67,2022-04-11,36,4.22,1751
1809,3551,6458,1,45127.4,2024-02-19,60,8.78,128
1810,11428,5030,1,23969.62,2022-07-28,36,7.81,736
1811,7102,15775,4,91501.45,2022-05-17,36,4.81,721
1812,5007,31813,2,52143.76,2023-04-14,12,8.38,1906
1813,19115,30700,2,66037.17,2022-09-19,24,5.63,1139
1814,9342,7159,4,75932.39,2024-01-05,24,9.07,1233
1815,4345,36058,2,15867.41,2022-05-20,60,6.53,526
1816,388,23256,1,53425.02,2022-09-28,12,7.58,521
1817,1570,7052,4,77175.45,2020-10-08,48,8.61,552
1818,11337,29235,2,7352.21,2021-05-21,48,3.79,1986
1819,18086,17518,3,58423.7,2020-10-27,60,8.77,237
1820,14951,5395,3,74623.86,2023-03-24,48,9.71,1305
1821,2592,20384,1,77521.28,2023-11-30,24,7.8,1383
1822,10410,24836,1,92168.2,2023-02-05,24,7.2,1225
1823,17853,15309,4,69938.07,2021-06-04,12,6.32,1782
1824,16991,30635,1,56559.81,2024-02-29,60,3.52,1302
1825,10957,22093,4,80438.38,2022-10-25,12,4.84,1259
1826,15318,31494,1,43721.01,2021-09-26,48,4.58,494
1827,8831,34895,3,43648.42,2024-03-20,60,3.18,4
1828,17943,11938,1,72223.29,2020-09-17,24,7.09,666
1829,13072,9089,2,28896.22,2020-12-31,48,9.86,442
1830,6479,38193,1,6274.76,2024-01-21,48,9.13,29
1831,1534,30084,4,15040.85,2020-10-06,12,7.58,1133
1832,4469,16636,2,57090.21,2023-05-28,12,9.97,610
1833,17806,11635,1,71231.31,2023-06-17,12,6.02,1751
1834,2019,20461,2,37804.97,2021-10-11,24,9.13,805
1835,5404,27903,2,73909.55,2023-08-25,60,7.13,75
1836,18247,32071,4,33215.49,2023-07-16,60,9.51,838
1837,10452,21040,2,95930.37,2022-01-12,36,3.59,1170
1838,12316,37125,3,26463.46,2024-04-16,24,9.82,128
1839,6432,35891,2,98878.51,2021-01-23,60,3.56,1877
1840,4089,36027,2,95157.78,2023-08-08,36,4.87,42
1841,13617,33161,4,5161.85,2021-11-19,24,9.52,1380
1842,15611,11460,3,16758.91,2021-08-02,24,3.0,41
1843,9004,13326,4,74598.87,2022-06-26,48,3.25,934
1844,3699,16624,2,92884.86,2023-01-24,48,7.86,34
1845,11737,23173,3,64098.34,2023-03-29,48,4.17,1041
1846,4021,32854,1,19602.14,2023-06-02,24,3.1,1701
1847,18254,9825,2,73972.26,2021-06-14,60,5.47,1177
1848,14844,30615,2,34220.02,2023-06-05,24,5.25,998
1849,16416,15795,2,22258.06,2022-09-18,60,6.18,1402
1850,836,25138,1,85034.45,2020-11-22,60,4.87,588
1851,7888,13254,1,85503.72,2022-12-21,24,4.03,1623
1852,8137,26291,4,25735.93,2021-04-14,60,3.28,1653
1853,15086,1998,4,88503.25,2024-06-25,12,7.53,1898
1854,815,1239,3,21179.12,2023-07-11,12,7.82,342
1855,6565,12786,1,36643.71,2021-12-09,12,4.88,27
1856,10229,22867,2,41473.9,2021-01-13,60,8.6,1849
1857,4332,23091,3,98872.01,2021-09-20,12,6.95,1311
1858,16827,5106,1,75639.95,2022-11-23,60,7.15,646
1859,15199,27557,1,36235.93,2022-05-28,60,5.43,731
1860,12656,17790,3,57353.05,2023-05-19,12,4.0,168
1861,16593,3332,4,37755.7,2022-05-19,48,5.83,610
1862,14699,16772,4,47353.1,2023-04-28,36,8.18,268
1863,8745,18561,3,89771.39,2023-04-16,60,5.58,1773
1864,8683,35715,2,3192.5,2023-01-26,12,7.39,821
1865,12613,15930,2,71427.65,2023-10-12,60,6.73,455
1866,4548,5179,1,91135.71,2024-05-12,48,7.03,906
1867,12460,14358,2,99471.78,2022-10-20,60,7.31,1709
1868,8882,15956,1,92458.24,2020-10-30,12,5.61,1425
1869,19766,22457,2,69686.88,2021-03-21,36,4.19,922
1870,11129,35622,3,7611.51,2021-07-12,60,3.7,981
1871,8072,17497,2,92171.45,2024-01-31,48,3.96,1500
1872,14763,39183,4,61145.83,2023-12-13,60,4.71,702
1873,8263,4221,4,50520.6,2024-02-24,12,7.12,634
1874,16362,25293,1,40601.27,2022-11-23,12,6.79,1582
1875,15719,985,2,57720.86,2023-01-04,60,8.67,1600
1876,6170,2557,1,61344.26,2020-09-22,12,4.46,130
1877,10443,24464,2,1911.51,2021-03-02,60,5.61,1020
1878,7441,32019,1,78111.22,2023-06-21,24,8.92,1846
1879,15191,30093,2,70120.5,2023-05-03,60,5.75,1387
1880,2687,37404,4,29666.45,2022-04-13,60,6.81,1729
1881,3876,1702,4,20948.58,2022-12-26,48,7.23,819
1882,1190,24309,4,4898.09,2023-11-28,12,4.81,693
1883,1783,9594,4,13007.18,2021-01-04,12,3.27,1316
1884,19997,26114,3,4662.73,2020-09-06,12,7.69,1395
1885,17984,15142,4,78996.82,2021-02-02,12,5.67,794
1886,17588,38095,1,13076.8,2020-11-17,24,7.99,29
1887,14596,10314,4,18135.51,2023-11-28,24,4.51,149
1888,13005,7116,1,36002.33,2022-01-04,60,8.9,1803
1889,3903,30726,4,61840.61,2023-04-01,36,4.62,1320
1890,17872,15581,2,90887.74,2023-05-15,36,4.06,11
1891,918,5570,2,23821.35,2022-08-20,24,5.36,1536
1892,16702,7447,3,75362.93,2022-01-12,12,9.36,676
1893,7556,12568,4,58922.98,2020-12-02,12,9.5,1137
1894,6081,14116,4,72775.63,2023-06-30,60,6.2,187
1895,3513,17719,3,59437.92,2021-11-24,60,6.24,807
1896,3271,12383,2,46650.64,2023-05-11,36,3.35,744
1897,19160,39970,1,70528.89,2022-11-13,36,4.94,1251
1898,6814,30757,3,45488.34,2020-10-28,12,7.37,1334
1899,8485,19329,2,11730.69,2024-06-16,36,3.95,98
1900,16813,14323,2,84208.08,2022-02-14,12,4.6,55
1901,19732,31169,2,97336.02,2020-12-17,12,6.47,623
1902,6765,36639,3,25795.14,2021-12-23,60,5.14,664
1903,14595,15358,2,64210.03,2021-12-06,60,8.69,758
1904,9605,6685,1,77388.43,2020-07-31,12,4.75,406
1905,19892,11815,3,16257.29,2022-05-20,48,4.25,69
1906,11538,22833,3,53656.59,2022-11-10,60,4.62,1336
1907,2889,9921,2,48415.25,2022-08-04,36,9.46,1313
1908,4905,4895,3,24412.19,2021-11-05,48,5.62,1786
1909,4770,36491,3,22388.88,2023-04-08,12,7.66,1572
1910,15452,35364,4,62835.62,2022-01-20,60,3.37,751
1911,2720,5411,1,55804.16,2023-12-13,12,3.41,1172
1912,2506,35678,2,54871.67,2023-09-19,12,5.97,1491
1913,13288,12632,1,79975.14,2021-10-31,36,3.77,1763
1914,6874,32585,2,15008.8,2021-06-23,36,3.62,1268
1915,12786,15683,1,16697.38,2022-02-09,48,7.17,1515
1916,13172,17586,1,11832.54,2021-07-07,60,7.92,1873
1917,9631,29276,4,30214.03,2022-08-18,24,7.13,958
1918,3348,33207,3,15787.55,2021-06-13,36,9.13,1531
1919,18225,6977,3,43242.09,2023-07-03,48,3.21,365
1920,17216,23184,1,75979.48,2020-09-04,24,5.85,482
1921,8227,13049,1,5621.71,2023-07-01,12,7.26,201
1922,19936,16714,2,64245.63,2021-08-05,48,3.82,154
1923,4653,25446,1,41089.58,2022-07-27,60,9.26,1474
1924,11090,16129,3,90621.56,2023-11-04,48,6.35,1525
1925,10246,28084,1,92892.87,2021-05-19,60,4.4,73
1926,376,11496,2,74140.9,2020-11-28,60,5.81,713
1927,2666,15281,3,10746.02,2022-01-08,60,7.63,296
1928,6010,33660,1,72491.56,2024-01-10,36,3.91,1041
1929,19919,24869,2,7444.74,2022-05-23,36,9.53,1665
1930,997,30919,4,7385.35,2023-07-18,12,7.0,1241
1931,19094,15567,4,67632.28,2022-08-13,48,7.33,61
1932,14608,8233,3,85398.89,2021-07-14,60,7.29,939
1933,5162,19417,3,7925.03,2023-10-12,12,7.01,1640
1934,17063,35643,2,35746.52,2021-03-08,48,3.3,42
1935,13088,1439,2,71940.78,2022-05-23,24,8.17,25
1936,5539,8615,4,38035.16,2022-02-15,60,4.34,1063
1937,12592,18814,1,11761.42,2023-10-12,36,8.35,1827
1938,3413,18732,3,66777.08,2021-04-24,12,6.6,131
1939,13525,5103,1,26755.9,2023-12-12,60,6.13,1522
1940,8778,21188,2,92703.68,2022-06-16,36,7.12,1253
1941,12311,32460,4,67201.09,2023-01-21,48,9.39,108
1942,15361,36763,4,19992.76,2023-08-23,24,8.49,172
1943,2854,30549,1,29124.04,2023-03-02,12,7.34,1459
1944,8279,20892,1,16401.04,2020-08-24,36,4.61,1502
1945,5883,2688,2,97388.31,2021-11-12,48,5.28,102
1946,1666,36542,1,32912.8,2020-11-10,12,5.76,866
1947,9860,4594,1,42504.9,2021-02-21,36,7.24,524
1948,7952,26877,2,54167.39,2022-09-23,48,8.25,275
1949,2620,39090,2,75936.95,2022-08-25,60,4.12,1637
1950,1006,20018,2,31918.21,2024-04-28,60,8.09,1068
1951,3252,30921,4,90121.55,2022-04-12,12,8.2,1979
1952,16317,31015,2,72531.89,2021-11-19,36,9.79,817
1953,6229,4393,3,46420.14,2024-04-22,12,6.94,957
1954,16552,39827,4,58612.71,2020-12-05,36,8.34,1041
1955,2239,5688,2,29629.3,2020-10-15,36,9.95,330
1956,12086,38866,3,10590.0,2024-03-23,36,8.9,1593
1957,1869,5772,2,85116.7,2022-09-23,60,5.5,1847
1958,15629,7721,1,48377.92,2021-07-24,24,3.04,1521
1959,19010,17422,1,9440.96,2023-06-04,24,8.6,1839
1960,10863,17398,2,65243.05,2024-03-29,12,6.14,12
1961,11687,18683,4,14529.46,2024-04-15,48,5.71,1342
1962,19797,8445,2,31282.58,2024-07-02,48,3.12,1616
1963,15897,8545,1,88546.7,2023-07-26,12,3.93,216
1964,6498,15660,3,2932.79,2024-07-01,48,5.78,339
1965,18331,23673,1,22646.69,2023-07-20,36,4.88,1800
1966,11446,32460,2,38237.55,2022-02-01,24,9.96,661
1967,13468,1055,4,18593.84,2020-07-07,24,7.06,1105
1968,7819,16418,1,4652.57,2024-05-06,24,7.13,1751
1969,16202,34629,2,51851.09,2023-09-08,12,8.24,1509
1970,19096,1962,2,94164.79,2022-06-29,60,5.08,374
1971,18082,24172,1,4239.68,2024-05-31,48,4.94,976
1972,9434,12697,3,34728.24,2023-04-06,60,8.48,710
1973,19185,21587,4,27966.98,2020-11-15,24,5.34,1224
1974,16835,21976,3,62027.44,2022-05-05,36,7.36,1561
1975,5271,15845,1,47446.9,2024-01-06,48,3.36,466
1976,11714,28032,4,92709.24,2024-04-26,60,9.94,1113
1977,1679,440,4,43361.45,2020-12-23,60,6.17,1292
1978,6452,35498,2,23844.29,2024-04-29,36,9.85,1679
1979,1519,20609,3,5970.46,2024-06-19,60,8.68,1595
1980,14491,23893,1,46126.71,2021-11-11,24,9.7,1946
1981,9313,32685,4,67697.9,2020-12-01,12,8.57,489
1982,17031,39033,4,88858.39,2021-02-22,24,9.76,1901
1983,15867,23263,4,84814.66,2023-05-26,24,3.56,1562
1984,8761,25570,3,84520.63,2022-06-04,24,3.9,47
1985,12259,31600,4,89459.41,2020-09-28,60,5.92,1312
1986,11956,13044,1,82700.34,2022-07-16,24,9.49,778
1987,6349,11684,3,21996.78,2020-08-11,12,8.34,1040
1988,18804,6037,1,58941.65,2020-12-26,24,7.44,711
1989,7476,8916,3,81840.37,2022-09-27,36,5.99,401
1990,11581,6872,2,53828.41,2021-05-25,48,6.5,1943
1991,8568,26930,4,83936.91,2022-03-28,48,6.44,1818
1992,4642,16532,3,11110.46,2020-07-03,48,5.94,981
1993,12934,21948,1,14142.11,2021-02-15,48,5.21,1110
1994,17165,16095,1,19694.08,2023-05-25,60,3.49,250
1995,1984,22701,4,48896.43,2021-05-02,60,3.06,391
1996,8341,37171,2,79466.22,2023-07-14,12,8.2,1806
1997,3127,11927,1,82547.51,2022-09-14,12,5.51,335
1998,7030,35529,3,33844.18,2024-04-27,24,4.25,629
1999,7820,35270,2,50341.24,2020-12-30,48,3.79,1543
2000,16955,13206,4,64170.72,2022-04-27,12,7.86,137
2001,19192,23790,1,49339.71,2022-02-14,36,7.74,883
2002,15035,6171,3,81348.16,2022-07-09,12,8.33,688
2003,3439,21674,4,64239.27,2021-11-29,36,6.09,1864
2004,663,24344,1,74919.74,2022-06-01,24,7.07,1522
2005,13509,30832,3,63312.93,2021-02-16,36,7.2,827
2006,1780,34584,3,33616.29,2020-12-28,24,9.31,727
2007,7214,12045,1,61892.04,2023-01-23,36,7.11,1501
2008,1216,26340,1,71358.19,2023-08-03,36,3.42,594
2009,5622,20302,1,16466.0,2020-10-13,36,8.24,1247
2010,8119,20321,2,66912.38,2024-03-11,48,3.07,990
2011,9771,17216,3,90465.79,2024-03-02,24,7.18,372
2012,18729,15724,4,68512.74,2023-01-01,48,6.5,935
2013,7720,17151,3,71374.4,2024-03-05,12,3.49,995
2014,14134,20137,1,90826.85,2024-04-16,12,7.61,402
2015,7648,16505,1,1841.52,2023-08-27,24,9.29,1467
2016,16808,33702,3,57229.82,2022-01-10,48,8.91,1514
2017,14250,37463,3,99199.46,2020-12-29,60,4.39,615
2018,1083,22140,4,8866.66,2023-06-13,12,6.33,1297
2019,14044,15657,3,3546.26,2024-06-12,12,4.55,1550
2020,4255,36996,4,78464.79,2022-10-06,60,9.82,1183
2021,261,18576,2,87823.22,2023-07-08,48,5.83,1176
2022,2408,25841,4,14142.05,2020-08-24,12,4.08,995
2023,1727,24931,3,79657.05,2021-06-27,12,9.38,620
2024,17350,13243,2,66678.45,2023-01-17,36,5.06,188
2025,15403,4738,1,69316.35,2021-02-14,24,5.05,1837
2026,3006,16705,1,97403.69,2023-02-13,36,8.51,1122
2027,18461,18696,1,47572.28,2024-01-09,24,9.89,131
2028,18814,3579,3,77962.54,2023-02-20,48,6.46,805
2029,9638,21806,3,74728.85,2021-06-11,48,8.76,1195
2030,13581,1105,4,72420.68,2021-02-02,24,9.0,936
2031,1551,8237,1,76977.05,2021-11-21,48,8.57,986
2032,3905,38756,4,61055.35,2022-04-26,24,8.95,183
2033,18709,22543,3,41711.61,2024-03-05,12,8.17,983
2034,12366,9691,3,66561.67,2024-03-17,48,8.66,364
2035,12251,14216,3,11646.99,2021-08-07,36,4.87,39
2036,15047,10557,2,73026.11,2021-10-29,60,5.38,1551
2037,15130,29023,4,40616.0,2021-11-21,36,3.56,1912
2038,1412,6495,1,69606.62,2022-03-08,12,3.54,497
2039,1754,6677,2,41379.27,2021-01-10,48,3.3,1540
2040,6267,31317,1,62128.96,2023-04-12,36,6.65,1373
2041,4119,9360,3,46934.73,2020-08-03,48,3.19,982
2042,16898,21561,3,12214.05,2021-04-28,48,3.35,921
2043,18493,31870,3,61606.49,2021-09-09,48,9.35,1421
2044,19740,24320,1,28978.93,2024-02-16,48,4.24,722
2045,16641,20273,4,30113.7,2021-09-04,12,8.49,1185
2046,11980,4114,2,17204.23,2021-01-28,36,4.23,16
2047,9402,2036,4,92283.22,2020-12-22,36,3.88,493
2048,19992,20738,2,35548.56,2021-01-25,24,8.34,1450
2049,12478,680,4,2122.78,2021-08-12,48,3.94,1132
2050,1419,3938,4,53692.2,2021-05-23,24,5.76,894
2051,12189,5365,2,67984.0,2021-11-22,48,7.63,1474
2052,7013,20732,2,19242.2,2023-07-01,12,7.73,311
2053,19649,14236,4,82438.79,2022-01-03,12,3.47,739
2054,6788,23972,2,71198.67,2024-04-26,36,8.64,1194
2055,18181,22745,2,5785.09,2021-06-06,60,7.85,546
2056,10505,15138,3,82175.59,2023-06-13,60,6.16,414
2057,4994,22036,4,22991.63,2024-03-29,60,5.81,251
2058,13120,4532,2,22477.01,2021-03-24,60,7.26,759
2059,5906,23516,1,53533.22,2021-03-20,36,8.19,1805
2060,2197,35075,1,49292.59,2022-04-15,60,9.54,1165
2061,16147,34254,4,92569.48,2020-11-14,12,5.32,1298
2062,12519,2001,4,64501.42,2023-01-10,24,3.27,1440
2063,6304,20967,3,7719.24,2020-10-27,36,3.84,1632
2064,4929,29299,4,33947.29,2023-01-27,24,8.6,1763
2065,61,18250,4,38542.75,2021-01-04,36,8.78,1915
2066,196,29768,4,29403.98,2023-12-13,36,9.85,1063
2067,14683,32932,4,92625.08,2020-09-21,60,5.82,814
2068,15602,35823,2,10931.82,2023-06-05,36,9.53,29
2069,7137,9928,4,53023.97,2023-09-01,60,4.06,958
2070,12216,15729,4,68278.37,2021-12-02,36,8.98,477
2071,12035,28365,1,56924.53,2022-09-16,12,9.65,318
2072,10092,11030,4,19753.6,2023-12-26,12,6.57,245
2073,10128,477,1,61322.2,2024-06-11,12,8.41,748
2074,981,17058,2,62624.32,2021-11-23,48,5.11,697
2075,17061,26682,3,22083.57,2021-10-30,60,8.11,272
2076,12041,24444,3,24168.08,2022-02-22,48,3.49,1464
2077,19663,17651,4,22702.87,2023-08-28,36,7.2,1772
2078,7633,35260,4,74652.47,2020-07-28,60,9.52,1263
2079,7250,1611,3,41705.03,2024-02-03,12,3.5,377
2080,5251,39460,2,79677.3,2023-02-22,36,8.75,266
2081,4834,32388,1,39372.63,2022-07-27,60,6.83,926
2082,16020,19811,4,62123.27,2021-12-12,24,8.19,921
2083,9494,12928,1,9921.82,2023-01-30,60,3.8,1383
2084,12679,34385,2,43295.61,2023-01-30,24,7.26,340
2085,11287,3376,3,17025.91,2022-08-16,36,3.71,389
2086,17108,7099,3,51050.9,2021-12-05,36,3.78,577
2087,11584,4621,3,92948.57,2021-10-17,36,9.95,1713
2088,921,1794,4,19019.68,2023-10-11,24,8.97,3
2089,4509,21619,4,81041.42,2023-04-10,24,7.6,1453
2090,809,17910,1,80479.59,2020-07-11,48,8.21,1166
2091,6879,31342,3,59234.67,2022-07-05,60,8.16,376
2092,19224,122,1,53458.6,2023-09-30,36,5.04,1694
2093,644,2897,2,59798.36,2023-05-18,60,4.67,324
2094,19271,33856,4,42428.76,2022-05-23,36,4.51,146
2095,11225,18304,1,99885.86,2023-01-20,36,6.35,1982
2096,940,8346,1,60936.08,2022-08-29,48,3.98,293
2097,2740,5509,3,57099.07,2021-10-29,48,9.68,1689
2098,7864,27752,4,36199.42,2022-06-29,60,9.45,432
2099,17239,19702,4,20950.45,2022-09-28,12,9.99,705
2100,18435,30017,2,2674.09,2021-06-19,12,9.14,949
2101,8587,34220,1,82071.93,2021-12-26,60,3.57,1999
2102,16280,20920,3,10241.25,2022-10-04,48,7.57,585
2103,6512,1282,4,3290.31,2022-12-27,48,6.93,399
2104,12490,1723,4,95531.57,2023-02-11,60,7.06,817
2105,19196,28302,3,10809.98,2023-05-13,60,8.25,1913
2106,13951,4148,1,17630.65,2022-01-18,36,9.51,1368
2107,1556,16311,4,49801.65,2022-09-07,36,5.81,964
2108,6217,4743,4,92081.16,2024-03-04,36,7.21,1164
2109,4055,16000,2,61313.05,2022-05-23,24,8.4,187
2110,4524,12434,4,41798.26,2023-08-14,36,8.55,1829
2111,8782,12592,3,63265.03,2021-06-21,36,3.78,61
2112,14064,22295,2,71776.03,2021-01-30,60,8.28,939
2113,9633,15500,1,74275.11,2023-02-26,36,4.16,1404
2114,10644,28074,4,51919.09,2022-05-23,48,9.1,710
2115,11048,6455,4,51991.04,2023-06-07,60,6.3,807
2116,7866,30150,2,43136.97,2023-11-05,60,5.2,1464
2117,19759,30601,2,10530.7,2022-12-10,60,5.86,1343
2118,9009,19167,4,83138.92,2021-02-16,24,9.28,1326
2119,4571,12260,1,6686.65,2023-10-10,24,9.15,1368
2120,19981,37308,3,12435.72,2021-09-28,48,4.58,11
2121,14732,10556,3,50420.67,2021-07-25,36,8.16,1086
2122,15016,24505,3,61186.26,2022-12-23,60,4.04,1869
2123,12587,13478,4,46281.73,2023-04-28,48,9.26,226
2124,19508,24782,4,42055.51,2022-12-01,12,7.76,1177
2125,12937,18975,3,71538.3,2022-03-18,12,8.89,1735
2126,6520,8224,1,90282.88,2022-03-11,36,4.69,564
2127,9622,2854,1,61082.71,2023-06-20,60,6.69,772
2128,7378,22496,1,34032.53,2022-05-29,48,6.05,1595
2129,1821,34203,1,5182.0,2023-04-08,24,7.93,1608
2130,11962,11461,1,36120.04,2021-07-18,36,7.95,1684
2131,5601,31884,3,68224.44,2020-12-22,12,9.25,1885
2132,19712,16040,4,49335.03,2021-02-11,60,7.26,1599
2133,18159,24290,3,7244.81,2023-09-24,24,6.76,1334
2134,3950,35782,3,89541.8,2020-12-22,12,5.47,885
2135,9922,10094,1,17943.15,2020-09-28,24,3.71,1267
2136,9326,31102,3,16698.61,2021-10-20,60,5.8,1517
2137,9931,23096,4,1464.89,2021-08-05,48,8.39,1390
2138,17453,28374,1,31159.27,2022-01-12,48,3.78,1354
2139,8616,38198,2,56755.53,2020-12-09,12,6.34,1131
2140,10026,10227,3,38063.8,2021-06-05,12,9.19,226
2141,5605,3327,4,30747.11,2021-02-14,60,7.39,825
2142,17806,8991,1,75682.93,2021-12-21,60,3.46,218
2143,1481,6483,3,39337.74,2022-12-23,36,6.17,937
2144,19658,2512,1,86992.45,2021-09-15,60,8.9,753
2145,66,27034,4,95192.23,2021-01-12,36,9.74,506
2146,17029,9791,2,5064.15,2024-04-21,48,3.18,259
2147,7345,11554,3,6099.49,2023-12-28,60,6.34,1912
2148,5590,33335,3,55665.28,2020-09-17,24,7.64,1798
2149,9811,15148,3,13685.5,2022-10-17,36,9.43,1541
2150,4918,12939,3,49615.43,2024-04-15,24,7.53,1797
2151,6579,4153,3,38568.96,2021-10-11,24,5.14,54
2152,17130,1259,3,7262.31,2023-11-12,48,8.36,1071
2153,14914,12690,1,14031.39,2024-04-01,36,9.57,727
2154,11252,24066,2,74241.22,2021-01-06,24,8.97,689
2155,12041,10568,1,3812.87,2023-10-03,36,9.58,1545
2156,14166,28612,2,1429.37,2023-08-23,12,8.27,1123
2157,18900,38065,1,57667.68,2022-04-29,12,7.93,1044
2158,16456,27390,1,19725.42,2021-06-02,24,3.12,1914
2159,15118,5630,2,26534.23,2024-02-15,36,4.07,1777
2160,9191,25144,2,60418.0,2023-06-23,60,7.73,1597
2161,19935,11473,3,99374.01,2023-03-19,36,7.45,1915
2162,5738,23646,3,30719.71,2023-01-31,12,4.94,1514
2163,4006,32661,4,7114.17,2022-04-20,36,5.69,419
2164,976,32836,4,41976.58,2021-11-20,48,7.28,690
2165,1801,35700,1,20080.41,2023-08-26,12,8.89,850
2166,3311,12240,3,61239.5,2021-03-10,36,8.16,62
2167,12844,27662,1,80532.35,2024-02-18,36,3.48,1169
2168,3584,27549,2,82069.57,2023-08-19,24,5.99,216
2169,15154,31762,1,68122.3,2021-03-24,60,8.9,3
2170,14495,36839,3,27374.53,2022-07-13,24,4.88,160
2171,13814,33271,3,17459.59,2022-06-26,36,5.93,1763
2172,7951,24173,4,19047.8,2023-05-19,36,6.1,781
2173,11913,264,3,74223.97,2024-05-19,60,8.19,1144
2174,14683,23835,1,52000.41,2020-10-09,12,5.42,893
2175,9681,38048,3,25034.76,2020-07-12,24,8.35,1113
2176,6075,17526,2,4825.97,2021-03-08,24,8.63,329
2177,11519,1125,4,29263.08,2021-02-23,36,7.54,580
2178,2951,19116,4,49121.9,2023-05-23,24,7.9,1934
2179,8890,15385,1,24936.98,2022-05-29,48,7.95,1381
2180,10067,30159,3,71919.15,2024-02-21,60,7.31,1634
2181,8139,35036,2,23674.94,2023-10-28,12,5.52,1291
2182,5129,28538,1,17484.81,2023-01-06,24,9.73,1641
2183,11903,22309,2,15106.67,2022-06-28,24,5.88,952
2184,1073,24316,3,59261.96,2023-01-10,60,4.15,1347
2185,5645,34879,4,2555.79,2021-08-29,60,7.42,635
2186,15015,3390,4,11417.16,2022-01-11,36,6.57,988
2187,8950,24290,3,57185.61,2024-03-04,48,7.89,1565
2188,3823,28100,2,2752.91,2021-08-11,12,4.97,1673
2189,9243,13556,2,43715.59,2020-12-11,24,9.88,1219
2190,18475,34117,3,14677.82,2024-03-08,24,3.57,921
2191,17623,15045,1,43972.1,2023-07-14,60,7.66,738
2192,8063,35154,2,54227.53,2023-02-28,60,3.36,1356
2193,12348,25548,4,96898.63,2022-11-29,36,4.99,170
2194,11101,38639,3,28818.49,2022-09-01,24,6.36,521
2195,13897,32768,1,97175.13,2023-12-19,48,7.17,1487
2196,17572,9713,3,47319.15,2020-11-14,12,8.49,40
2197,1243,13209,1,13871.82,2024-06-01,60,6.2,1561
2198,17951,36423,2,63343.33,2022-10-24,12,7.91,1285
2199,8795,24017,3,91894.15,2021-06-29,60,9.7,1419
2200,16338,7166,3,23180.13,2022-04-14,24,4.11,955
2201,11545,28014,3,11048.29,2022-03-23,48,3.72,1250
2202,13066,19797,1,29342.77,2024-01-30,60,3.85,984
2203,6564,39921,2,23067.03,2021-12-27,12,4.3,1148
2204,3559,37732,4,89956.07,2021-11-18,12,6.07,975
2205,12416,22502,2,33038.25,2022-04-09,60,4.14,38
2206,10342,11128,4,58263.86,2021-08-17,12,3.97,328
2207,1389,26875,1,67195.06,2020-12-13,12,9.9,1275
2208,4404,32013,4,73072.73,2022-02-02,60,8.87,1925
2209,11193,10708,3,54605.61,2023-09-11,24,6.27,1200
2210,382,634,1,97544.02,2021-01-01,24,9.23,1626
2211,4588,18931,3,5198.34,2021-03-01,60,6.59,914
2212,10739,29923,3,89106.43,2023-10-01,12,4.62,454
2213,3831,3721,1,44176.09,2023-10-09,12,3.03,37
2214,10105,30796,1,5197.19,2024-05-29,48,5.94,1340
2215,11009,7257,1,39475.54,2023-07-15,12,5.27,1712
2216,17724,25401,1,78627.02,2024-01-10,36,5.05,973
2217,18732,36255,1,86036.69,2022-11-08,48,8.16,796
2218,5024,9048,1,28274.81,2022-04-19,36,6.68,1989
2219,15459,23307,2,65301.41,2022-08-09,36,5.03,973
2220,1286,10721,4,16180.51,2022-12-15,36,4.18,593
2221,19319,180,1,35154.36,2024-03-22,24,6.57,1138
2222,12532,10462,2,81293.52,2023-05-31,36,4.32,1064
2223,5980,22001,1,7312.15,2023-12-05,36,8.74,1325
2224,17846,8603,3,87974.92,2024-04-05,48,6.09,224
2225,17348,4058,1,90259.37,2023-10-31,24,4.74,318
2226,13386,4457,2,9256.23,2023-07-20,60,5.65,349
2227,5592,35724,2,74892.78,2021-04-09,24,9.79,115
2228,9108,6529,3,41459.55,2021-08-23,24,5.18,698
2229,9011,11041,3,75752.91,2021-10-13,60,7.03,1347
2230,5607,20292,3,33786.3,2020-07-08,12,9.95,1592
2231,10512,9322,2,6220.92,2022-11-11,24,9.98,1064
2232,14784,8416,4,43250.23,2020-11-17,36,6.1,1890
2233,10120,7581,2,83050.86,2021-10-31,60,5.22,40
2234,16569,27463,1,58164.42,2023-03-02,48,5.77,1883
2235,8146,4188,2,82746.59,2023-05-09,24,6.3,1997
2236,12162,18357,3,1235.82,2023-05-14,36,4.16,1773
2237,13968,8776,3,94013.33,2023-05-15,48,3.97,1313
2238,17556,10871,4,61047.85,2020-12-02,48,7.99,1286
2239,18464,38126,3,86534.22,2021-08-30,48,6.78,216
2240,18230,33788,1,39542.23,2021-02-08,24,3.83,1171
2241,18788,5197,1,26296.81,2020-09-28,12,4.67,336
2242,18805,9555,4,43072.83,2021-07-23,48,8.69,1192
2243,9647,3218,2,80651.75,2024-02-12,12,5.19,92
2244,3880,22997,1,88074.22,2023-06-17,36,3.84,353
2245,18683,37790,4,28142.81,2023-07-14,60,3.67,571
2246,16499,31451,2,37338.13,2024-05-12,12,6.28,1595
2247,7638,5359,4,31189.08,2021-06-03,24,5.88,816
2248,19464,34899,2,31126.4,2021-09-22,60,8.86,1705
2249,15251,5567,2,68231.4,2022-07-03,12,9.95,781
2250,11708,20571,2,58009.36,2022-02-09,60,6.07,363
2251,17402,25594,3,87763.02,2020-12-18,36,3.7,557
2252,9827,11400,3,18643.21,2023-08-16,36,4.44,1369
2253,11428,34058,1,19749.83,2021-06-11,60,6.54,1717
2254,8808,3695,1,60291.29,2020-10-24,60,8.12,1194
2255,16929,16024,1,20356.64,2022-08-29,12,6.26,356
2256,8065,29816,3,66348.46,2024-03-15,48,3.46,191
2257,16672,19015,4,67650.76,2024-04-30,36,6.44,1691
2258,11453,3831,4,34078.93,2020-08-21,60,5.85,422
2259,1385,33152,4,14883.82,2022-01-13,60,6.32,700
2260,2167,31718,4,9238.89,2022-10-13,60,6.32,7
2261,10231,34027,2,87040.44,2022-03-28,60,7.27,133
2262,15880,5627,2,46334.38,2022-01-08,24,7.0,1771
2263,19006,15400,2,65895.45,2022-02-18,12,8.25,557
2264,11429,11101,1,12239.52,2022-10-31,12,6.75,826
2265,7963,28721,2,60491.21,2021-03-04,48,8.06,761
2266,15532,19085,1,92271.48,2021-09-04,60,9.15,1055
2267,7088,10120,3,93427.85,2022-02-16,12,7.24,535
2268,1586,23974,3,70615.34,2023-06-01,12,3.38,426
2269,18859,12248,3,26668.04,2021-03-26,60,9.08,1418
2270,3924,33218,3,18537.47,2024-04-06,60,4.13,672
2271,17772,1445,2,40176.13,2023-05-23,48,5.44,363
2272,17077,26255,1,71891.77,2021-04-26,12,4.03,1461
2273,1440,25954,2,4561.83,2021-03-21,60,6.6,1694
2274,17205,34244,3,61292.52,2020-08-12,48,9.82,1575
2275,18738,16329,3,58968.52,2021-09-17,60,6.96,1951
2276,260,35852,3,12129.33,2024-06-27,12,5.14,82
2277,18843,31497,4,78180.32,2023-02-09,12,3.31,356
2278,15154,19923,2,40249.19,2021-02-28,60,9.66,1282
2279,9576,27698,2,42185.19,2023-08-04,12,8.37,1742
2280,15581,35579,4,45785.64,2024-06-28,48,4.88,589
2281,4194,12184,1,57213.85,2020-08-21,48,7.81,1548
2282,10024,23970,4,2958.9,2022-01-04,12,9.43,295
2283,8132,22884,3,26590.32,2021-10-05,48,6.61,1986
2284,341,3155,1,14157.77,2021-10-29,36,3.38,1248
2285,3075,23899,4,8760.01,2023-12-15,48,8.01,1549
2286,7733,8294,4,56555.78,2023-05-17,24,3.05,1070
2287,9380,5160,2,57448.55,2020-11-18,24,5.87,1691
2288,18825,16369,1,28930.43,2020-09-30,36,5.32,1137
2289,14969,38704,2,75872.7,2021-05-29,12,8.29,1257
2290,4413,30494,2,92690.75,2021-08-31,48,9.82,17
2291,5449,35492,1,91276.93,2021-08-18,60,7.68,360
2292,6992,11901,3,95614.51,2020-08-14,48,9.38,1247
2293,11943,14394,4,81821.34,2021-07-31,48,9.02,866
2294,9112,28736,3,45384.01,2020-11-15,36,3.79,700
2295,18821,1718,2,45581.72,2022-07-01,48,3.48,448
2296,18317,22452,2,32173.33,2023-03-11,24,8.93,856
2297,1184,35693,1,10518.31,2024-05-01,36,9.72,365
2298,5073,38252,4,43869.6,2021-08-06,12,4.45,675
2299,13572,35149,3,12638.94,2024-05-24,12,6.88,1008
2300,12853,18176,3,36069.68,2021-05-24,24,9.82,1350
2301,5486,32707,2,13621.23,2024-06-03,60,9.58,467
2302,19484,20783,4,18285.27,2022-12-14,60,7.96,414
2303,6132,29359,2,34517.49,2022-03-26,36,5.69,1479
2304,11846,3029,4,84420.81,2023-11-04,36,8.07,586
2305,12853,16264,2,43200.03,2022-05-28,60,6.1,1257
2306,590,21543,3,46702.14,2022-05-26,48,9.35,1248
2307,7426,24962,4,63990.43,2022-12-28,36,8.99,994
2308,3858,19070,2,39021.45,2023-12-14,24,7.62,1855
2309,18432,19481,3,85281.6,2022-11-14,60,9.34,1436
2310,11409,236,2,73593.56,2023-12-11,12,4.46,572
2311,2539,36467,1,70217.7,2021-08-16,36,6.82,335
2312,7002,27202,1,24639.49,2022-02-28,36,7.87,1246
2313,18767,1050,1,41418.26,2020-08-31,48,5.42,37
2314,5001,27192,3,32378.33,2021-05-15,24,6.59,989
2315,7163,12621,2,15313.1,2023-02-22,48,8.06,278
2316,5036,34687,2,36240.11,2023-07-03,24,5.51,1220
2317,11843,4447,4,45740.37,2020-08-15,36,9.28,916
2318,13925,27438,2,59868.84,2021-06-07,12,8.1,1888
2319,18991,7211,4,60589.4,2021-06-24,12,4.85,484
2320,4230,32362,3,17667.76,2023-01-18,24,5.06,1266
2321,7890,4957,3,6555.64,2023-01-11,24,5.72,1348
2322,8163,19125,3,41745.01,2022-05-10,48,5.1,731
2323,7472,15472,2,36468.18,2022-01-07,48,3.88,192
2324,13323,37891,3,61612.62,2020-10-07,12,3.46,1041
2325,11520,18555,4,51484.95,2024-03-01,36,7.49,524
2326,3152,29375,3,98426.44,2022-08-10,24,9.27,918
2327,19973,13103,3,9505.49,2021-01-14,36,7.24,401
2328,2176,36944,4,47445.38,2023-01-11,48,5.81,1930
2329,865,11060,4,22326.44,2020-07-31,12,5.74,886
2330,17179,431,3,39635.78,2021-07-25,36,6.14,705
2331,10379,23647,4,95224.51,2022-10-11,60,9.85,22
2332,18145,37525,1,38069.83,2023-11-26,60,4.86,474
2333,19695,27361,3,40339.45,2022-03-23,60,8.96,1144
2334,13717,22856,2,73011.99,2022-01-06,36,9.15,210
2335,4917,5729,4,10015.07,2021-08-03,60,8.07,306
2336,7470,29469,2,77416.9,2022-06-02,60,4.65,1294
2337,13852,35220,2,60964.02,2023-01-04,36,6.62,704
2338,7349,6757,3,55125.58,2022-08-09,24,4.63,687
2339,14243,34374,3,12197.22,2023-01-29,24,4.26,285
2340,4238,37884,1,29843.82,2022-06-28,24,6.62,716
2341,3921,16359,1,42388.73,2023-11-12,24,4.91,1700
2342,14344,668,4,51066.12,2021-02-01,48,8.59,763
2343,16561,27297,3,26964.0,2021-12-03,12,7.0,1251
2344,158,24950,4,63679.81,2023-09-19,24,8.37,948
2345,4607,24312,3,28140.39,2021-12-15,48,7.45,381
2346,7033,6539,4,24661.89,2024-01-10,60,7.14,460
2347,6290,25391,3,39812.45,2024-01-28,24,6.71,1031
2348,4238,7194,2,37425.64,2021-09-15,60,9.08,29
2349,1760,35948,2,59810.68,2021-03-11,24,8.99,907
2350,18277,21448,3,13753.57,2023-05-13,12,7.95,1057
2351,15534,32160,4,93393.16,2022-03-21,24,4.92,1670
2352,1894,37591,2,23814.97,2023-11-13,36,4.42,879
2353,3294,38892,2,56867.94,2020-08-20,36,6.4,79
2354,10143,8711,4,83470.2,2020-07-29,24,5.78,1952
2355,16031,16533,4,72753.42,2021-04-20,36,5.2,947
2356,15809,12994,3,83283.44,2024-01-11,60,9.95,459
2357,10305,4076,2,24682.6,2023-11-08,12,9.24,570
2358,9285,31829,1,33718.28,2023-10-01,48,9.69,1562
2359,139,32465,1,52370.85,2022-02-27,48,7.68,1506
2360,11219,22533,2,54560.64,2023-10-13,48,7.36,1454
2361,14255,20490,4,45277.51,2021-09-23,48,5.69,738
2362,1683,9851,4,32483.38,2023-12-31,24,8.39,1309
2363,15037,8536,3,34539.32,2021-09-02,48,5.29,516
2364,9905,26883,1,55857.96,2023-10-21,60,8.99,2001
2365,3225,12390,3,28610.82,2023-06-04,48,5.29,1123
2366,752,6536,1,43176.11,2022-06-05,24,6.3,397
2367,1988,25850,1,99582.27,2022-10-19,12,7.48,1513
2368,15366,32718,2,39254.07,2023-08-21,36,4.28,39
2369,10687,12297,2,30851.13,2022-08-02,12,4.48,1295
2370,8024,10027,3,77637.66,2021-10-05,24,8.02,887
2371,13471,2983,4,55712.59,2020-09-21,24,4.59,797
2372,9284,33027,4,44663.75,2021-01-16,48,7.3,157
2373,10571,2432,2,5174.9,2020-07-08,24,7.48,1099
2374,7687,29720,3,26002.95,2022-01-21,12,9.61,884
2375,10350,24514,2,36578.89,2024-01-15,24,7.78,1824
2376,5528,9935,3,61905.1,2023-08-02,36,4.13,1154
2377,6963,21332,3,66880.72,2022-09-07,48,6.15,1711
2378,2506,16749,2,94445.66,2021-03-13,24,4.89,974
2379,10054,1769,3,6861.72,2021-07-03,48,9.93,1108
2380,17739,9551,4,28047.16,2020-08-10,24,5.69,1046
2381,10491,24755,1,67965.07,2024-05-21,24,5.3,1483
2382,7524,22106,4,63744.9,2021-01-21,12,3.33,1563
2383,15504,28301,1,61602.47,2024-02-04,48,4.44,1731
2384,4625,28654,1,55160.27,2020-12-20,48,5.42,849
2385,2005,19855,3,4778.82,2021-11-30,12,7.21,1406
2386,5932,34437,3,56281.57,2021-07-30,24,6.42,748
2387,9835,26020,2,10550.21,2022-10-25,12,6.97,1464
2388,14480,148,4,11863.81,2023-07-18,12,4.73,1628
2389,5057,35905,4,60708.99,2022-10-24,60,6.83,989
2390,8716,18762,3,98616.9,2021-05-09,60,6.3,21
2391,8996,24127,1,39002.95,2021-06-09,60,6.14,303
2392,7291,24513,1,14165.67,2020-07-22,60,3.98,2000
2393,17163,36155,3,8767.5,2023-11-12,36,8.39,869
2394,195,12675,2,54789.78,2021-08-08,60,4.93,1979
2395,9161,11653,2,11991.07,2021-05-28,48,4.17,84
2396,9739,28111,1,73601.45,2023-01-12,12,6.07,1798
2397,14494,23215,1,78873.28,2021-07-24,12,7.21,1683
2398,14062,5776,4,76139.35,2020-12-25,12,6.87,1977
2399,11371,29711,3,46073.13,2023-05-04,12,4.65,1477
2400,10690,23994,2,83433.46,2020-08-02,48,8.75,1411
2401,10424,13161,3,76706.2,2023-07-04,48,9.09,1531
2402,13272,15269,4,63083.12,2024-01-06,48,8.67,1281
2403,16899,5645,3,27554.21,2022-11-25,60,6.11,570
2404,17614,15809,3,7563.66,2021-11-26,12,7.28,1916
2405,11835,32372,1,37420.53,2024-02-26,36,5.86,934
2406,11043,2147,2,77718.25,2021-02-11,48,4.51,1551
2407,19916,14534,3,11920.77,2022-10-14,36,5.33,1186
2408,8095,14793,2,5443.02,2022-07-16,24,5.51,1981
2409,6787,36866,2,38540.6,2020-08-22,36,6.17,1187
2410,19883,18924,2,46224.5,2023-03-23,24,4.18,1856
2411,13627,6659,3,20610.78,2020-11-16,12,3.56,1009
2412,12589,36791,2,39882.96,2020-07-11,36,4.59,793
2413,12502,4580,1,69507.84,2023-10-28,12,6.31,792
2414,9784,15315,2,41526.19,2023-03-14,24,6.62,1548
2415,6590,4050,4,90909.69,2020-07-12,36,8.02,1810
2416,7314,23711,1,44839.63,2023-07-06,60,5.02,1295
2417,10771,38274,1,63381.22,2021-11-10,36,8.88,492
2418,8499,9132,3,26779.35,2022-11-11,36,3.55,208
2419,11945,12785,2,60414.21,2023-05-12,60,8.72,1563
2420,11394,32607,2,21271.41,2023-03-21,12,9.73,1608
2421,10770,36968,4,52322.11,2024-06-30,24,7.32,1084
2422,1538,26353,4,39210.39,2022-07-02,24,8.18,430
2423,7352,22740,1,11932.51,2021-10-03,36,8.0,985
2424,15576,4623,2,33762.51,2021-06-14,48,7.79,1681
2425,13529,32795,4,56510.88,2023-12-29,48,4.32,1629
2426,11715,38418,1,67758.15,2023-09-08,12,3.32,1333
2427,8270,21962,4,65004.64,2022-12-24,48,4.38,520
2428,2768,23069,2,13817.67,2021-04-03,24,8.95,591
2429,13332,26828,3,50612.12,2021-03-26,12,4.84,1051
2430,3315,39779,3,79785.28,2022-04-28,12,6.22,1710
2431,4937,36912,1,28744.17,2023-02-14,36,5.24,1586
2432,5811,20951,3,42123.86,2023-03-23,12,8.2,199
2433,11445,36676,1,7442.71,2021-12-11,12,6.75,387
2434,14935,30143,2,12390.65,2022-10-11,24,8.07,349
2435,13223,11280,4,3566.72,2021-08-25,24,3.97,960
2436,12627,13651,2,3412.67,2022-03-12,48,9.12,1964
2437,15278,9914,3,77473.04,2021-08-08,24,5.28,693
2438,12550,10853,3,73561.4,2022-12-15,24,9.13,1560
2439,12674,39173,2,77803.24,2023-04-06,60,5.33,1852
2440,12954,35734,4,99343.93,2021-11-29,12,7.95,378
2441,18946,33921,2,27027.23,2020-10-26,48,8.3,899
2442,3455,19507,4,3839.6,2023-03-14,48,5.33,916
2443,2171,1282,1,37508.77,2021-06-03,60,4.58,1582
2444,10986,11773,4,95632.32,2023-07-10,36,3.4,527
2445,11304,37058,1,84030.94,2023-12-28,24,9.18,1177
2446,12887,25720,3,23285.04,2023-04-15,48,6.68,734
2447,8178,3441,4,6068.46,2022-10-27,60,7.47,206
2448,3797,33912,2,19584.41,2021-08-05,12,6.9,455
2449,12472,3534,3,77109.17,2022-11-16,60,8.93,1297
2450,6320,27295,2,77771.87,2020-08-30,12,4.52,1918
2451,12673,23972,1,79987.58,2023-04-12,12,9.97,1260
2452,13682,5231,1,54415.31,2023-09-13,48,8.14,1876
2453,2741,37763,1,82101.99,2020-11-10,36,6.55,1764
2454,13505,31465,3,37650.79,2021-08-17,60,3.88,521
2455,11831,27811,4,95993.79,2020-08-29,24,5.88,1702
2456,1649,8607,2,53591.15,2021-04-16,24,9.93,1968
2457,19581,37097,2,20009.68,2020-07-11,24,5.57,1017
2458,11869,7080,1,59175.07,2021-11-26,24,8.04,956
2459,16952,32717,2,94282.24,2021-11-08,36,3.04,1855
2460,13311,19719,2,45641.86,2023-10-02,12,9.12,726
2461,491,2377,1,42789.58,2022-09-26,12,4.51,1014
2462,766,28655,1,77956.25,2023-10-13,12,7.92,501
2463,15525,26181,4,67588.18,2022-06-28,36,8.64,117
2464,9647,11427,3,80804.92,2021-08-12,36,9.4,386
2465,14819,29948,4,86462.55,2023-06-18,24,6.38,1368
2466,1142,1783,2,75654.13,2020-12-31,48,7.9,584
2467,1573,11967,3,38254.66,2023-05-12,12,5.08,395
2468,16544,36996,4,69862.31,2022-08-23,60,8.12,1088
2469,17332,12784,3,21496.2,2023-11-10,48,9.62,1741
2470,1552,36068,4,68005.98,2023-07-31,48,3.83,721
2471,8646,26195,1,44150.01,2024-06-08,36,5.48,72
2472,3484,21210,3,53351.31,2024-05-26,24,7.27,1813
2473,5828,14651,2,2664.8,2022-10-15,12,9.54,274
2474,14487,38098,2,79292.05,2020-09-27,24,4.57,1344
2475,2538,13177,3,80699.68,2023-04-04,60,4.93,338
2476,18438,29153,3,93233.34,2023-07-01,36,3.79,1390
2477,8605,28503,1,92615.76,2023-11-23,24,8.63,1519
2478,18500,28921,1,78843.43,2021-04-16,48,8.97,607
2479,12208,19467,4,62839.7,2021-01-20,48,8.69,166
2480,15879,23411,2,97437.92,2021-06-22,24,9.36,1568
2481,12446,22497,4,39645.52,2022-09-21,36,5.27,11
2482,950,18503,1,11441.38,2022-05-18,60,7.94,1325
2483,4568,15440,3,14397.76,2022-01-23,12,8.1,729
2484,3011,9748,3,65679.91,2021-09-01,60,6.16,801
2485,5259,31021,1,32641.7,2021-01-12,60,7.63,102
2486,384,27327,4,67972.37,2024-05-08,36,5.07,1449
2487,3535,5615,2,29017.74,2021-07-20,24,6.33,1416
2488,8241,23810,4,72420.54,2023-05-25,24,3.05,779
2489,4566,31220,3,26444.01,2022-12-14,12,4.26,214
2490,6443,21050,2,28304.92,2024-05-06,60,5.57,1715
2491,13404,22929,4,13417.98,2023-05-17,60,3.86,1112
2492,11113,3552,1,70062.08,2020-10-16,24,7.6,1577
2493,19287,20135,2,87538.53,2024-02-01,12,5.2,401
2494,6378,21920,3,97381.95,2020-09-25,48,3.23,588
2495,6200,21434,3,29806.82,2023-01-22,24,3.5,889
2496,19936,31280,4,90815.79,2021-05-15,36,7.43,1070
2497,19213,27018,3,73092.19,2023-06-29,48,5.43,1696
2498,1819,2786,1,8687.67,2021-11-08,36,9.16,1487
2499,11418,1429,2,60120.4,2020-08-11,48,9.75,592
2500,2388,25293,2,98104.02,2023-06-18,24,4.1,1334
2501,8927,3265,4,27827.52,2020-09-25,48,9.25,1110
2502,14627,15396,2,16351.46,2024-05-21,60,7.55,92
2503,15109,9685,4,46519.97,2023-03-20,36,9.83,1684
2504,7852,21267,4,38468.69,2024-02-07,24,6.58,673
2505,14092,24162,2,6319.19,2021-03-15,12,8.8,714
2506,12739,17839,3,29947.46,2022-06-08,24,8.81,936
2507,17355,756,4,41591.93,2023-11-07,24,4.37,1952
2508,8361,11120,1,39991.8,2020-07-08,12,6.86,242
2509,17776,9831,1,19189.35,2024-05-16,48,6.05,1889
2510,15256,13687,3,11152.99,2024-04-07,36,7.5,2
2511,7754,2749,3,76422.12,2022-03-28,60,3.21,225
2512,15769,7957,2,23298.9,2021-01-03,48,9.51,801
2513,298,24000,4,83000.97,2023-09-28,36,6.93,1769
2514,8503,2772,2,90480.46,2021-05-23,12,4.41,1997
2515,9151,24726,1,16229.0,2022-11-09,12,5.11,1950
2516,11000,3898,4,82962.86,2020-07-21,48,8.22,1953
2517,12767,1346,1,86430.72,2021-02-09,24,9.25,589
2518,8762,33510,2,45200.9,2022-09-18,48,6.54,116
2519,3173,4773,3,12216.23,2024-06-20,12,5.54,1690
2520,4738,27771,4,36179.36,2021-04-16,48,9.82,918
2521,8813,11083,2,55777.95,2024-01-07,24,3.49,1127
2522,14569,25911,4,34378.28,2020-08-24,60,4.98,194
2523,7240,21253,2,55840.62,2024-03-19,12,4.16,1190
2524,5988,19586,3,34102.91,2021-08-14,48,3.01,871
2525,2776,8349,2,32862.24,2020-08-28,48,8.87,90
2526,6316,30540,4,49455.97,2023-08-11,60,6.39,1710
2527,6085,21890,1,40375.23,2021-03-06,48,3.28,122
2528,5372,34766,1,16159.85,2022-08-24,48,9.27,143
2529,19568,11122,2,28323.03,2024-05-14,12,8.22,994
2530,3920,6683,3,53151.43,2023-05-15,12,3.6,106
2531,5394,6256,3,65935.07,2022-09-23,60,3.9,887
2532,9635,4770,2,89248.07,2021-05-10,24,9.38,428
2533,10942,26272,4,40122.11,2024-03-15,48,3.49,1329
2534,3466,12452,1,48711.11,2023-01-12,48,9.12,1896
2535,11497,3653,2,41658.36,2021-04-02,12,6.24,1995
2536,14040,34673,2,89805.27,2021-08-02,48,7.75,317
2537,11574,6922,1,61143.11,2021-04-21,60,5.57,1987
2538,13262,38439,1,47363.24,2024-02-15,48,7.78,635
2539,5553,26749,4,58222.8,2021-10-07,36,6.99,1926
2540,18947,14432,2,79266.93,2022-10-10,48,3.51,9
2541,4232,31406,4,24979.27,2020-08-15,12,5.83,774
2542,13843,32940,3,29621.64,2023-07-23,12,6.39,1097
2543,4515,25322,3,17450.42,2020-10-14,48,4.21,1383
2544,14287,10109,4,30536.63,2023-08-30,36,5.81,223
2545,10340,4533,1,91603.1,2020-08-14,60,5.17,1440
2546,6301,7893,3,72103.29,2021-03-17,12,8.21,553
2547,17429,14740,2,7508.62,2023-02-09,24,9.9,1394
2548,16046,24369,4,99539.82,2021-09-07,12,6.94,716
2549,1153,37696,3,58503.02,2021-06-07,12,6.18,1288
2550,18675,14545,2,94547.77,2022-02-19,60,9.13,1864
2551,6913,25731,4,3502.09,2024-04-17,24,9.48,1714
2552,9038,2054,3,44563.08,2021-11-12,24,5.13,1884
2553,5016,9126,2,34153.71,2021-05-20,24,8.29,1342
2554,2117,998,3,63469.11,2022-01-03,36,6.23,1108
2555,5308,17871,2,78761.92,2024-03-31,48,3.67,1342
2556,11939,35637,3,66441.34,2023-12-15,12,9.78,111
2557,17676,23943,2,18062.11,2022-05-22,36,5.12,251
2558,17575,16848,1,90039.99,2021-09-12,48,8.63,383
2559,11994,5388,1,45093.27,2021-12-31,60,3.14,7
2560,152,36429,2,79267.47,2021-07-15,12,3.69,459
2561,7182,15757,1,62494.68,2023-11-30,36,6.18,1108
2562,11406,7329,3,18832.45,2023-07-31,60,9.11,208
2563,17561,38784,4,34037.18,2022-05-08,24,7.29,900
2564,9406,7301,1,78729.87,2023-05-28,12,3.34,1414
2565,8214,20830,1,99388.47,2024-06-13,60,7.56,1338
2566,9154,25001,2,11145.93,2022-04-27,12,4.0,22
2567,13420,37938,1,56875.4,2022-03-04,24,6.83,410
2568,5876,4089,2,24337.64,2024-04-26,60,5.62,895
2569,17753,2775,4,12227.03,2021-07-03,48,3.04,515
2570,13210,9747,1,2632.45,2022-01-01,48,5.84,1151
2571,4697,11707,3,28385.44,2024-05-07,12,7.93,809
2572,10041,23924,3,7929.99,2024-05-05,60,5.61,1724
2573,19676,38621,2,16577.13,2021-08-25,60,6.82,874
2574,7228,11523,4,90793.33,2022-07-23,12,9.82,14
2575,6179,3392,3,45708.52,2022-09-09,48,7.05,971
2576,9718,5874,3,93139.47,2022-07-13,12,9.8,978
2577,13413,4798,4,36549.1,2021-02-22,60,6.37,1014
2578,13158,28244,4,14525.78,2022-06-22,48,9.0,1036
2579,8611,26174,2,31954.97,2021-04-15,36,9.02,87
2580,18422,31247,1,87503.14,2021-11-28,12,3.97,1548
2581,273,10243,3,95495.83,2021-01-05,24,5.56,909
2582,665,22000,1,84782.28,2023-10-07,60,7.94,1561
2583,7519,2858,2,43400.02,2020-08-27,12,7.38,1325
2584,15890,684,4,34144.11,2023-12-04,48,5.92,1267
2585,14567,34203,4,57599.0,2024-05-15,48,7.61,122
2586,467,27797,1,64289.27,2024-02-12,60,7.28,1171
2587,10175,20691,2,19687.5,2020-07-12,36,9.27,1591
2588,8283,7598,1,46024.39,2021-12-01,60,5.67,750
2589,15788,10686,2,74979.35,2021-03-25,60,9.56,1380
2590,17919,26113,1,15136.96,2023-11-03,24,4.62,685
2591,3699,25185,4,49194.11,2023-01-14,36,6.11,1928
2592,16489,35770,2,7777.46,2021-12-09,60,9.73,1757
2593,15633,27106,2,73651.53,2021-06-18,36,4.02,1655
2594,7940,18950,4,61909.37,2021-05-11,12,9.5,309
2595,17074,32838,2,54744.89,2021-05-16,60,4.24,695
2596,7215,12319,3,73497.34,2021-08-17,24,9.37,288
2597,6946,4900,4,1402.34,2021-04-21,24,7.76,307
2598,766,9704,1,42497.4,2022-05-17,60,8.73,1836
2599,241,4918,1,20335.78,2023-05-31,12,6.22,1618
2600,19964,18722,2,14459.17,2021-08-12,24,9.81,1990
2601,17689,34073,4,83839.93,2022-03-19,36,5.76,914
2602,5377,5008,2,66423.32,2022-08-29,48,4.36,1747
2603,11407,22672,4,55251.29,2024-02-13,12,6.64,662
2604,8662,9724,2,82477.28,2023-05-30,36,6.49,549
2605,5658,31691,4,7219.25,2020-12-31,24,9.36,1376
2606,11129,30087,3,37084.92,2022-08-28,36,9.76,312
2607,157,38175,3,24265.56,2020-07-17,60,7.78,873
2608,1673,18137,4,68666.75,2022-12-25,48,4.1,1083
2609,4841,24365,1,7805.07,2022-05-09,12,3.86,1667
2610,18203,12059,2,38091.59,2020-08-19,60,9.8,924
2611,2160,11233,1,33336.21,2023-05-26,24,4.38,1738
2612,17605,36702,1,41428.75,2020-10-21,12,4.54,755
2613,12172,15288,3,73976.67,2021-11-11,60,8.06,35
2614,4495,38535,3,88517.58,2024-01-21,24,4.89,445
2615,2312,12175,4,36700.3,2020-07-18,60,3.98,93
2616,18786,26253,1,72587.16,2022-08-17,48,7.96,1974
2617,63,12910,1,58111.54,2022-01-25,36,6.51,1983
2618,2001,2697,4,5604.27,2022-12-20,48,9.43,1231
2619,14036,27049,1,21544.63,2022-03-28,12,3.45,353
2620,3802,15420,1,87335.54,2022-10-30,24,9.79,903
2621,4106,33217,1,96138.37,2021-03-31,36,3.27,1356
2622,15850,19942,2,42908.36,2023-09-15,48,5.27,1841
2623,5391,8200,4,69956.79,2021-02-27,12,4.47,862
2624,11497,5730,4,86048.13,2023-04-23,48,5.53,1749
2625,10757,34470,4,44992.58,2021-10-15,60,3.2,159
2626,2197,533,3,15628.62,2022-10-19,60,6.36,1978
2627,7931,10508,2,87580.14,2024-06-28,48,3.33,957
2628,18105,25197,3,92577.66,2021-10-07,12,5.33,24
2629,14970,17118,3,46941.32,2020-07-29,24,5.88,404
2630,11226,13958,2,45087.98,2023-03-02,24,6.83,805
2631,8175,29028,3,48024.32,2023-12-21,36,8.56,516
2632,17675,37095,2,23266.82,2021-04-06,12,9.1,732
2633,10054,12253,2,24645.72,2021-01-05,48,3.71,1388
2634,7289,17658,1,59669.26,2023-08-02,12,5.21,1406
2635,19213,31280,3,17438.09,2021-01-13,48,9.99,532
2636,1471,15879,4,70617.2,2022-01-05,48,6.15,956
2637,11852,31490,2,79675.67,2021-03-07,36,3.7,152
2638,9823,15829,4,82198.26,2024-01-29,12,7.83,1586
2639,9787,12466,2,78430.42,2023-06-06,48,3.23,1713
2640,18711,17272,1,65413.02,2020-12-03,36,7.67,947
2641,10498,5385,1,17212.57,2022-01-07,48,7.22,608
2642,1212,26701,2,76141.38,2020-12-07,36,6.15,1641
2643,2429,30394,4,84434.31,2024-03-24,24,9.25,420
2644,1675,37306,3,89056.09,2023-07-04,36,6.62,1274
2645,1098,5029,2,6332.61,2024-02-04,60,4.99,1141
2646,3341,10133,4,83118.54,2023-12-17,60,4.37,866
2647,2227,32616,2,28953.48,2023-05-09,48,7.55,1536
2648,18700,15557,1,73067.5,2023-06-21,60,9.57,1764
2649,10185,17445,2,75528.98,2020-08-14,48,4.58,578
2650,17004,2998,3,99060.84,2023-08-26,36,9.25,335
2651,7551,6562,2,20905.01,2022-08-15,36,8.83,1442
2652,15553,2291,2,43132.56,2021-03-02,24,5.27,932
2653,16425,9124,4,91142.27,2021-09-27,24,8.77,1798
2654,10347,34472,3,34086.27,2023-08-18,60,7.12,295
2655,19944,5391,1,86116.2,2020-07-03,12,6.83,1962
2656,9404,27278,2,76205.84,2023-04-12,24,5.34,755
2657,6806,17592,2,94757.48,2023-06-16,36,6.3,1395
2658,4301,26456,1,84040.51,2022-11-02,36,4.86,186
2659,3443,39658,3,76786.9,2023-09-29,60,9.89,1270
2660,5025,11479,2,15159.49,2021-08-19,36,3.32,637
2661,3433,815,3,6719.85,2021-05-05,36,6.51,1292
2662,16953,10742,4,26997.1,2023-07-16,48,8.39,1667
2663,1476,30660,4,20615.71,2024-06-22,48,9.76,1261
2664,4614,35697,4,77680.41,2021-09-10,48,9.75,530
2665,1566,22638,3,15062.76,2022-08-13,48,7.98,1576
2666,9563,31225,1,97986.33,2021-07-11,48,8.34,21
2667,14850,24149,2,98901.38,2022-04-24,12,8.9,911
2668,12043,19214,2,82375.94,2024-01-10,60,4.43,1761
2669,5816,39381,4,85479.69,2022-03-06,36,5.73,867
2670,2275,16943,1,70342.75,2021-03-16,12,5.58,794
2671,13509,34578,2,55345.22,2023-02-12,60,7.56,1544
2672,2377,34406,3,60749.27,2022-02-28,60,8.69,100
2673,11920,4041,3,5497.78,2023-06-24,24,9.77,752
2674,9887,35584,4,57598.1,2020-08-04,48,8.58,478
2675,8817,13219,1,75205.48,2021-01-22,48,7.68,1623
2676,9106,20412,3,96822.53,2022-12-18,12,6.18,1322
2677,7952,20794,2,50815.33,2022-06-29,12,3.44,940
2678,13991,39239,1,16406.72,2024-06-16,36,4.5,526
2679,2150,39368,2,41648.94,2021-10-27,12,5.43,334
2680,18442,2045,3,95366.84,2023-12-08,60,9.41,2
2681,5479,22559,4,36462.2,2023-08-19,60,4.18,375
2682,13508,37409,4,55185.33,2024-02-07,36,8.69,293
2683,1539,12925,2,23280.89,2023-03-12,36,5.88,837
2684,15201,33094,2,13450.26,2021-07-17,48,9.03,1958
2685,9460,32101,3,33222.13,2023-01-05,12,6.08,1005
2686,11687,7629,4,6243.42,2023-09-03,60,9.68,553
2687,15102,3132,1,40186.65,2023-11-23,24,8.39,318
2688,5925,8994,3,2507.59,2022-09-19,48,8.22,1526
2689,19988,37367,3,41101.5,2020-11-26,24,8.89,1852
2690,5918,13135,3,49890.54,2022-10-09,12,3.45,381
2691,17247,21272,1,10946.64,2021-10-20,12,9.37,1647
2692,13605,21070,1,29989.82,2021-01-29,60,5.41,14
2693,11892,26897,3,41899.71,2023-05-04,24,6.79,504
2694,1143,39439,1,70651.1,2021-02-05,12,9.3,231
2695,4427,19569,4,2999.12,2020-09-27,60,9.85,1108
2696,10900,19487,2,36672.71,2021-01-04,36,6.14,130
2697,15672,6560,4,60526.17,2021-01-09,24,9.06,1767
2698,11924,10412,2,19138.8,2023-08-22,36,6.43,838
2699,14494,36819,3,37385.23,2022-11-25,36,3.87,1169
2700,15614,19666,4,19892.14,2022-11-06,60,8.62,891
2701,11333,18403,4,29441.79,2023-01-29,48,3.13,1881
2702,14721,36402,4,92520.01,2022-10-10,36,7.11,28
2703,6714,14180,2,87096.9,2021-05-18,60,5.32,66
2704,7239,15254,3,91181.19,2022-06-15,60,4.85,1187
2705,4706,3137,2,10024.38,2022-04-21,24,5.5,1253
2706,12020,23748,4,80476.67,2024-05-19,12,8.55,261
2707,12540,15057,2,78604.4,2021-04-12,48,3.3,1473
2708,1802,19848,1,46611.59,2023-11-24,60,7.53,1448
2709,3576,4255,2,38028.05,2022-08-06,12,7.12,460
2710,19620,26028,1,7226.53,2022-11-14,24,8.66,1976
2711,8951,37923,3,51021.53,2021-03-26,36,6.76,1700
2712,14145,9873,2,20263.55,2023-06-11,24,9.11,301
2713,4195,20133,2,13470.69,2024-04-27,24,8.36,919
2714,14515,29847,1,49285.35,2023-10-28,12,7.34,1327
2715,18190,12192,4,18898.46,2021-08-18,36,8.62,287
2716,18195,6689,4,56479.44,2022-12-25,24,4.11,1419
2717,9633,16342,4,39636.62,2022-06-08,12,5.06,1034
2718,10113,18923,1,39579.56,2022-03-08,60,8.17,1731
2719,4143,38908,2,68355.37,2023-12-28,36,3.34,630
2720,17875,39543,3,38736.62,2021-01-24,36,8.08,270
2721,12241,15103,1,60498.02,2022-06-13,36,5.9,592
2722,4960,37395,2,97007.54,2024-06-15,48,9.45,1994
2723,4784,10,3,76449.02,2020-10-26,60,9.34,1629
2724,2738,14757,4,40614.64,2024-06-12,24,6.95,1802
2725,12736,28828,1,29696.09,2023-08-30,12,7.15,844
2726,1313,2640,4,42442.93,2022-02-01,48,7.71,862
2727,8794,31900,2,26654.8,2022-10-02,12,5.82,1385
2728,17807,3513,2,12029.1,2022-05-02,36,3.03,1281
2729,19784,1599,3,55087.32,2021-08-15,60,5.58,133
2730,15886,27014,2,42805.24,2020-12-07,60,7.28,1300
2731,6335,15738,4,15983.44,2020-10-14,36,5.4,1800
2732,10375,32249,3,74354.72,2022-03-13,24,4.55,1707
2733,19035,3908,1,14139.13,2020-11-17,60,4.38,972
2734,11121,19856,2,29640.71,2022-08-19,12,7.48,513
2735,2694,7647,4,62631.76,2024-03-20,60,6.87,313
2736,19738,31083,4,76073.5,2024-04-10,36,8.04,576
2737,8222,29031,1,90214.81,2021-12-03,24,5.75,886
2738,1895,6401,2,96486.65,2022-02-25,12,8.84,1308
2739,10550,30909,3,72810.93,2022-08-20,12,5.92,1145
2740,19420,285,3,71925.37,2022-08-13,60,4.16,1131
2741,18400,33416,4,14251.81,2023-06-06,48,8.5,1957
2742,17754,25837,4,59908.09,2021-07-28,12,9.51,687
2743,12569,37272,1,36192.86,2021-12-30,48,9.84,1228
2744,15207,4983,2,2362.63,2021-08-04,48,9.67,165
2745,4017,25625,1,68951.74,2024-02-10,24,7.92,305
2746,17681,27750,3,19920.61,2023-06-28,48,5.51,1521
2747,14664,14818,4,72274.47,2024-02-22,48,8.67,1656
2748,11362,11702,2,92291.01,2021-01-09,60,4.96,1580
2749,5154,23343,3,78132.67,2021-01-26,48,3.37,1848
2750,5487,6619,2,41847.78,2022-08-20,36,4.01,156
2751,8556,37136,1,60568.61,2022-01-07,12,3.91,1391
2752,3190,35912,1,82468.98,2020-10-26,60,7.23,1743
2753,12822,8083,3,62461.5,2022-01-09,48,8.41,1926
2754,9804,16636,3,67155.31,2022-02-28,60,6.62,620
2755,7045,3323,2,63857.72,2023-06-28,36,9.88,1275
2756,13766,982,1,40307.38,2024-01-04,60,9.44,957
2757,15935,173,2,72777.97,2023-11-13,24,5.97,1940
2758,8143,38261,2,92615.97,2022-11-06,36,9.46,1906
2759,17218,1608,2,5923.13,2021-08-25,24,8.46,334
2760,2328,17135,2,97041.9,2020-11-30,24,8.99,1666
2761,6510,19404,1,84618.9,2021-12-02,36,8.44,969
2762,19336,35580,1,34189.65,2023-03-16,24,6.46,511
2763,10974,18231,3,83274.59,2023-11-18,36,8.55,1317
2764,6122,7657,4,84517.47,2020-11-17,48,6.51,1044
2765,457,17873,1,55815.54,2021-04-06,12,3.62,282
2766,13395,10718,1,57466.22,2023-07-13,36,6.25,797
2767,15267,28750,1,75028.28,2022-05-12,60,5.22,1025
2768,3883,36720,1,86498.32,2023-02-17,24,9.75,119
2769,17690,15629,2,72563.83,2024-05-05,48,5.3,1059
2770,15003,17528,2,7707.07,2022-11-20,24,8.6,198
2771,11597,2019,1,74922.27,2024-06-29,36,3.15,485
2772,6872,28043,2,98199.46,2024-06-20,60,8.91,1781
2773,6308,16368,2,95475.18,2020-12-05,60,9.22,1083
2774,15134,26188,3,60095.97,2023-11-25,24,5.19,837
2775,9776,4148,4,3448.46,2021-09-22,24,5.69,1185
2776,18657,22856,4,93929.02,2021-09-29,24,7.85,1009
2777,12130,34301,1,63870.37,2022-12-16,12,5.5,691
2778,19375,35086,1,29673.49,2023-04-28,36,9.23,1230
2779,17427,18069,1,92405.01,2022-09-25,12,6.73,1036
2780,6659,22183,1,89211.33,2023-06-08,60,6.18,490
2781,15387,27478,1,88297.54,2024-05-21,12,7.38,276
2782,5114,38068,2,72388.28,2020-08-03,36,8.71,693
2783,256,24876,4,10109.51,2021-09-14,12,6.0,242
2784,10195,13621,4,55925.95,2023-12-09,60,7.06,1240
2785,13510,22494,2,75391.77,2022-06-18,48,6.72,1275
2786,590,10200,4,10463.45,2023-03-27,36,3.05,1835
2787,13738,31919,3,1776.68,2022-07-15,24,7.42,126
2788,5294,33413,1,80274.36,2021-06-22,48,3.11,217
2789,7922,18485,4,24343.13,2021-10-22,36,3.67,1330
2790,5496,14196,2,42020.52,2020-10-04,12,7.95,1821
2791,16059,31986,2,90150.8,2021-04-07,12,4.17,1209
2792,7510,3722,4,29257.49,2024-05-10,24,3.74,1063
2793,19261,4361,3,54684.52,2023-05-04,12,3.4,1247
2794,11532,1006,4,64762.53,2021-05-22,60,6.87,1208
2795,19068,22240,4,56402.31,2021-11-14,48,9.19,495
2796,7775,25051,1,44994.41,2023-10-31,36,6.02,427
2797,7936,1948,3,79083.25,2022-08-31,12,9.67,1202
2798,15307,5036,1,24091.26,2023-04-12,12,8.61,919
2799,19024,24708,4,12057.95,2021-05-06,48,7.17,1452
2800,16015,39628,3,86852.22,2022-11-29,48,5.51,1318
2801,10446,29481,1,3926.15,2024-03-26,36,3.89,1876
2802,12898,9967,1,39294.61,2022-02-09,12,7.68,151
2803,17744,25301,3,97629.03,2022-11-06,48,7.02,384
2804,17228,32952,2,9319.5,2021-05-09,24,8.15,1662
2805,4722,13765,1,67077.55,2022-10-20,24,5.42,1837
2806,15717,26468,1,7951.51,2024-04-13,12,8.75,308
2807,5313,24863,1,72055.1,2024-05-24,36,5.84,1360
2808,4821,23685,1,13339.52,2023-02-05,48,6.79,1970
2809,18121,37231,3,32806.41,2023-04-11,36,4.35,746
2810,17166,37795,3,97590.13,2024-03-09,12,3.7,892
2811,5737,8676,3,72263.55,2023-12-19,48,4.75,375
2812,791,23726,3,60875.45,2022-01-19,12,8.49,1032
2813,6693,20484,1,61485.6,2023-09-22,24,8.5,1365
2814,6462,38059,1,94787.11,2023-08-12,12,6.18,129
2815,1201,27122,2,97147.42,2021-05-14,12,9.73,1015
2816,11984,20990,2,35539.37,2022-01-15,60,4.61,1800
2817,11257,25198,4,98482.74,2023-02-03,60,5.39,669
2818,15138,6460,3,61344.5,2020-12-17,48,6.78,1376
2819,8571,12323,4,29911.77,2022-03-05,60,3.57,1382
2820,15016,3040,3,31981.78,2021-04-01,12,6.96,517
2821,18163,15423,1,62136.38,2021-07-30,48,8.58,1519
2822,8704,32888,4,97894.98,2022-01-06,48,4.8,86
2823,1335,5950,3,90122.24,2023-01-18,24,7.7,1199
2824,4174,34583,1,10954.43,2023-01-29,48,9.52,1826
2825,13403,36171,4,7059.04,2021-10-01,36,6.74,1217
2826,12983,15650,3,96381.59,2021-01-30,60,9.99,311
2827,16132,26113,1,99086.84,2023-11-28,36,5.85,1143
2828,16452,14286,3,76783.48,2021-06-01,48,6.51,1242
2829,2115,25180,3,11116.19,2023-03-05,48,7.39,427
2830,2042,14953,3,61887.34,2024-05-13,24,6.03,1994
2831,2742,12160,3,50141.03,2021-04-14,24,5.34,1438
2832,1457,9195,2,81218.84,2023-07-09,36,4.92,114
2833,10174,11607,1,19262.23,2021-06-26,48,6.31,2002
2834,1097,30877,1,27040.55,2021-01-25,24,9.7,1169
2835,7306,26695,3,14483.93,2023-07-14,24,7.55,1562
2836,11876,35706,1,85879.53,2024-06-26,48,8.77,1672
2837,19515,17320,4,93943.94,2023-12-21,60,4.12,303
2838,9332,37217,2,29163.5,2022-06-02,48,3.75,744
2839,17074,38303,3,24355.54,2023-06-30,24,7.02,1905
2840,2376,37844,2,19824.33,2021-09-22,48,8.22,588
2841,14172,13622,2,32276.15,2022-03-05,24,6.66,987
2842,17919,36383,2,31708.52,2021-01-15,12,6.67,1864
2843,3378,8004,3,51893.26,2024-02-08,24,5.73,345
2844,13915,24844,1,72576.45,2022-04-15,24,5.14,814
2845,18358,962,3,51687.71,2023-10-28,24,5.3,1988
2846,18805,16923,3,9226.87,2023-11-25,48,4.55,801
2847,3575,23325,4,6109.13,2021-02-28,60,7.86,1025
2848,13358,10673,1,78489.91,2020-07-29,60,5.33,1171
2849,16380,37500,2,5482.59,2022-06-23,48,6.9,1311
2850,14053,1576,2,64765.36,2021-08-08,24,6.18,2000
2851,4384,32684,1,98630.98,2023-01-31,60,7.68,1678
2852,18201,22977,4,81442.69,2023-05-30,60,5.79,1077
2853,1516,27634,3,8103.18,2022-10-16,36,3.85,1328
2854,4958,14066,2,67721.22,2023-04-19,12,5.48,1093
2855,17234,29564,3,66064.28,2020-10-27,48,9.95,361
2856,19515,25689,3,13208.76,2023-12-03,24,9.54,1626
2857,8063,21714,3,77139.9,2024-02-24,48,7.29,1982
2858,7123,13395,1,68469.89,2021-08-01,60,8.31,1244
2859,988,5801,4,40657.01,2023-07-01,24,8.54,1986
2860,5733,15665,1,39882.77,2021-11-24,36,3.1,1010
2861,3486,12310,3,15207.76,2021-06-06,60,8.4,704
2862,12143,30825,1,19593.26,2022-12-07,60,4.25,1990
2863,5231,21200,1,71665.57,2022-12-01,48,7.96,575
2864,17181,21715,1,50710.47,2024-04-14,48,3.65,1609
2865,15659,36716,3,76562.1,2020-09-14,12,5.11,1185
2866,13698,20908,2,22985.96,2023-07-07,12,9.62,1705
2867,6155,20343,3,75995.54,2022-12-02,12,5.7,1113
2868,18833,3315,1,96751.4,2022-11-22,24,5.68,688
2869,4361,18579,4,87965.36,2022-11-10,48,9.66,781
2870,16447,39742,4,82154.51,2021-12-07,12,5.23,585
2871,8185,30910,3,13465.51,2021-09-29,12,8.94,1781
2872,1074,39818,4,75941.28,2024-01-10,12,5.11,589
2873,18273,25596,1,68005.48,2020-09-27,24,9.35,1183
2874,10663,35399,4,41457.05,2020-09-11,12,6.29,489
2875,12092,21897,3,45504.83,2020-08-18,60,9.64,971
2876,1166,35565,2,36670.46,2024-02-16,48,7.42,1348
2877,2440,29995,4,6024.44,2020-07-21,48,3.41,1634
2878,1762,2881,1,98351.04,2024-03-09,48,9.77,1405
2879,3187,17578,1,86137.56,2023-02-14,12,3.37,1126
2880,5448,8666,3,4831.97,2023-05-22,60,7.82,494
2881,18242,7827,2,48351.28,2021-11-21,24,7.13,1668
2882,12822,3145,3,50634.56,2024-07-02,60,6.12,1638
2883,10033,9497,1,51060.24,2021-03-18,36,9.57,19
2884,15036,14821,3,98425.2,2021-08-21,24,4.43,1478
2885,6316,36775,1,37924.93,2023-07-17,24,8.89,1506
2886,3362,16937,1,80032.99,2023-07-19,24,3.95,1618
2887,8532,11414,4,74732.55,2022-03-24,36,9.57,397
2888,9940,21878,2,81569.26,2020-11-06,24,7.95,1001
2889,19516,30251,1,10663.7,2023-04-24,12,8.64,1303
2890,695,8032,3,98210.74,2020-11-21,24,6.29,851
2891,19835,20345,4,39621.64,2021-03-07,36,9.75,1389
2892,73,15862,2,26999.21,2022-09-17,12,6.59,1355
2893,8906,36717,1,29175.73,2022-09-17,24,5.83,1665
2894,6200,39837,2,52261.47,2022-06-16,24,9.53,1368
2895,16983,39027,2,21633.11,2021-01-16,24,4.73,822
2896,13506,26490,3,3139.17,2022-09-26,48,5.47,455
2897,10195,35422,3,89327.88,2023-01-23,60,6.35,1625
2898,15965,36537,2,23209.39,2023-12-24,36,8.51,725
2899,6760,22071,4,95358.63,2021-12-29,60,4.76,1679
2900,17991,16952,1,36488.31,2024-03-23,36,6.77,1089
2901,2189,20183,4,6506.88,2021-05-06,48,3.94,1100
2902,8565,5286,3,78729.54,2021-11-27,48,4.81,711
2903,10760,8375,1,10082.23,2024-03-23,60,3.06,143
2904,15708,38015,3,9927.12,2023-10-10,36,5.22,917
2905,15461,37801,3,95199.97,2020-12-26,12,6.91,1939
2906,15706,6679,3,79211.15,2021-11-11,24,4.59,828
2907,3166,18562,4,63050.87,2020-08-29,36,8.09,605
2908,351,6002,1,65438.22,2023-07-02,24,3.47,1497
2909,12843,18915,1,70132.97,2020-10-08,48,6.46,1441
2910,14479,34223,1,26532.87,2022-01-30,48,8.96,305
2911,14049,18587,1,82687.02,2022-10-26,24,8.83,736
2912,3410,25221,1,76065.05,2020-11-26,48,7.32,1521
2913,12478,15625,1,65167.26,2020-07-18,12,4.16,291
2914,8160,34728,3,82599.61,2023-03-12,48,9.29,1964
2915,18322,25397,3,83406.9,2021-02-18,60,3.8,102
2916,7382,23741,1,92237.47,2020-08-02,24,8.94,1291
2917,11655,14998,3,55281.39,2020-11-06,60,7.47,867
2918,6704,11815,3,87349.39,2022-07-09,48,8.26,968
2919,4577,28453,3,67494.86,2024-04-02,12,3.62,1646
2920,17113,33163,4,97056.96,2023-04-24,36,7.09,974
2921,11636,9332,1,80981.13,2020-11-24,24,9.2,842
2922,6014,6829,4,74890.05,2020-12-08,36,5.13,962
2923,11712,6978,3,35733.06,2021-04-19,36,7.86,942
2924,14924,32827,4,59591.41,2021-01-14,48,6.85,1801
2925,12998,19100,3,5927.07,2020-11-10,12,5.27,1027
2926,16197,5539,3,1456.14,2022-10-04,60,5.78,85
2927,12965,14023,1,12603.52,2024-02-14,36,9.4,1818
2928,419,38905,1,39430.21,2024-03-04,24,4.39,328
2929,8911,12884,3,33249.44,2022-06-28,24,9.85,816
2930,234,11946,3,13587.68,2022-09-28,60,6.26,1474
2931,14225,22325,4,15296.89,2024-03-10,60,3.37,454
2932,15549,8745,1,29144.11,2024-04-11,12,7.97,1948
2933,5774,38215,3,95554.88,2024-02-21,48,8.24,629
2934,14922,15054,2,81926.56,2020-10-10,24,8.64,1245
2935,1738,30896,4,80788.22,2022-07-15,60,3.18,1178
2936,15245,22619,2,40856.27,2021-07-06,36,4.31,665
2937,16821,25213,3,3255.18,2022-09-23,48,5.68,12
2938,19957,25619,1,63758.89,2022-01-04,36,3.44,1157
2939,247,19463,1,74630.26,2021-09-20,48,7.3,304
2940,19902,20406,4,97530.75,2022-01-20,48,8.11,1317
2941,1143,39151,2,95571.58,2022-10-11,24,4.86,975
2942,7671,15418,1,53233.74,2021-01-23,24,4.01,1324
2943,14227,1163,3,19841.31,2021-07-09,24,8.34,1764
2944,2190,5086,4,80401.94,2021-12-04,36,9.25,783
2945,11081,9793,3,26222.01,2020-11-23,60,5.87,43
2946,6395,30346,4,98225.98,2023-07-09,12,6.76,944
2947,6685,13924,4,76243.0,2022-02-15,60,9.52,343
2948,6756,33098,3,53504.48,2022-08-25,24,5.08,1350
2949,3795,1630,1,45536.8,2021-03-19,48,3.5,1838
2950,568,30796,2,61158.41,2021-05-04,60,8.27,498
2951,15082,33018,3,9753.6,2021-09-28,12,9.25,364
2952,13627,3247,1,33047.94,2020-07-23,24,9.74,891
2953,8577,16752,3,67836.8,2021-06-19,60,7.06,427
2954,15114,29459,3,15217.58,2023-03-17,24,3.04,1005
2955,2692,26136,1,74433.33,2024-05-19,60,9.32,21
2956,6644,37134,2,58699.4,2023-03-14,36,3.26,407
2957,12724,5529,2,85518.57,2023-05-10,36,4.09,619
2958,19814,26563,2,99909.32,2023-05-31,48,3.2,1015
2959,3851,37220,4,41064.54,2022-09-10,60,4.78,336
2960,531,15752,2,96972.88,2024-04-10,48,6.13,1839
2961,3100,27438,4,28893.3,2021-05-20,12,8.55,1141
2962,17647,1848,1,93225.93,2023-02-18,60,6.66,1148
2963,18395,5887,4,23793.14,2023-07-16,48,9.95,399
2964,7264,16711,2,41888.91,2020-07-28,36,9.58,793
2965,9766,7976,4,72862.96,2024-02-13,24,4.07,1828
2966,4472,12933,1,38619.17,2020-08-18,24,9.64,715
2967,6299,28570,4,66065.89,2024-05-09,36,3.37,51
2968,101,9481,2,96587.3,2023-07-20,24,7.62,1807
2969,8482,15958,4,37600.73,2021-11-03,48,9.15,324
2970,8336,26986,1,44097.54,2024-06-08,60,4.38,789
2971,1750,3010,1,32338.58,2023-09-12,12,7.19,141
2972,17107,39231,4,85620.76,2021-06-29,24,7.26,470
2973,8328,14170,4,74096.3,2021-01-08,12,4.94,787
2974,3310,21753,1,32395.41,2022-02-15,24,7.98,1826
2975,597,12551,3,80191.79,2022-09-06,36,5.31,1358
2976,18622,36137,2,5979.72,2021-02-14,24,5.38,1917
2977,17294,15779,3,54036.18,2023-09-22,12,4.6,964
2978,12540,6706,3,2262.18,2021-07-29,12,4.55,1008
2979,17661,19569,1,75241.5,2023-05-27,48,4.78,373
2980,8309,33461,1,22469.24,2022-02-13,12,9.69,1588
2981,10023,12756,4,34755.39,2021-01-12,24,6.47,494
2982,3096,26850,3,14200.43,2024-04-08,60,4.93,1563
2983,12669,38339,3,14688.36,2021-03-16,24,3.41,1693
2984,8101,30297,2,63247.62,2022-04-02,60,5.96,751
2985,15947,4831,3,3991.1,2024-01-03,12,7.93,1180
2986,15886,2754,4,77978.38,2022-08-09,48,5.57,291
2987,11234,6932,4,76376.43,2021-07-16,48,7.13,1672
2988,15120,8713,1,55515.49,2021-10-13,36,4.04,1168
2989,1560,5422,4,49324.27,2022-05-05,12,7.07,106
2990,6887,20143,4,60168.08,2022-10-28,48,8.09,1444
2991,14230,21651,4,87074.22,2023-05-17,24,5.62,670
2992,18872,18449,3,37190.38,2022-03-15,12,5.87,1682
2993,781,172,2,9917.89,2020-07-26,36,8.29,2
2994,6951,19740,2,51996.35,2023-08-13,60,3.49,1969
2995,10343,7506,4,42438.85,2022-03-19,48,4.74,589
2996,185,11911,1,20514.73,2024-04-19,12,6.86,644
2997,4346,12720,3,54623.63,2023-01-17,12,5.98,90
2998,3417,10520,2,91397.02,2021-02-15,48,4.67,1369
2999,14604,20056,1,4747.59,2021-12-27,36,6.41,350
3000,9258,21735,3,63581.22,2021-04-14,12,8.95,1483
3001,11539,10851,3,50264.71,2022-12-20,12,4.94,1287
3002,10647,30731,1,28067.72,2023-08-23,60,4.01,1375
3003,19996,34622,3,13772.18,2021-10-06,48,7.85,1132
3004,5826,919,4,83767.68,2020-09-23,36,8.99,1610
3005,3134,36124,4,48749.39,2023-07-22,24,8.26,1063
3006,3604,39979,1,88223.07,2021-04-07,60,3.84,909
3007,19095,32485,3,14130.95,2023-10-26,24,5.68,159
3008,9342,5111,3,73955.7,2021-08-07,24,8.93,1607
3009,5856,2176,1,11911.08,2023-02-23,48,4.25,959
3010,10010,24314,4,16198.01,2021-09-20,12,8.79,312
3011,12276,26129,4,99819.84,2023-04-16,48,7.81,1265
3012,14156,37707,1,46814.02,2024-05-02,12,7.04,1962
3013,17818,10555,1,69146.65,2023-09-05,48,6.96,445
3014,2227,33247,4,47461.73,2022-04-21,60,3.96,298
3015,13997,20566,2,10035.02,2023-07-03,36,4.78,952
3016,2911,35195,1,3816.57,2023-09-07,12,3.66,36
3017,1102,15982,2,93925.92,2021-03-28,36,5.07,1108
3018,493,8738,2,33600.37,2023-06-21,48,7.85,1476
3019,12576,23279,2,7366.94,2023-11-10,60,9.55,1910
3020,7529,20077,1,35304.32,2021-09-10,48,6.03,1799
3021,17221,21968,4,27542.12,2022-09-13,48,5.4,1846
3022,3167,23175,1,69180.05,2024-04-21,24,4.58,1409
3023,5368,4951,1,1872.0,2021-10-13,12,4.38,1196
3024,10061,25129,1,58164.47,2024-06-23,48,5.23,1400
3025,8029,35926,2,46625.01,2022-05-24,24,8.05,1709
3026,2738,12389,1,8496.44,2021-12-16,12,3.14,1386
3027,19605,29209,4,37904.46,2021-09-17,60,5.34,559
3028,17234,32375,2,10117.98,2020-07-09,48,4.67,891
3029,6686,22007,1,17769.01,2021-11-26,60,4.37,141
3030,16046,34346,1,20106.43,2024-02-16,12,9.84,887
3031,1691,14988,1,55121.99,2023-12-26,36,3.15,1942
3032,15365,34257,1,35909.54,2022-10-01,60,9.71,1142
3033,14299,10600,3,90107.82,2023-02-28,12,3.05,1301
3034,13379,36698,1,22989.79,2021-10-23,24,3.48,726
3035,13398,20541,4,8516.77,2021-08-03,36,3.82,1244
3036,3751,28205,2,60637.21,2024-01-08,36,4.51,1929
3037,14596,28367,3,46250.48,2021-05-10,60,7.69,1050
3038,2851,1849,2,59072.91,2021-08-24,12,6.67,521
3039,16168,25159,2,28145.22,2020-07-14,24,9.24,1807
3040,15620,2858,1,47595.93,2021-02-03,24,6.33,10
3041,18106,1239,1,82890.3,2022-07-23,36,8.95,984
3042,9533,30342,4,1216.94,2022-08-31,12,8.66,378
3043,14487,39233,3,21956.98,2023-01-17,12,9.38,1657
3044,9046,29315,2,70908.11,2023-07-03,60,6.74,1661
3045,9913,32601,3,64683.21,2023-05-13,48,5.21,682
3046,6898,9187,3,81407.16,2021-01-14,24,5.86,584
3047,5003,2337,4,17884.65,2020-09-01,36,3.06,152
3048,13733,116,3,51226.79,2023-11-20,60,3.57,720
3049,18858,34891,4,59868.43,2024-05-08,36,4.05,1073
3050,17179,32007,2,32005.29,2023-02-06,48,4.42,1178
3051,19016,9457,2,84072.57,2020-12-15,36,5.41,859
3052,5293,39895,2,66711.72,2021-11-09,24,9.68,1317
3053,13453,38433,1,43384.62,2022-03-16,24,8.09,1604
3054,14494,1637,1,80782.77,2024-06-16,24,7.75,50
3055,15118,29964,1,13475.85,2021-01-07,36,3.13,664
3056,4467,1669,3,7467.52,2023-10-12,48,8.83,531
3057,14365,24518,2,43719.21,2022-10-24,36,4.04,1636
3058,4243,20112,1,33540.07,2022-12-31,36,4.09,1084
3059,5383,21832,1,48686.8,2023-07-17,48,6.53,1191
3060,11196,29751,2,32733.75,2021-12-30,12,4.41,1226
3061,3267,6986,3,98497.53,2020-07-19,48,4.02,857
3062,16033,19687,2,90472.44,2021-09-08,48,9.13,146
3063,17289,25667,2,80963.89,2022-04-05,36,5.25,915
3064,7768,10134,3,39652.91,2021-01-31,24,8.83,1700
3065,6086,17203,1,3579.49,2023-09-06,36,7.58,1994
3066,19634,37357,2,90695.45,2022-01-30,12,8.77,993
3067,14714,29625,1,18660.5,2023-01-15,12,9.45,1463
3068,7825,13190,2,36867.2,2024-03-21,36,4.16,242
3069,16805,8346,3,47543.24,2023-10-28,60,9.79,581
3070,3698,9395,1,40874.15,2023-03-23,12,3.21,687
3071,14806,39682,4,55045.51,2021-12-13,36,3.9,1585
3072,3217,2712,3,75827.21,2020-08-21,60,9.07,483
3073,6766,10782,1,58525.1,2023-10-07,48,6.49,1132
3074,16678,3779,1,24251.44,2024-06-14,60,9.58,1250
3075,4027,19462,2,3202.57,2023-09-25,36,3.08,673
3076,15221,8850,4,59686.07,2024-06-20,48,9.47,631
3077,2390,18671,2,27448.78,2022-04-16,60,3.5,661
3078,4533,3482,2,74731.91,2023-10-20,48,9.46,2001
3079,4953,28492,4,19022.94,2022-04-01,48,4.37,662
3080,14937,33195,3,36235.94,2021-06-12,24,5.72,1456
3081,8365,23886,4,37226.34,2024-04-25,48,7.01,805
3082,4514,17162,2,74012.08,2022-01-18,12,8.95,1679
3083,11421,34335,3,21968.86,2023-05-21,48,9.86,419
3084,12540,11885,3,17547.49,2022-09-03,60,4.24,988
3085,3258,17840,1,4556.09,2021-02-04,24,4.51,1479
3086,1546,23548,1,37903.91,2022-02-03,12,4.34,1184
3087,837,39523,4,33068.36,2021-06-20,24,4.16,1547
3088,7828,24790,2,99474.05,2023-03-29,48,4.16,650
3089,825,10101,3,74634.61,2022-09-17,36,4.32,969
3090,17518,31610,3,34988.13,2020-08-24,48,5.7,590
3091,12199,29370,2,41816.82,2023-01-02,60,8.08,1101
3092,6373,7817,2,30172.27,2020-10-12,24,4.25,509
3093,7434,19651,2,57828.82,2022-08-17,48,8.86,441
3094,5744,25767,2,23496.4,2023-12-22,24,6.68,1278
3095,14927,7806,4,6776.07,2023-12-05,24,3.41,921
3096,19945,24157,3,75983.05,2020-07-20,12,3.12,770
3097,12749,27938,1,10442.75,2024-01-18,60,9.95,1344
3098,15776,6055,3,96643.24,2021-10-29,36,6.3,1827
3099,8648,26939,4,6030.04,2022-04-04,24,6.2,263
3100,9819,16230,1,38964.58,2021-02-13,48,9.84,1621
3101,11538,18398,2,35122.66,2022-10-09,12,9.87,1682
3102,11316,35159,2,49314.44,2022-01-03,60,6.92,1859
3103,11393,28115,2,6969.91,2022-09-03,36,9.74,1578
3104,14995,30441,3,70591.68,2021-07-06,36,9.48,1398
3105,19842,22130,4,12434.97,2022-10-16,12,7.79,637
3106,2375,23529,2,97464.83,2022-03-28,36,5.0,1191
3107,11034,17521,1,21131.46,2021-10-15,48,8.34,1961
3108,16236,12361,2,58201.08,2023-01-03,48,6.37,1777
3109,3283,1564,2,5199.01,2023-09-27,12,3.67,459
3110,7523,1353,3,43214.9,2022-02-12,60,5.61,999
3111,15536,26940,2,18244.26,2022-02-17,60,7.72,1304
3112,12781,34877,2,81827.47,2023-03-28,48,5.79,700
3113,10759,26408,1,55359.99,2024-04-12,48,5.94,302
3114,8950,23777,4,56631.86,2023-07-21,12,8.55,1555
3115,13003,4644,4,31109.2,2023-05-25,12,6.49,1604
3116,18528,8934,1,46690.64,2021-04-09,60,6.46,1242
3117,15197,25732,1,23877.7,2024-04-25,60,5.43,1126
3118,16143,33627,3,69151.22,2021-03-29,12,3.72,554
3119,8570,24380,2,66159.2,2022-07-06,48,6.75,288
3120,7882,25692,3,72562.27,2024-03-13,48,8.66,1191
3121,17091,7006,1,92164.59,2023-11-19,36,7.68,621
3122,18889,118,4,15057.94,2021-07-01,48,7.86,1006
3123,510,18937,2,84328.22,2021-05-08,24,7.65,36
3124,10375,17812,3,89434.16,2022-12-14,24,8.69,744
3125,13082,1229,2,60261.01,2023-09-23,60,8.62,1765
3126,17884,2157,2,37395.63,2021-01-10,36,7.47,353
3127,1816,32808,2,41349.32,2022-02-08,36,6.5,1700
3128,18087,9897,1,89328.01,2020-09-19,36,5.34,1923
3129,11744,8844,1,54502.83,2024-04-04,12,6.64,73
3130,13530,14052,3,36625.71,2021-02-11,48,3.36,648
3131,7225,17742,2,87574.41,2021-08-21,36,8.38,1377
3132,12778,13611,3,26727.6,2022-08-10,12,4.86,1915
3133,16949,39673,3,80748.12,2021-02-03,24,6.23,1094
3134,1820,40000,1,56210.69,2020-08-25,48,3.88,425
3135,14541,5306,2,36551.16,2020-11-18,36,5.74,999
3136,9589,9608,3,3246.93,2022-12-20,36,4.44,708
3137,7887,9483,3,67478.02,2022-06-18,12,9.74,1805
3138,7394,28656,3,8165.67,2022-01-14,36,8.08,561
3139,5759,7321,4,50524.88,2023-04-23,12,9.12,828
3140,18317,28131,2,76221.3,2022-01-27,36,6.21,1666
3141,11655,24939,4,57891.48,2024-03-18,24,4.2,956
3142,17562,16347,4,47003.87,2023-09-19,60,7.11,517
3143,17512,13372,1,86767.73,2021-11-19,36,6.89,428
3144,9459,32178,2,2519.15,2022-08-01,48,8.04,1563
3145,3269,27674,4,34397.72,2022-09-05,12,8.4,160
3146,10667,31528,4,20787.57,2023-07-21,60,8.08,149
3147,13370,28822,4,47352.06,2022-05-24,36,4.63,776
3148,4816,37185,4,97952.31,2020-08-28,48,8.32,1254
3149,16731,9276,1,32163.32,2020-11-29,12,7.81,1736
3150,5474,22288,2,72057.38,2021-05-07,48,9.72,1586
3151,16528,38440,2,92475.17,2020-12-17,48,9.59,67
3152,2611,7647,4,89465.55,2022-08-24,12,5.78,1014
3153,6223,15618,2,39927.53,2022-01-11,48,4.73,1836
3154,15058,19522,3,10709.33,2023-04-15,60,8.62,381
3155,17873,15150,4,2909.56,2023-06-02,24,8.0,58
3156,14023,23465,2,58466.66,2023-01-14,24,9.64,1283
3157,358,8748,3,43220.59,2021-06-16,12,8.94,342
3158,18407,6766,2,6681.9,2021-06-13,48,4.73,1862
3159,3442,15626,2,78150.62,2022-08-19,24,8.81,1154
3160,13828,36202,1,74504.99,2023-07-18,12,3.27,727
3161,3828,3403,4,69092.11,2024-06-01,60,6.98,1196
3162,9314,39394,1,34085.7,2023-05-21,24,9.58,770
3163,14569,30281,4,38832.81,2020-07-09,12,3.84,614
3164,1615,34776,1,1922.68,2021-02-20,12,4.1,1233
3165,2892,8294,3,67408.66,2021-02-26,36,8.31,1827
3166,19431,29055,3,87133.47,2021-02-09,60,9.5,354
3167,13303,26051,2,61896.56,2024-05-20,36,6.35,1495
3168,17719,2965,1,86472.26,2023-07-22,36,5.3,1822
3169,6627,7218,2,7339.93,2021-07-11,48,7.72,116
3170,14363,8567,1,38972.28,2024-05-08,12,4.52,1288
3171,8083,10729,2,23149.52,2022-05-19,60,5.7,662
3172,1854,34614,3,69636.73,2024-02-03,48,9.24,1836
3173,4089,19531,1,71918.05,2023-10-10,24,9.93,1466
3174,10976,19993,2,9991.14,2020-11-15,36,8.24,1572
3175,9267,36369,2,90181.12,2022-11-22,24,9.7,453
3176,4763,35402,2,41885.94,2023-10-12,12,8.23,1869
3177,13204,24451,3,34899.9,2020-07-18,48,9.17,1501
3178,2020,5844,4,41262.37,2021-09-11,12,6.96,287
3179,4832,18870,2,66043.92,2022-08-28,48,8.95,1327
3180,7684,36856,2,56459.66,2021-12-17,24,3.0,1017
3181,19309,14787,4,92854.55,2022-02-17,12,9.47,311
3182,15592,35994,1,50983.96,2020-07-12,24,3.68,208
3183,14601,5087,2,22116.53,2022-07-10,48,7.17,618
3184,10014,24830,2,38735.89,2021-06-05,24,8.39,446
3185,15189,7441,2,65504.61,2021-12-14,36,4.53,670
3186,13796,5759,4,26753.07,2021-12-07,24,5.05,633
3187,6807,28671,4,76582.65,2021-11-09,48,4.84,55
3188,12615,10417,1,66817.64,2022-04-03,36,5.84,912
3189,1403,17272,2,19712.49,2021-04-27,12,3.51,1036
3190,3537,30570,3,13572.98,2021-11-07,12,7.55,657
3191,9293,17188,4,23694.76,2022-10-19,36,6.24,1424
3192,3568,28419,3,59599.41,2024-02-18,60,3.75,1932
3193,476,20547,4,57195.04,2022-07-03,12,6.14,1672
3194,1773,27126,4,52509.42,2022-12-28,60,4.61,980
3195,8578,30509,4,33198.57,2024-05-29,24,5.45,515
3196,7701,3571,1,60695.15,2021-05-01,60,8.62,1680
3197,5646,32098,4,45851.38,2021-08-21,36,8.89,1566
3198,6002,23186,2,77984.46,2021-08-15,24,3.88,237
3199,10767,26306,4,92668.41,2024-06-23,36,3.35,1303
3200,16284,21498,2,59616.56,2023-11-27,48,6.48,348
3201,2420,27760,3,68739.93,2021-12-31,48,5.81,627
3202,15788,14523,1,99421.8,2022-03-17,24,7.04,1128
3203,19880,10271,4,29676.4,2024-06-19,12,4.4,630
3204,19764,36443,3,86683.09,2023-08-15,24,5.52,1541
3205,7108,12106,3,57268.21,2022-06-15,24,4.62,1896
3206,10682,28317,1,32257.56,2020-12-05,24,4.92,1272
3207,2060,34479,4,42523.73,2021-02-19,36,7.66,364
3208,10467,3572,2,41352.44,2024-06-26,12,5.58,321
3209,8469,31868,1,57439.54,2023-09-24,48,5.79,1657
3210,13039,9151,1,34429.77,2021-01-22,48,6.19,286
3211,14261,28560,4,49656.44,2021-12-09,24,8.77,149
3212,3756,6435,4,3805.2,2021-09-09,12,7.97,1108
3213,10927,19746,3,54864.05,2024-05-23,36,5.12,1990
3214,1604,8742,3,20898.93,2022-06-11,48,6.68,406
3215,12373,7035,1,2838.28,2021-10-07,60,8.93,978
3216,19860,20881,2,91833.19,2022-10-18,48,7.08,456
3217,5250,12651,2,63964.76,2020-10-13,48,3.85,1767
3218,11734,11617,3,54294.95,2021-06-07,60,9.22,800
3219,11317,20314,3,26570.5,2023-07-14,12,9.13,1185
3220,1254,38270,1,62287.52,2021-06-02,36,3.69,1013
3221,13916,29848,3,53915.6,2020-08-23,60,8.65,784
3222,8779,24815,1,93129.67,2023-11-25,36,3.72,460
3223,19257,25445,2,21610.36,2021-06-24,48,4.86,1574
3224,3226,36798,1,5511.37,2022-02-15,12,4.44,1524
3225,4564,22895,3,59647.62,2024-04-29,12,9.85,738
3226,15806,20284,2,40418.89,2023-05-30,24,5.45,509
3227,13325,28374,3,36694.69,2021-09-09,36,5.42,1678
3228,19774,34401,3,23054.58,2021-07-27,24,6.78,1828
3229,18867,16883,3,58600.25,2023-01-14,60,3.64,481
3230,15924,17633,3,29674.4,2020-09-30,24,4.01,1687
3231,5138,8019,3,88681.75,2021-02-11,36,4.34,114
3232,7991,17143,4,2232.33,2022-11-22,36,7.24,749
3233,4222,18790,1,60781.34,2023-10-08,12,8.1,1602
3234,9186,16785,1,87305.39,2021-04-22,24,3.78,361
3235,4199,8548,3,87559.99,2022-04-22,60,8.84,341
3236,15305,32365,2,66858.3,2023-03-15,60,9.83,770
3237,7393,36678,2,79710.89,2022-08-20,12,3.14,761
3238,3663,11722,4,19849.75,2022-07-31,60,6.81,969
3239,16352,3194,2,15663.15,2020-11-16,12,8.85,449
3240,13640,31586,4,38637.06,2023-03-12,48,8.08,1867
3241,5166,8550,3,63204.66,2021-10-03,12,4.63,835
3242,8544,32716,1,63025.43,2020-08-02,60,3.11,1204
3243,9732,39181,1,36120.1,2020-12-03,12,5.51,1726
3244,9165,29958,3,38585.44,2022-03-15,24,7.04,1431
3245,12612,16331,3,28736.12,2022-09-12,12,3.66,1690
3246,6375,28017,2,6058.38,2023-10-19,36,5.31,1220
3247,18885,39192,1,13929.49,2022-11-15,48,9.43,1490
3248,12945,22864,4,58652.8,2020-10-14,24,7.17,311
3249,13787,23843,1,77993.1,2021-03-07,60,3.36,262
3250,6139,26543,4,57849.98,2024-04-20,24,8.37,1443
3251,8542,17740,4,88691.67,2022-05-11,12,4.2,406
3252,18164,27606,1,41880.94,2020-12-12,24,9.14,1963
3253,402,29324,4,36646.4,2021-10-24,48,5.27,143
3254,4360,20875,1,6149.84,2021-10-05,36,4.68,342
3255,7158,1028,4,78207.94,2020-08-25,24,4.33,1340
3256,4562,24459,2,91999.59,2024-03-20,24,4.78,1125
3257,11836,22140,3,78481.4,2020-10-03,12,6.06,244
3258,3473,33979,4,32271.29,2023-06-05,36,5.7,490
3259,1751,22458,3,20241.76,2023-02-24,48,5.12,12
3260,2575,19555,1,94111.06,2022-09-11,36,4.65,1263
3261,13947,23676,3,16558.58,2020-11-23,24,6.24,561
3262,17892,8061,1,22616.41,2023-02-01,36,4.32,42
3263,4324,9516,2,39503.25,2024-03-01,60,6.85,678
3264,9498,29695,4,6331.68,2022-02-03,36,5.47,594
3265,18871,17397,2,66789.44,2023-04-13,48,8.78,1453
3266,16072,11447,2,17598.89,2021-05-13,60,6.43,1827
3267,6544,11304,4,50168.86,2024-05-18,24,4.6,1182
3268,1998,19076,2,2568.88,2021-12-05,36,3.16,1240
3269,8909,15494,2,43051.75,2021-07-10,60,8.78,1694
3270,10410,13887,3,79671.75,2023-09-30,60,4.26,1486
3271,394,13097,1,26411.84,2020-08-17,12,3.36,134
3272,18573,32953,2,18109.6,2022-05-31,24,8.17,1091
3273,10561,26900,4,60453.75,2023-12-21,36,9.81,1872
3274,12171,25625,3,72277.63,2021-04-25,36,3.27,1031
3275,8591,26201,4,85262.66,2020-09-01,60,5.52,948
3276,6619,13311,1,71703.68,2024-03-19,36,5.21,1550
3277,11972,5944,3,41405.63,2020-09-24,60,8.99,73
3278,2005,39950,3,44505.69,2024-04-03,60,7.71,399
3279,1502,25138,4,8715.88,2022-11-06,48,7.55,1429
3280,1812,22959,4,79275.83,2021-09-27,60,3.37,1699
3281,3924,25186,2,16905.99,2021-05-28,24,5.95,578
3282,15804,9726,4,58784.18,2020-09-13,60,5.94,859
3283,3035,8861,2,51874.95,2023-07-09,12,7.11,130
3284,3143,10566,1,1446.39,2021-06-07,48,7.83,931
3285,7494,17338,1,37089.03,2024-06-06,36,3.01,1490
3286,6946,32695,1,40072.54,2022-04-06,36,7.87,1230
3287,12688,27179,4,20500.1,2024-02-24,36,5.15,1812
3288,4796,33836,2,55439.95,2021-08-31,12,6.78,2002
3289,5753,4033,4,74021.57,2022-05-07,60,8.73,1792
3290,3953,26496,3,32143.55,2020-08-11,36,5.65,266
3291,276,20595,3,4838.33,2022-09-02,12,8.57,1561
3292,4329,4478,4,45732.44,2022-09-12,36,9.56,1986
3293,1521,6156,2,60646.81,2024-06-11,12,3.11,793
3294,4806,2408,1,7330.51,2020-08-06,48,9.63,253
3295,7594,30631,2,17516.34,2023-03-19,24,6.85,822
3296,1504,2840,2,39594.03,2022-10-17,12,3.9,1313
3297,17930,36680,1,27575.69,2021-07-05,12,9.35,164
3298,16554,28292,2,69885.37,2021-09-30,12,5.87,95
3299,649,38903,1,24474.03,2022-03-12,48,4.82,1806
3300,19690,15544,4,18740.29,2023-01-13,36,3.36,833
3301,10407,7928,3,83558.72,2022-04-20,12,9.1,1134
3302,3106,653,4,19365.74,2022-08-18,24,4.91,336
3303,14029,9640,4,8327.58,2021-08-12,60,6.97,822
3304,5550,10928,3,7544.52,2023-03-29,24,7.6,238
3305,1406,4967,2,84821.93,2022-02-25,48,8.41,381
3306,2558,39824,4,49258.56,2022-10-17,12,8.12,1460
3307,19669,5830,4,65415.7,2022-07-15,36,4.42,899
3308,725,31976,3,6863.96,2022-12-23,60,6.32,483
3309,17675,9176,4,69779.78,2022-06-16,36,8.1,1961
3310,19885,34454,1,11964.93,2022-10-12,12,5.42,902
3311,9166,38097,3,60130.61,2021-01-08,12,7.62,1049
3312,12971,1931,4,66176.4,2021-09-14,36,5.16,1677
3313,18034,12190,4,33022.22,2024-06-02,12,9.24,1141
3314,29,10961,1,14632.38,2023-04-03,36,5.22,482
3315,18008,9739,3,99005.57,2022-08-24,48,3.96,1416
3316,6868,17727,4,5398.23,2023-12-27,12,4.57,917
3317,7615,37479,4,28840.43,2022-01-19,60,9.81,994
3318,7037,21309,1,63964.3,2022-05-02,60,9.44,964
3319,461,1330,4,21100.44,2023-05-04,36,7.32,537
3320,4481,11202,2,58413.11,2022-04-21,24,6.94,1103
3321,12326,7782,2,13772.75,2021-09-01,36,5.35,1604
3322,8530,3286,1,76119.14,2020-08-04,24,6.28,1197
3323,7485,30199,1,26892.64,2023-03-28,36,3.33,1980
3324,12014,184,2,11209.22,2022-09-18,60,9.96,1036
3325,11574,16684,3,59063.15,2023-05-06,48,4.28,1824
3326,9619,24933,4,60620.6,2021-01-12,12,3.75,128
3327,2687,26529,2,74839.08,2021-01-25,48,3.56,1632
3328,4268,24395,4,58541.19,2023-08-21,48,5.15,92
3329,3496,3445,3,95631.16,2023-03-12,12,9.12,1677
3330,14996,39185,1,32209.91,2022-07-11,60,9.34,543
3331,6614,35220,2,41745.76,2022-12-23,48,6.05,846
3332,18974,30620,2,86784.93,2021-06-23,24,6.6,1556
3333,4094,15161,2,66286.23,2023-08-23,60,5.88,1682
3334,6638,19530,4,77632.98,2024-01-18,60,6.92,989
3335,14815,13293,3,89885.16,2021-02-14,12,8.9,1852
3336,14206,37466,2,16577.41,2021-05-03,48,5.63,447
3337,10809,33485,4,44798.22,2023-01-21,12,8.25,390
3338,4852,1360,2,71914.54,2023-01-13,60,6.95,672
3339,15812,13960,1,77344.06,2022-01-30,60,8.42,1885
3340,8494,10957,3,27428.54,2024-03-17,24,5.07,43
3341,10765,27170,3,53530.06,2023-01-27,12,5.04,254
3342,8481,38693,1,72691.67,2024-02-25,48,7.07,1154
3343,345,9628,4,12518.8,2022-07-15,36,9.19,1084
3344,17564,11793,4,21669.89,2022-03-28,60,9.9,663
3345,19213,14919,1,8022.68,2020-11-19,60,6.04,467
3346,8936,26037,2,68849.0,2023-02-12,12,5.54,287
3347,11171,32069,1,9084.67,2021-09-18,36,3.42,1011
3348,441,3602,1,68460.7,2022-03-18,36,8.94,1541
3349,9186,1127,2,40059.4,2024-05-05,48,7.32,1491
3350,19699,36662,1,27572.37,2020-07-18,60,9.04,1954
3351,14726,23661,1,84799.17,2022-09-29,12,3.17,778
3352,13750,14736,1,28887.68,2021-09-06,36,5.01,345
3353,12600,16441,4,81707.23,2023-02-05,48,9.75,642
3354,19828,38826,1,34442.63,2022-10-06,36,9.65,382
3355,10225,12614,3,99294.96,2022-10-05,36,7.02,1803
3356,16607,2117,2,1418.23,2021-05-31,36,5.55,690
3357,4494,15753,1,23842.26,2021-04-11,36,9.62,1277
3358,19602,3442,4,27172.3,2023-12-18,12,8.79,1951
3359,9133,6120,3,42033.21,2023-08-09,48,8.29,1080
3360,5516,18864,3,66409.78,2022-04-11,36,9.14,1487
3361,15509,12382,2,50090.97,2022-08-18,36,4.51,457
3362,6691,11029,2,90000.23,2022-04-11,24,6.46,983
3363,10156,13516,1,81565.33,2022-06-18,12,6.6,83
3364,446,5728,2,25734.13,2023-10-22,60,4.11,1929
3365,15058,3999,4,86793.87,2020-10-28,60,9.68,1123
3366,1753,21261,1,20854.79,2021-03-07,36,9.67,149
3367,2192,3095,4,39054.85,2024-06-02,36,7.4,1353
3368,17219,158,4,23753.44,2021-03-14,36,5.73,1180
3369,2162,4797,4,46883.91,2021-07-06,60,8.56,190
3370,4958,26103,2,11805.01,2022-10-14,24,8.9,1518
3371,16516,11415,3,69297.74,2022-09-29,12,4.32,883
3372,13275,17767,1,2492.26,2021-01-15,36,6.04,263
3373,17685,27659,4,61620.5,2022-09-21,12,3.9,1104
3374,11387,34887,1,62059.44,2020-08-25,24,4.29,400
3375,15362,8279,2,4658.97,2021-09-10,60,6.58,764
3376,19051,12859,2,86949.02,2020-09-18,60,6.22,609
3377,13292,25066,1,52195.45,2022-01-29,24,5.87,1284
3378,10607,1055,4,7345.32,2021-06-28,24,5.24,1796
3379,3404,28467,2,84980.36,2023-02-28,48,8.68,1639
3380,5531,25501,1,44774.45,2022-04-27,60,6.58,1576
3381,16081,11852,2,5062.54,2023-07-08,12,4.05,785
3382,18874,2188,2,68781.06,2021-04-05,24,5.71,101
3383,19702,39956,4,44313.44,2020-07-04,12,8.12,1383
3384,6771,23549,4,82199.7,2020-12-27,60,8.62,1404
3385,5383,31841,3,49474.87,2024-04-25,36,7.71,820
3386,17777,107,4,68608.83,2022-07-04,60,4.72,1245
3387,15516,21293,3,9124.59,2020-12-02,60,7.97,820
3388,18434,10219,3,72947.39,2021-11-26,48,5.98,420
3389,12741,33880,4,83874.8,2021-09-28,60,6.28,124
3390,18980,21277,2,90206.15,2022-12-17,60,7.08,422
3391,11785,21937,3,10796.18,2020-12-30,24,5.56,1255
3392,19589,17249,3,66666.75,2020-11-10,12,3.9,1714
3393,17543,27590,2,20056.11,2021-09-02,12,7.91,1087
3394,12858,28560,1,46187.86,2023-03-31,12,6.52,1509
3395,7447,8367,4,88990.04,2021-07-13,60,5.78,1652
3396,16861,23614,2,32459.49,2022-03-20,60,7.74,1727
3397,18586,36629,4,69592.01,2020-12-18,12,3.59,1598
3398,8109,32509,1,89298.81,2021-01-26,60,6.32,768
3399,14834,1070,3,17716.65,2022-11-23,24,3.25,483
3400,16401,30066,2,54049.86,2022-09-08,60,3.96,519
3401,4322,1273,2,33324.84,2021-10-29,36,8.88,155
3402,8257,6331,4,8702.47,2020-07-14,60,3.96,92
3403,8059,21993,3,56416.12,2024-01-19,36,9.58,982
3404,11765,1648,4,75868.85,2021-04-27,60,9.85,1550
3405,1942,2791,3,20461.23,2022-08-29,60,6.81,455
3406,13686,20161,3,87136.48,2020-12-27,60,4.52,1765
3407,6160,21624,3,38168.38,2023-09-17,36,8.29,598
3408,10752,18121,1,79367.45,2023-06-13,60,7.52,1669
3409,12020,26880,3,60647.08,2021-11-11,60,5.78,510
3410,8119,39532,1,7218.44,2022-12-11,60,8.03,1207
3411,464,23210,4,54031.94,2021-01-15,48,5.69,386
3412,7041,28562,3,7422.46,2023-03-12,24,3.45,1598
3413,5767,13819,4,55179.22,2021-03-17,60,9.01,1755
3414,13907,31537,1,82861.98,2021-01-02,24,6.53,405
3415,12438,22194,3,72185.88,2023-08-14,12,8.98,246
3416,6453,28843,2,48502.6,2022-08-16,24,7.11,742
3417,3511,37872,1,42009.9,2021-09-22,48,9.08,1615
3418,148,3676,3,14856.82,2023-08-18,48,9.61,661
3419,18991,7197,1,28292.64,2022-06-17,36,6.62,650
3420,5657,25254,2,73644.62,2023-07-31,24,9.55,1495
3421,14355,34482,1,46461.65,2022-07-17,48,3.66,1850
3422,17565,7122,4,74214.38,2022-01-02,36,8.67,1912
3423,15329,25840,3,92941.49,2024-04-26,24,6.8,1447
3424,1181,18664,3,16822.43,2021-03-05,12,8.03,901
3425,7760,14209,1,3757.72,2021-08-14,36,9.83,65
3426,7113,33930,2,54071.35,2022-07-14,60,9.74,1037
3427,8741,9000,3,52915.78,2021-02-15,60,5.26,213
3428,13832,36961,4,79932.47,2022-03-09,24,6.88,242
3429,10627,32045,3,62058.22,2022-05-31,12,6.1,493
3430,16288,18986,3,16942.68,2021-01-16,48,5.92,1237
3431,18607,11071,1,62092.16,2023-07-20,48,5.37,1717
3432,15815,19923,4,53546.78,2022-05-13,12,4.63,338
3433,15368,13995,3,29403.5,2021-05-09,24,5.44,173
3434,18549,16726,4,99877.48,2023-08-02,36,7.69,672
3435,13259,27035,3,85630.77,2024-03-16,12,7.62,164
3436,12845,27130,1,96803.97,2023-10-24,12,9.8,465
3437,4389,9609,2,91438.1,2023-10-25,48,4.91,995
3438,16924,7503,3,26121.46,2023-06-28,60,7.17,497
3439,14402,18724,3,89081.32,2022-02-27,48,6.75,700
3440,9548,9662,1,16599.02,2022-03-31,12,9.86,395
3441,11258,5071,1,57651.56,2022-03-10,48,8.12,703
3442,10117,39563,2,61905.62,2020-09-16,24,3.92,1941
3443,3365,28262,2,46814.62,2021-04-28,24,9.38,308
3444,6216,12398,2,43257.76,2022-11-21,24,8.05,1792
3445,8221,769,1,73712.35,2020-07-31,12,3.81,183
3446,5528,38290,1,29309.37,2024-05-14,36,6.88,629
3447,136,23207,1,96230.53,2023-03-19,24,8.13,1818
3448,14318,28598,1,9719.82,2021-01-25,24,5.05,510
3449,2553,20417,1,51593.87,2021-02-12,48,9.81,1732
3450,13902,8328,2,39373.54,2022-07-25,60,5.58,546
3451,6041,5310,4,34054.1,2023-11-20,36,7.15,1588
3452,1414,11972,2,10985.62,2021-11-14,36,6.22,624
3453,18859,4878,1,84996.44,2024-01-20,12,3.27,1788
3454,8949,30808,1,3921.37,2021-06-19,12,6.25,594
3455,12709,12856,1,42771.59,2022-01-21,36,9.78,744
3456,8369,37530,3,79966.79,2023-03-21,12,7.98,1251
3457,6237,23442,3,67341.57,2020-10-16,24,6.79,1769
3458,16055,33611,3,32143.93,2022-12-09,12,5.04,1757
3459,3853,30898,4,58235.53,2024-03-22,48,5.91,1460
3460,9964,32021,4,58373.02,2021-05-20,60,5.11,1949
3461,7582,38051,4,26364.39,2021-01-28,60,7.84,1446
3462,12633,16516,1,93338.25,2022-12-28,48,6.9,554
3463,16357,23990,1,37580.0,2021-12-22,24,6.5,21
3464,7858,2448,4,56879.79,2022-10-21,36,4.47,554
3465,6133,17280,4,41518.94,2021-05-19,60,3.1,397
3466,6313,4882,2,21607.73,2023-09-07,60,5.18,625
3467,16697,20266,2,4379.22,2020-11-09,60,3.42,105
3468,15824,1490,2,36111.13,2023-04-09,48,3.84,192
3469,1098,19567,3,83279.01,2021-07-19,24,4.05,17
3470,11758,28501,1,6793.34,2021-03-26,24,6.58,1144
3471,1455,37555,2,1240.93,2024-02-10,12,9.83,393
3472,14200,4265,2,65949.07,2022-12-27,60,8.42,425
3473,8043,15631,1,98129.02,2022-08-04,24,8.37,129
3474,5696,17365,2,19608.84,2020-12-05,24,6.32,1154
3475,18115,11196,2,42780.44,2024-06-29,60,3.63,572
3476,18705,34623,2,14178.82,2022-06-05,60,6.6,1584
3477,18859,1368,1,56506.35,2024-05-26,12,3.88,29
3478,19691,5260,3,98421.44,2021-12-07,48,4.09,1121
3479,13057,18575,2,68657.43,2022-06-05,12,9.01,1034
3480,1262,34503,2,96651.36,2021-10-24,36,3.14,242
3481,12533,22649,4,66414.02,2023-11-01,60,7.51,1850
3482,12150,1686,2,59683.15,2024-04-15,24,6.55,1980
3483,2061,22227,1,48373.01,2024-01-24,48,6.54,232
3484,14038,18412,3,75277.24,2024-03-27,60,9.36,789
3485,8879,17597,2,5675.2,2021-03-19,24,7.08,1308
3486,15155,10133,3,38455.07,2021-04-13,12,4.4,715
3487,11066,1817,3,55365.94,2020-08-08,48,7.4,759
3488,9176,12998,4,60589.81,2022-12-29,12,8.8,802
3489,5286,6411,2,82818.69,2021-09-20,60,4.62,776
3490,10305,32050,4,12218.06,2020-12-15,48,7.16,1979
3491,3744,4842,3,30435.91,2021-11-15,48,8.07,726
3492,9271,19620,2,91111.19,2023-10-27,60,9.85,200
3493,2478,6297,2,34435.02,2023-03-31,36,7.51,945
3494,4313,26725,1,17946.01,2023-05-05,24,9.43,79
3495,11775,35397,2,31743.23,2020-12-14,36,9.42,1937
3496,9622,35503,1,99614.17,2021-09-29,24,3.42,956
3497,18426,19125,3,95895.6,2022-08-01,36,4.75,1879
3498,10017,28123,4,4460.69,2023-09-08,12,9.64,856
3499,18828,21534,4,66828.07,2022-01-18,12,9.57,1197
3500,406,13631,3,95430.66,2021-08-03,48,4.11,467
3501,10092,29579,4,59468.24,2023-06-04,12,3.27,581
3502,18580,36652,2,33721.56,2024-05-30,12,3.93,1440
3503,11181,33948,3,2235.68,2023-04-27,12,6.09,940
3504,3444,23032,4,51597.28,2022-06-11,12,6.71,449
3505,8633,13723,3,52125.23,2022-05-05,60,5.71,87
3506,15124,12429,1,73723.65,2021-06-02,24,6.25,101
3507,1703,8890,3,27607.36,2023-08-18,36,3.28,1032
3508,3807,9782,3,89847.12,2021-06-18,60,7.56,845
3509,4835,4414,3,56474.88,2023-08-30,60,4.14,1224
3510,18269,6239,3,13903.46,2021-11-17,36,6.25,1529
3511,10552,28991,3,95710.84,2022-12-27,60,8.27,87
3512,12837,27142,1,53961.31,2024-04-08,24,5.05,43
3513,17837,14950,1,58327.57,2023-02-10,48,7.41,1409
3514,11199,28749,1,38588.45,2024-03-07,60,9.87,1645
3515,13602,8599,2,23490.4,2021-06-16,36,7.79,1459
3516,11414,26188,1,95757.34,2020-11-08,60,6.35,408
3517,1168,8640,1,89426.05,2021-07-12,60,8.76,1507
3518,9139,12585,4,35944.09,2024-03-13,48,6.18,664
3519,12549,32790,1,66195.02,2024-06-20,12,3.89,1041
3520,145,32008,2,59276.53,2024-02-09,36,8.16,1669
3521,703,8005,4,8011.9,2023-02-03,60,7.62,148
3522,5553,1697,4,64838.37,2021-11-11,48,6.3,277
3523,2364,37651,2,60981.78,2023-03-16,36,7.08,232
3524,1981,28401,4,28849.11,2021-08-28,24,6.44,1850
3525,3050,29287,1,91630.38,2024-01-29,24,9.64,1951
3526,16373,3759,2,55270.12,2023-09-11,36,8.63,366
3527,5447,11920,1,4748.31,2022-01-02,36,9.47,1252
3528,1677,5332,2,59202.97,2023-01-31,60,9.26,1675
3529,18138,19195,4,4369.63,2022-06-29,60,6.46,436
3530,12742,29341,1,64131.87,2021-06-02,36,4.33,399
3531,15775,11620,2,60609.61,2022-06-02,12,5.74,1235
3532,7933,29052,2,61066.12,2023-04-09,24,4.24,1415
3533,8963,6565,2,3255.58,2023-10-23,36,4.19,499
3534,12071,790,3,13054.37,2023-08-27,12,4.02,540
3535,14426,25679,1,89780.32,2022-04-22,48,6.49,563
3536,4972,1713,1,49805.48,2021-07-10,60,3.39,1515
3537,6718,8109,4,20247.23,2023-07-02,24,5.85,442
3538,18064,24403,4,92820.71,2023-09-15,60,5.85,1285
3539,11659,7101,1,45782.33,2021-07-20,48,4.81,773
3540,1160,6357,4,39685.57,2020-12-16,36,8.67,350
3541,4270,10421,4,65996.03,2023-12-16,12,5.84,1376
3542,18469,17713,2,96241.17,2024-02-28,48,5.43,520
3543,7017,27362,2,21146.34,2023-05-11,12,6.09,1344
3544,5392,23141,3,13558.47,2023-05-08,36,8.53,138
3545,2774,18231,4,36084.6,2022-03-04,36,3.2,1574
3546,16720,3008,3,22773.14,2022-08-13,60,9.56,1647
3547,10934,19649,2,50038.33,2021-03-11,48,7.84,992
3548,11655,37730,1,5521.23,2024-03-05,24,9.64,368
3549,1614,25678,4,16614.63,2024-01-13,24,7.36,1244
3550,13960,12746,4,57451.96,2024-02-22,48,8.47,1361
3551,9309,27933,3,11679.01,2022-02-28,24,4.92,1247
3552,15296,24583,4,39238.0,2022-09-15,36,6.23,1672
3553,19411,22951,3,88513.37,2024-03-02,36,9.97,1792
3554,17017,20970,2,22383.0,2021-03-05,24,4.01,360
3555,12960,8996,2,67840.32,2021-04-13,48,5.19,921
3556,15893,13660,2,33980.32,2021-04-20,24,5.3,329
3557,2037,29567,4,63254.23,2023-05-06,48,4.25,962
3558,7818,32679,2,37182.48,2023-10-22,36,9.5,463
3559,18899,16218,1,86479.11,2021-11-28,60,4.03,946
3560,1139,12343,4,60746.18,2020-07-22,12,5.52,963
3561,19133,35957,3,22153.29,2022-12-21,48,3.96,1585
3562,10843,26680,1,63476.36,2024-05-07,12,7.1,1828
3563,7867,2467,4,97752.58,2022-08-23,60,3.68,1406
3564,3238,22906,1,87398.76,2021-08-18,36,8.93,836
3565,8492,18507,2,2786.94,2022-07-24,60,6.03,1614
3566,9762,17801,4,38704.91,2023-10-14,24,9.82,1641
3567,4590,16077,4,91032.65,2022-09-05,24,7.18,169
3568,9346,13446,4,94191.72,2023-08-03,36,8.75,217
3569,15219,36260,1,88407.9,2023-06-06,60,8.84,378
3570,726,37278,4,76108.94,2024-03-03,48,3.16,119
3571,19492,39145,4,18261.07,2022-10-11,24,4.6,190
3572,1126,13862,3,31282.72,2021-07-06,12,7.48,767
3573,2280,19374,2,7389.4,2022-06-09,12,5.86,370
3574,15413,23133,3,61028.6,2021-01-05,60,4.06,1802
3575,16155,16426,4,21079.44,2022-09-07,48,5.15,149
3576,4049,17421,1,32159.43,2022-07-29,48,5.91,1700
3577,12366,25643,2,42554.39,2024-06-08,12,5.28,652
3578,6907,26817,4,88811.74,2024-04-27,12,4.87,1883
3579,10306,11347,1,86547.97,2023-04-10,48,4.43,1512
3580,7068,552,4,87010.53,2023-07-27,24,7.05,770
3581,16978,31957,3,28762.5,2024-04-11,60,4.04,374
3582,9269,30090,4,94308.69,2024-05-23,36,6.1,781
3583,19457,7878,1,71165.17,2022-07-17,12,4.92,1717
3584,15586,19827,4,6149.7,2021-12-26,60,4.7,160
3585,6287,22236,4,69199.23,2021-06-28,60,4.21,351
3586,18119,20045,1,61443.29,2020-09-05,12,3.07,1936
3587,2951,25373,3,64921.31,2020-12-16,36,9.73,1312
3588,37,237,1,16058.69,2023-09-04,48,5.88,1312
3589,10555,1700,2,62911.74,2020-12-07,12,8.79,892
3590,36,16148,3,62522.03,2021-05-16,48,4.23,1250
3591,2165,37962,4,65870.91,2021-09-06,60,5.41,523
3592,15717,26693,4,8457.6,2022-05-11,36,5.35,522
3593,3028,11181,3,88406.23,2023-01-17,12,3.62,783
3594,19978,5775,2,88515.22,2021-01-06,36,3.49,273
3595,4611,13786,3,86066.33,2023-06-18,24,4.76,936
3596,11921,31530,1,70205.45,2021-08-28,12,6.34,1426
3597,4431,36249,4,33940.78,2020-08-10,12,5.15,183
3598,2725,7236,1,90983.84,2020-08-01,12,6.51,1993
3599,4690,10461,3,63726.59,2022-10-01,60,9.5,1689
3600,3000,30829,2,1579.77,2020-10-31,12,3.94,488
3601,11780,30848,4,54472.11,2023-12-27,36,5.33,1851
3602,17340,26216,4,50676.52,2023-09-12,60,9.34,846
3603,276,37178,1,96713.65,2024-03-29,60,8.79,124
3604,19026,26798,2,18827.93,2024-06-02,24,8.1,985
3605,12901,32026,2,87063.47,2021-08-18,48,8.82,1650
3606,798,32934,3,6246.34,2022-04-13,12,9.67,790
3607,13823,12827,3,20445.08,2023-04-20,36,6.48,414
3608,14041,19613,3,97738.8,2022-08-07,48,9.65,1749
3609,5144,12297,3,24414.79,2021-12-18,60,5.11,1196
3610,13961,27222,4,37283.83,2022-11-17,60,3.11,1312
3611,12798,4362,4,14631.3,2021-08-04,12,8.51,1459
3612,3827,5032,4,37072.25,2021-12-01,24,7.8,686
3613,4203,34755,1,21069.79,2023-10-02,60,6.89,113
3614,2332,13411,2,26883.36,2023-07-29,24,4.04,888
3615,1801,13728,4,49003.77,2021-01-25,36,8.47,1941
3616,12760,38533,1,69323.42,2022-05-23,36,5.85,122
3617,9703,8851,3,94886.65,2022-03-24,60,3.22,1568
3618,2412,676,4,50270.64,2021-10-18,24,9.08,1246
3619,4007,1595,1,13428.16,2022-10-03,24,8.1,1655
3620,2768,35850,3,77827.16,2022-04-06,48,8.2,39
3621,15644,4156,1,3081.77,2024-04-17,24,3.9,497
3622,2867,39697,3,20202.94,2023-12-09,12,3.56,780
3623,3594,38106,4,59321.0,2021-11-09,12,6.35,1257
3624,5601,37001,2,72955.11,2024-04-05,48,4.9,943
3625,10729,20444,4,2719.32,2020-12-06,36,4.82,1554
3626,17649,15100,4,30971.04,2022-02-20,36,6.93,149
3627,3628,25377,4,48151.22,2024-02-22,36,3.83,1421
3628,13948,31632,4,20746.37,2021-03-27,24,8.37,1022
3629,16470,16549,2,68435.93,2021-02-14,24,9.67,661
3630,4154,32517,2,50696.39,2024-07-01,24,5.26,1662
3631,2528,19513,2,94156.48,2022-06-06,12,5.76,1928
3632,14369,26943,1,40621.33,2020-10-17,60,4.85,302
3633,13572,14319,4,55196.07,2023-06-14,12,4.25,1384
3634,6576,28139,1,19922.48,2024-01-19,48,4.33,238
3635,12047,18679,1,2313.8,2024-01-25,24,4.11,647
3636,784,30066,4,94855.73,2023-07-29,48,8.97,663
3637,17222,20690,2,59356.64,2024-05-12,48,4.64,236
3638,6946,9335,2,68098.97,2022-02-06,24,8.32,1760
3639,17642,15397,4,29098.14,2023-09-09,24,9.23,203
3640,17164,835,3,28015.09,2022-01-20,12,6.78,256
3641,10314,10515,2,39243.57,2022-09-30,48,8.87,598
3642,11292,35929,3,75462.24,2021-07-10,12,5.13,662
3643,17329,19360,1,51237.22,2021-05-27,36,6.34,235
3644,7669,1571,4,99390.21,2022-05-10,12,9.65,1369
3645,2965,23338,4,9573.33,2020-11-19,60,9.11,534
3646,12494,1929,4,77112.73,2022-05-14,24,7.7,860
3647,470,31927,2,71008.38,2021-03-22,48,5.67,1821
3648,373,10598,1,16728.35,2022-04-25,60,5.87,1805
3649,13469,16865,1,17624.4,2024-01-17,12,5.51,1490
3650,9153,33673,3,9671.45,2022-02-28,48,5.77,770
3651,18351,33850,1,54776.81,2024-06-04,60,6.91,541
3652,3025,16376,2,47155.34,2021-11-09,12,5.12,213
3653,19719,15587,4,34925.96,2024-02-18,36,8.53,463
3654,2692,38490,2,66210.59,2024-02-26,36,3.57,436
3655,8255,24427,3,6005.49,2021-05-05,24,8.61,283
3656,1613,28689,1,40210.18,2021-09-13,60,7.7,1586
3657,10483,34035,1,6289.59,2021-03-08,24,4.82,1631
3658,18711,20458,3,8256.36,2022-08-06,60,3.64,1487
3659,4053,7950,4,11031.16,2024-05-31,36,6.73,1431
3660,3734,35563,1,23144.81,2023-10-10,60,7.0,88
3661,15977,38833,4,76884.74,2024-04-18,24,7.23,1068
3662,4891,14229,2,22889.03,2022-07-03,36,5.23,461
3663,17811,2952,2,43275.24,2022-02-24,24,7.71,278
3664,8164,7724,3,30672.31,2022-10-24,60,7.14,1707
3665,15281,15590,3,15637.18,2021-03-30,48,5.32,421
3666,175,31507,4,58038.76,2022-10-08,24,5.11,1725
3667,1184,782,2,52037.77,2022-04-28,24,7.49,1377
3668,15283,13588,3,85331.25,2022-02-10,48,8.72,696
3669,9832,492,3,96937.46,2023-03-29,24,4.68,515
3670,17212,28879,3,10705.84,2023-06-21,48,5.13,703
3671,16427,357,3,24995.24,2021-04-16,60,4.22,1654
3672,12808,24734,1,84383.09,2022-02-26,36,8.26,19
3673,18102,11810,3,84453.34,2022-12-11,12,4.98,23
3674,18898,39563,2,29078.32,2021-04-16,24,7.95,413
3675,6167,9665,1,94473.46,2023-08-23,24,8.95,1054
3676,10103,6599,4,51143.37,2022-08-07,12,3.67,1831
3677,8925,5524,3,55493.07,2020-11-06,12,8.42,108
3678,15087,31143,1,81172.98,2024-05-02,36,4.2,1391
3679,487,39888,3,31050.86,2022-01-23,36,9.32,1305
3680,10245,36363,1,62363.25,2022-01-04,12,5.03,1152
3681,1466,38828,3,72579.84,2022-08-08,12,6.23,1253
3682,13219,7176,4,26545.03,2020-09-13,12,8.16,1135
3683,18349,30916,4,72471.9,2022-10-07,60,6.28,136
3684,18151,35290,4,2983.71,2022-08-29,60,7.26,362
3685,18070,32053,1,48730.35,2022-04-15,36,6.76,1210
3686,3354,4206,3,61423.47,2023-02-03,12,9.86,1680
3687,7054,29110,4,81557.6,2023-05-26,12,5.26,1608
3688,4950,14321,4,23401.07,2020-08-07,48,7.14,129
3689,11841,14796,1,63795.55,2023-10-20,60,4.83,1900
3690,9184,19906,4,44495.31,2023-05-20,48,5.1,1285
3691,1024,17320,4,7103.96,2022-01-07,48,6.79,515
3692,5211,31005,1,30387.67,2020-12-24,36,5.52,449
3693,6560,37784,4,37932.54,2023-11-05,36,3.91,1924
3694,10489,5209,3,45004.71,2021-02-02,48,4.22,1128
3695,13296,14237,2,42535.32,2020-08-18,60,5.79,1507
3696,4392,36315,1,25904.8,2022-02-14,12,3.05,1248
3697,506,1556,2,22647.9,2021-10-24,48,9.05,1856
3698,1124,4672,4,28790.01,2020-11-16,60,3.11,874
3699,17277,36812,1,6129.94,2024-03-18,48,7.29,1890
3700,2042,30214,4,64215.82,2023-10-14,36,5.89,1515
3701,19860,27641,1,60451.99,2023-03-03,36,8.29,473
3702,17837,38855,2,66049.63,2023-12-21,12,9.66,1034
3703,10922,7380,4,31322.71,2021-10-31,12,7.28,1429
3704,12673,38805,4,96645.85,2023-01-14,12,7.64,1920
3705,16861,3512,4,82750.15,2021-10-14,36,9.35,302
3706,1933,7218,2,16517.27,2023-12-03,24,4.3,231
3707,18993,27743,2,3774.16,2024-05-10,48,9.97,1755
3708,14397,28215,1,62308.16,2022-05-01,12,8.53,923
3709,19502,2268,4,39029.17,2022-09-21,24,5.34,1090
3710,719,511,3,46733.65,2023-12-29,48,6.55,937
3711,3121,22126,2,3196.07,2021-03-11,60,6.27,112
3712,6641,30228,1,80379.94,2022-02-15,24,4.17,1037
3713,14046,18328,3,6045.83,2022-12-27,36,3.26,1417
3714,3538,10479,1,21328.75,2022-12-10,24,9.55,500
3715,6972,39702,3,82117.61,2023-03-15,12,4.0,932
3716,11784,30844,2,71614.96,2022-02-24,36,5.05,598
3717,1756,6170,3,49269.22,2021-11-09,12,5.8,234
3718,13875,35138,2,17192.0,2021-11-08,60,3.19,602
3719,5842,11261,4,27485.56,2020-08-25,36,4.73,314
3720,13581,34689,3,52898.94,2023-02-09,36,8.8,566
3721,8748,138,2,16635.09,2021-12-01,12,9.27,1036
3722,11320,11025,4,80566.58,2024-03-31,36,4.5,209
3723,3389,1314,2,58391.42,2021-07-28,12,8.99,1998
3724,5903,14254,4,43818.36,2023-12-14,12,5.68,1038
3725,14926,11066,4,25226.49,2023-04-28,12,4.75,1657
3726,12640,20885,2,16562.44,2022-08-23,36,3.92,1442
3727,29,1602,4,78735.62,2023-08-19,12,7.41,1461
3728,4956,36144,4,31366.6,2024-06-07,48,5.66,1401
3729,9559,14855,1,81890.49,2022-04-23,12,4.61,1044
3730,4510,9367,3,56785.56,2024-06-28,24,4.11,587
3731,13156,27797,1,13517.67,2024-04-07,24,3.93,1936
3732,2427,31015,4,72743.46,2023-09-14,12,8.04,1779
3733,439,9384,2,54496.89,2022-02-12,12,4.65,1759
3734,5196,157,4,29472.73,2023-11-06,48,7.99,1015
3735,256,18335,2,61868.76,2024-05-02,48,9.47,1094
3736,15926,4668,4,16429.54,2021-04-10,60,3.28,1848
3737,15247,31403,4,84045.2,2020-07-06,48,8.13,1235
3738,13632,14033,4,98625.52,2022-05-15,48,4.97,1125
3739,11143,21902,4,96549.84,2021-11-21,60,8.15,698
3740,5599,16625,3,39344.31,2022-06-24,48,7.86,132
3741,11382,32912,2,6353.22,2022-06-30,36,9.03,1647
3742,9809,25239,1,19665.84,2021-09-10,12,7.36,1405
3743,2527,27641,1,95695.67,2020-10-31,12,3.99,1156
3744,5986,36559,3,99429.37,2024-03-21,60,8.7,1044
3745,2642,29128,3,83592.99,2022-03-28,12,4.41,1930
3746,10125,20174,4,5058.33,2023-02-16,12,7.47,536
3747,571,24148,3,76335.03,2023-03-10,24,4.66,1014
3748,5579,9704,1,35636.36,2021-07-08,60,8.03,227
3749,2028,8556,2,97165.97,2024-03-19,48,4.76,1178
3750,11221,30980,3,55769.37,2022-08-10,12,5.05,1829
3751,1193,20363,3,9848.91,2020-08-03,12,3.04,1766
3752,4820,12181,2,97385.56,2021-08-04,24,5.27,1493
3753,13641,29594,4,4945.11,2021-02-22,24,3.68,822
3754,7853,7686,2,43534.87,2021-03-26,24,5.53,871
3755,17795,15313,1,20336.43,2021-02-08,48,5.28,405
3756,16209,10568,3,63129.85,2021-01-21,12,6.98,202
3757,6264,22855,4,40252.96,2023-11-04,12,9.24,38
3758,4441,21834,4,3205.06,2021-01-22,12,6.87,942
3759,3342,31961,3,97177.03,2020-07-30,36,6.39,1796
3760,5302,14613,3,20348.24,2022-03-02,24,3.49,188
3761,657,6488,3,33915.51,2023-06-03,60,5.46,1081
3762,11409,29855,4,30604.31,2021-06-30,36,9.63,941
3763,15071,10201,3,30192.12,2020-10-19,36,8.35,1044
3764,9001,23304,3,8350.86,2023-10-19,36,4.63,273
3765,14276,33064,2,43103.57,2020-09-14,60,8.84,1143
3766,1935,10613,4,1739.75,2023-01-28,48,7.12,583
3767,19239,8518,3,73889.39,2023-12-01,60,6.05,516
3768,17043,12726,3,24676.73,2022-05-04,48,9.31,1245
3769,8254,9646,4,48953.41,2024-01-22,24,7.39,526
3770,9884,9257,2,40508.72,2023-05-22,24,9.65,1539
3771,6925,19002,3,29798.34,2024-03-16,60,3.3,1752
3772,3685,212,2,66154.1,2024-02-13,12,9.17,1765
3773,2160,37411,3,82946.53,2020-10-03,12,8.61,336
3774,2714,12490,1,12869.02,2021-04-24,48,7.81,698
3775,15740,1328,3,75385.75,2024-03-11,36,8.51,1079
3776,8603,1443,1,98202.94,2021-06-09,36,5.25,500
3777,19354,7902,2,51933.38,2020-12-06,60,5.73,900
3778,1027,33725,1,49577.15,2020-10-31,36,5.18,1912
3779,4312,8244,4,20935.13,2021-02-11,60,6.5,766
3780,4350,8599,2,86277.99,2021-04-13,60,8.59,536
3781,13618,21798,2,52924.75,2022-02-03,60,7.4,162
3782,19358,23413,4,23986.38,2023-04-01,24,3.47,1694
3783,14281,23435,2,73483.74,2021-09-16,24,9.65,594
3784,12362,29669,2,98836.67,2020-10-24,12,9.99,1939
3785,16410,8563,3,25850.21,2022-09-04,24,8.34,159
3786,13295,30861,1,86449.38,2021-09-19,36,4.65,1212
3787,10798,600,3,41454.21,2020-12-10,36,3.58,60
3788,1967,31939,4,20921.74,2020-11-22,24,4.36,915
3789,10021,3702,4,57274.24,2022-04-09,60,8.85,1841
3790,4903,13681,1,96336.39,2022-01-23,48,5.2,1343
3791,3835,2524,2,85311.66,2021-02-28,24,4.37,1902
3792,6579,8195,4,13003.55,2022-02-07,60,5.83,211
3793,2700,7661,4,91381.46,2021-03-15,48,7.28,406
3794,3975,29336,2,52146.41,2020-10-03,36,9.55,664
3795,10135,9299,2,65993.78,2020-11-13,36,8.86,1133
3796,16183,13994,3,74403.82,2023-08-24,24,5.9,1100
3797,15222,6608,3,85657.36,2023-01-02,12,3.77,542
3798,18258,11521,3,25550.55,2022-04-10,24,7.07,1338
3799,18806,39960,3,9955.96,2021-06-03,48,4.23,998
3800,17369,39613,1,57726.56,2021-12-17,60,7.01,1141
3801,14266,29566,4,43549.21,2020-07-23,36,6.15,927
3802,17505,32860,1,88583.09,2023-05-30,12,4.47,868
3803,7053,39917,1,38491.23,2024-06-03,48,4.11,1728
3804,15622,17769,1,35196.84,2020-11-06,12,6.13,19
3805,7301,38621,1,66269.9,2020-07-21,48,6.61,432
3806,19811,22243,2,57745.52,2023-06-09,36,5.53,1709
3807,1613,23956,4,71647.05,2024-01-17,48,4.95,740
3808,8512,8252,1,11310.76,2020-08-20,12,6.65,1374
3809,3058,24547,4,19807.62,2021-03-13,24,8.3,183
3810,17797,15462,2,21706.08,2020-07-21,24,5.53,113
3811,14803,17050,1,95645.58,2024-04-10,36,4.89,1207
3812,15875,9020,1,30811.23,2023-12-10,48,4.87,481
3813,6605,39773,1,67220.15,2022-11-28,12,7.67,1170
3814,3405,27009,4,84871.2,2022-02-08,60,7.15,831
3815,7520,24657,2,35421.69,2023-03-18,36,6.72,1652
3816,10198,37540,3,6947.1,2021-09-01,12,7.52,1137
3817,3597,25791,4,6413.24,2021-03-06,36,9.88,763
3818,19897,18952,1,15402.45,2022-07-18,12,5.07,476
3819,3836,31255,4,96731.49,2021-11-07,36,5.79,763
3820,19392,18799,1,98695.61,2021-12-06,48,5.67,1327
3821,63,11182,3,28616.29,2024-03-14,60,7.29,971
3822,16360,13478,2,67516.06,2020-08-24,36,3.72,1849
3823,19200,16768,2,22817.99,2022-04-29,12,7.52,1020
3824,7144,8904,2,73428.33,2022-03-11,12,8.78,1142
3825,6879,38953,4,1829.73,2022-02-24,36,9.95,1837
3826,11476,29263,1,2496.35,2020-11-15,60,6.07,161
3827,8040,13765,2,77569.11,2020-08-15,60,3.63,401
3828,2936,6524,1,18424.25,2022-11-22,12,8.43,198
3829,6276,36242,3,52129.88,2021-06-27,36,8.89,1284
3830,11521,11264,2,67923.36,2024-02-13,36,3.99,660
3831,16589,22526,1,2397.24,2022-12-28,24,8.38,1776
3832,2055,4420,2,80830.15,2022-02-20,60,3.21,1071
3833,18828,15285,3,35201.25,2023-07-27,48,8.86,399
3834,18344,3354,3,85747.53,2023-07-04,36,6.27,1734
3835,19610,10046,2,58902.17,2024-02-21,60,5.5,1583
3836,15553,7099,3,34923.56,2022-03-24,24,4.38,78
3837,3180,1054,3,83398.2,2022-08-10,36,3.89,124
3838,17332,8261,1,88671.41,2023-03-14,24,5.73,75
3839,5215,33157,1,16992.43,2024-01-27,60,5.12,1895
3840,9002,4621,4,23146.6,2020-10-29,60,7.77,137
3841,8478,24999,4,32729.47,2021-03-16,60,3.98,602
3842,14863,17592,4,62308.01,2022-06-02,36,5.27,1424
3843,31,32758,1,3043.88,2020-09-08,36,5.08,837
3844,15123,17017,1,79787.61,2024-02-17,12,3.35,1529
3845,8802,30472,2,24628.02,2021-03-21,12,4.08,500
3846,12266,1570,1,24849.33,2021-11-12,60,6.22,1597
3847,11990,24498,1,5145.34,2020-12-01,60,9.78,138
3848,2843,20542,3,25006.39,2024-06-20,12,8.54,50
3849,4931,29693,4,21922.88,2022-06-15,48,7.92,1795
3850,2518,19725,2,35941.97,2020-09-16,48,6.34,973
3851,4161,16258,3,97343.52,2023-09-16,48,7.31,1643
3852,9686,28448,3,86239.4,2021-09-01,24,5.24,1649
3853,12193,25591,2,64225.48,2021-05-02,12,9.33,1886
3854,11462,7117,4,8796.36,2023-04-04,60,5.18,254
3855,5450,33388,3,16801.19,2021-12-13,24,6.51,1654
3856,10310,35745,1,94971.5,2024-04-21,60,4.72,710
3857,11934,7576,3,66248.7,2022-05-09,24,9.43,1873
3858,3862,4285,3,1971.66,2020-08-13,48,5.15,1901
3859,8768,11785,2,37250.66,2022-12-31,48,3.72,563
3860,1630,29505,3,43704.48,2021-03-23,48,7.99,757
3861,3896,10750,4,36677.12,2022-09-22,12,3.27,1939
3862,15165,36113,3,23401.89,2024-02-07,48,9.12,1450
3863,494,34688,3,26921.51,2021-09-12,12,4.58,547
3864,16109,37644,4,11642.1,2022-09-02,36,6.93,1326
3865,16958,18985,1,95554.69,2024-02-28,36,8.43,922
3866,4053,10459,3,49545.47,2021-05-27,60,4.58,581
3867,5536,7697,2,33021.91,2022-11-24,48,4.14,1373
3868,8583,8582,3,1691.56,2020-10-29,48,7.28,1856
3869,8629,24981,1,19580.08,2023-06-16,60,6.32,1957
3870,1581,11605,1,89267.44,2022-03-14,60,8.04,49
3871,10173,36504,2,55390.61,2024-04-30,36,4.21,917
3872,9978,29355,1,48942.02,2022-12-12,60,8.78,1098
3873,14707,36931,3,25481.61,2023-08-14,48,7.22,704
3874,1819,38676,3,11495.49,2021-04-26,24,9.04,261
3875,8267,29661,4,14453.62,2022-11-08,60,6.93,356
3876,19212,29377,1,34414.19,2023-06-04,24,9.06,1606
3877,17943,17687,3,64379.55,2024-03-17,12,4.82,1626
3878,9217,21745,4,56597.58,2022-10-28,24,9.91,1284
3879,10133,28038,3,40841.24,2020-09-03,60,9.02,638
3880,6305,38880,3,39519.74,2021-04-02,36,7.51,743
3881,16516,39317,4,46322.85,2021-12-19,36,8.28,1319
3882,6216,21727,2,7715.32,2023-05-20,60,7.94,1010
3883,11819,26818,4,32454.76,2021-09-27,24,4.77,931
3884,5661,31306,2,70045.14,2022-12-04,48,5.93,641
3885,10148,2003,4,98036.6,2024-03-18,24,6.42,792
3886,15548,6974,4,76151.19,2020-07-19,12,4.45,1337
3887,13242,8821,1,6291.59,2023-03-18,60,5.27,612
3888,18812,3764,3,21953.46,2021-12-28,36,4.85,1862
3889,1944,14972,3,96257.64,2021-09-06,36,5.39,809
3890,12848,36940,1,13038.8,2021-08-27,24,3.04,1206
3891,17019,11874,3,43243.43,2022-05-15,60,5.32,686
3892,6083,32833,3,40738.39,2024-07-01,36,5.94,1852
3893,11829,2619,3,55533.08,2022-12-02,36,3.19,1388
3894,6020,1895,4,38099.03,2024-03-15,48,6.12,188
3895,14387,6932,3,61621.97,2022-05-16,48,3.18,1593
3896,19244,23286,3,48412.13,2022-06-26,24,6.04,1567
3897,14466,33777,2,85038.8,2021-05-15,12,4.0,1620
3898,4327,17021,4,8682.67,2022-09-14,36,7.75,1688
3899,10794,2015,1,7683.04,2023-03-22,36,8.02,985
3900,17529,38950,4,76348.23,2023-08-13,48,4.86,548
3901,3232,15930,2,38600.45,2020-08-02,48,5.29,725
3902,12960,2925,2,56168.21,2023-12-14,24,9.86,926
3903,3169,17581,4,92455.57,2023-05-01,36,7.22,1432
3904,5117,19474,4,91249.13,2023-06-20,36,8.4,876
3905,6655,13861,3,85542.69,2022-11-30,24,6.64,618
3906,6578,4401,1,81187.68,2022-02-16,60,9.34,414
3907,1599,3882,2,4885.31,2024-05-29,12,9.22,1366
3908,2756,19741,1,76413.47,2021-06-18,24,7.55,1244
3909,12673,23222,1,65814.26,2021-06-10,12,3.56,903
3910,16519,9046,2,89535.3,2023-09-04,48,9.57,163
3911,5251,13237,1,93035.05,2021-09-02,12,8.59,1975
3912,3394,35855,2,6730.88,2022-06-29,60,8.62,1244
3913,6242,24127,3,67455.74,2022-09-30,24,5.66,270
3914,13090,20314,1,71731.96,2021-08-06,12,7.86,632
3915,13503,20781,1,68845.14,2020-08-26,36,5.72,906
3916,15339,33750,4,25167.2,2020-11-30,24,4.97,1872
3917,1699,30795,3,66022.12,2022-10-03,36,7.73,1424
3918,5686,34056,4,2311.11,2020-07-17,24,8.47,1206
3919,5012,17105,1,97975.63,2022-07-19,48,9.4,1642
3920,10489,6866,4,30795.32,2021-06-06,24,5.37,1753
3921,11627,21894,3,20133.61,2020-08-03,48,6.23,205
3922,4722,16131,1,73438.31,2020-10-28,36,9.42,582
3923,2519,20994,3,45594.02,2023-10-09,48,8.24,1580
3924,7553,13135,3,73578.95,2021-09-16,36,4.9,841
3925,6030,7105,2,12639.79,2024-01-18,48,6.29,1837
3926,59,26353,1,20363.58,2023-05-28,24,9.33,1252
3927,2943,32332,4,17440.77,2021-10-15,12,6.81,1720
3928,4642,1293,1,67445.39,2020-07-19,48,6.0,1643
3929,1829,2105,3,64553.0,2023-06-12,60,5.22,596
3930,17065,12614,2,92649.87,2022-05-12,12,6.46,1874
3931,15483,38774,1,16908.15,2020-12-25,12,6.57,250
3932,2997,38086,3,30555.52,2022-04-08,48,5.81,875
3933,703,11974,2,60706.27,2021-12-23,60,7.22,1465
3934,11242,15798,2,6693.51,2023-08-12,48,4.67,1557
3935,19362,3360,3,3713.81,2023-02-11,60,9.48,196
3936,9022,18160,1,97342.79,2021-12-26,24,8.91,690
3937,15035,20893,4,53134.81,2023-03-25,36,5.3,1953
3938,5740,8889,3,61920.03,2021-06-04,60,8.91,1543
3939,17006,12716,1,70784.73,2020-10-15,60,3.12,1094
3940,10956,35590,4,75159.96,2023-05-05,48,5.22,639
3941,8539,27882,3,99458.24,2021-09-29,24,4.8,1423
3942,13683,25378,2,58113.86,2022-07-02,12,5.13,2002
3943,10641,40000,3,13950.66,2024-06-11,60,3.47,672
3944,8244,22598,4,66222.93,2021-04-19,60,9.52,1784
3945,18436,21531,3,65929.33,2022-02-23,36,5.24,1227
3946,17823,30596,1,24310.68,2021-06-02,12,5.97,1172
3947,10752,13335,1,48863.14,2021-06-28,36,8.32,1496
3948,12210,27751,2,56971.22,2021-10-08,36,5.53,1679
3949,1653,15555,3,65054.45,2022-05-29,48,9.14,944
3950,8243,7957,4,84517.02,2023-05-24,24,9.16,199
3951,6639,14316,4,4520.08,2024-04-25,24,3.65,1941
3952,14536,27282,4,21402.1,2022-04-20,24,9.22,1450
3953,5483,36250,4,27842.36,2023-02-24,24,8.84,1690
3954,19322,28642,4,95140.12,2022-07-26,48,5.7,492
3955,4761,17404,3,59200.1,2022-12-11,24,5.39,1912
3956,15347,38413,3,20855.14,2021-11-05,36,5.05,896
3957,6131,21954,2,51370.75,2021-07-10,60,5.95,142
3958,16789,3675,3,57671.07,2022-02-17,60,6.63,1337
3959,18744,9254,4,18438.89,2021-08-26,60,6.4,165
3960,17280,36494,3,4631.29,2021-07-15,12,5.66,314
3961,4849,17681,3,71972.85,2023-12-31,60,3.35,21
3962,16463,34203,3,99570.49,2023-08-11,48,5.3,1106
3963,12510,13662,1,26330.87,2023-01-04,60,4.54,1605
3964,11169,39628,4,46522.41,2024-01-22,24,7.89,1155
3965,5274,6655,4,8829.5,2024-02-04,24,5.41,1623
3966,4218,33364,1,60474.64,2021-01-30,12,8.27,1754
3967,227,21415,2,65221.5,2023-05-17,12,8.76,1957
3968,5776,17906,1,3726.44,2022-11-24,48,7.91,984
3969,3260,11991,2,81767.83,2023-04-21,60,5.71,305
3970,4087,13169,3,51449.36,2023-10-13,24,9.26,1939
3971,5699,11402,2,36477.47,2020-07-04,12,6.21,371
3972,6108,25115,4,26207.92,2023-07-17,24,3.56,1881
3973,15400,22458,4,55816.07,2024-05-03,36,5.85,853
3974,19329,18942,4,74074.43,2024-03-03,12,5.69,384
3975,3468,37373,4,9134.34,2022-05-25,12,5.99,1932
3976,16558,4494,4,72318.82,2023-03-31,60,8.07,445
3977,11609,11134,1,47047.12,2023-09-13,12,4.02,425
3978,10813,28822,3,84873.61,2024-01-18,24,8.28,161
3979,464,8637,2,61850.66,2024-05-15,36,5.96,1202
3980,13816,17016,3,77789.93,2023-03-11,36,4.86,629
3981,14061,27912,3,11951.76,2021-11-30,60,7.19,1732
3982,18951,24032,3,64362.44,2023-06-21,60,5.75,895
3983,14087,1657,4,35287.54,2020-10-28,60,5.55,490
3984,13454,5561,2,55879.72,2021-11-26,24,4.77,1017
3985,193,29493,4,57518.74,2020-12-11,60,6.18,327
3986,12721,13807,4,14683.99,2020-08-29,36,4.83,598
3987,18257,6278,4,85746.56,2021-02-04,60,7.27,1015
3988,3420,39170,4,97941.77,2024-03-16,60,9.94,289
3989,14021,34693,2,40209.17,2024-02-04,24,5.31,593
3990,6174,20528,4,69342.8,2023-06-07,12,3.29,1688
3991,1069,14579,3,36880.76,2020-11-13,36,8.62,1597
3992,2871,18986,4,76102.91,2021-01-25,36,6.16,573
3993,14934,35216,1,4171.97,2021-11-25,36,6.47,1378
3994,18887,2880,3,61732.15,2023-04-15,24,8.96,28
3995,13756,29642,1,50349.29,2024-03-03,60,4.81,954
3996,7532,9200,4,88920.57,2020-08-19,48,8.3,43
3997,4835,37268,1,50494.55,2022-10-26,60,8.34,1705
3998,11401,34724,1,9031.94,2023-09-21,12,4.39,423
3999,4707,31956,2,85927.08,2022-09-17,36,5.33,1622
4000,18590,14038,1,26962.0,2023-06-05,36,6.54,177
4001,7961,5331,2,5236.63,2021-05-21,48,4.25,529
4002,19486,2465,3,28856.47,2023-12-31,60,4.78,1634
4003,6971,16438,1,63492.86,2023-05-20,24,4.23,966
4004,4240,1892,1,58084.99,2021-12-24,60,4.38,1518
4005,17856,8876,4,3203.06,2023-08-30,36,6.05,198
4006,6579,8421,3,71613.77,2024-05-09,60,9.88,610
4007,13185,23442,2,43502.06,2022-08-11,36,7.66,1601
4008,8554,32599,3,46238.63,2022-06-11,48,4.78,842
4009,8115,25627,4,31860.05,2022-02-22,12,7.97,853
4010,15861,8231,3,9744.44,2023-02-28,60,8.1,1541
4011,5054,2377,2,71900.26,2022-12-26,24,3.9,1538
4012,402,32559,3,67595.16,2024-01-10,48,6.63,22
4013,728,29194,4,50414.43,2024-04-02,36,8.13,1136
4014,19294,13075,3,2086.37,2023-01-04,24,4.52,1081
4015,11316,11467,2,87254.43,2021-03-04,12,9.74,1090
4016,9201,39633,3,2387.43,2022-03-23,36,7.54,842
4017,15291,34359,4,64932.59,2023-09-14,48,9.11,98
4018,16628,14975,1,96195.42,2021-03-22,12,4.12,1168
4019,3634,38745,4,74490.17,2022-01-23,48,9.82,1904
4020,8099,12058,3,38509.33,2021-09-27,12,6.29,435
4021,8116,11154,3,20333.41,2023-11-05,60,6.89,637
4022,15142,23574,2,61337.21,2023-11-29,24,3.29,1703
4023,7194,22360,4,65097.31,2022-04-24,48,3.31,1110
4024,633,28786,1,90133.26,2022-01-05,48,7.41,588
4025,604,18824,4,5201.18,2021-07-03,48,4.25,344
4026,6255,34126,2,44300.77,2021-11-26,60,5.53,1960
4027,12813,1978,4,66305.09,2023-06-30,36,7.85,1318
4028,15676,27333,1,22945.57,2023-03-06,36,4.69,1980
4029,3131,23843,3,79650.97,2024-04-28,36,4.18,571
4030,14916,36389,1,45340.52,2022-03-01,48,8.2,1674
4031,2234,7363,3,89991.1,2023-03-12,36,7.21,611
4032,19032,18557,4,78031.13,2020-07-14,60,8.62,1728
4033,11282,17123,4,27224.78,2022-11-15,24,9.05,243
4034,3247,13682,3,30718.23,2022-09-27,24,5.9,1855
4035,13921,20449,1,3595.55,2021-08-12,12,3.37,561
4036,396,786,2,57606.43,2021-08-29,36,3.28,960
4037,12994,18990,3,60747.76,2021-04-26,60,5.41,32
4038,8054,20044,1,55326.24,2023-11-23,48,9.82,391
4039,2367,22563,1,38031.81,2023-07-17,48,7.39,277
4040,18180,16117,1,79566.99,2023-09-19,12,4.31,532
4041,10097,24163,1,8901.04,2022-08-22,12,9.6,1178
4042,19992,20310,3,29193.0,2022-05-04,36,5.97,383
4043,6100,15135,4,17031.63,2021-11-02,36,8.31,1092
4044,13687,35218,3,21727.34,2021-10-08,24,7.04,1902
4045,4787,18237,4,47841.14,2023-06-13,36,8.91,884
4046,19312,1461,2,26365.2,2022-06-10,12,8.4,214
4047,18971,21860,1,35694.66,2023-05-19,24,3.93,1679
4048,1826,18704,2,56690.46,2022-09-15,48,4.85,376
4049,9143,36318,3,54427.74,2023-09-19,48,8.14,744
4050,11057,21045,1,67757.68,2022-05-17,60,5.55,213
4051,11456,30424,1,89065.72,2020-12-05,36,9.06,79
4052,17589,34683,1,53030.61,2020-12-02,36,4.8,1750
4053,15112,3694,3,12061.05,2024-06-12,12,5.62,628
4054,17067,25261,1,81772.16,2020-09-21,12,6.53,604
4055,13407,10144,1,11306.83,2022-08-03,12,3.27,782
4056,3004,5052,4,27919.62,2023-08-20,36,5.73,1947
4057,14672,34507,3,36708.35,2021-11-29,12,8.55,1405
4058,9295,26369,1,43594.67,2022-02-27,36,9.11,1001
4059,343,24053,3,54217.25,2023-05-09,24,6.19,680
4060,5170,31078,4,85368.51,2021-11-29,12,8.0,58
4061,16525,11116,1,75618.4,2022-03-28,24,3.19,1820
4062,1670,468,2,14878.05,2020-12-25,36,6.83,1050
4063,8924,25838,3,57965.59,2022-05-15,48,7.06,881
4064,17456,36101,1,87900.25,2021-10-09,12,3.78,447
4065,12615,14270,4,72943.63,2022-07-30,48,7.6,66
4066,17501,1295,2,12941.36,2023-06-28,48,3.94,1945
4067,3530,27350,4,4893.83,2022-06-28,24,7.81,1784
4068,11223,19602,4,12021.63,2021-07-04,60,8.16,1278
4069,5364,8713,2,84337.43,2023-11-22,12,4.63,1923
4070,17550,10918,2,72458.87,2023-01-04,48,5.03,1992
4071,13423,27249,2,52348.41,2021-02-15,48,7.78,1068
4072,14933,19677,4,62052.37,2023-06-20,60,8.3,1121
4073,13488,16347,1,11529.27,2021-11-15,36,8.31,1578
4074,9375,25684,3,59256.12,2022-12-30,48,7.79,1012
4075,10155,14957,2,33300.4,2020-10-21,36,6.08,227
4076,12350,20004,1,96064.93,2022-12-20,48,6.51,774
4077,10651,3233,3,93280.29,2023-06-25,36,8.8,679
4078,17907,32994,3,16880.67,2024-02-19,12,6.31,1460
4079,16399,7808,4,44746.8,2022-12-01,48,6.39,1815
4080,2756,11987,4,24289.05,2023-09-08,36,5.69,601
4081,5273,8574,3,15325.81,2024-07-01,12,9.97,379
4082,12246,25094,2,97578.13,2024-03-20,60,5.04,1202
4083,11538,11966,4,87806.43,2023-06-18,36,8.17,1451
4084,11237,10602,2,95997.58,2022-12-27,48,4.61,1939
4085,582,4542,2,87356.49,2024-06-12,48,7.25,709
4086,17897,3647,2,65880.08,2021-05-26,36,3.87,307
4087,12103,10993,4,61908.94,2023-11-27,60,7.48,779
4088,16074,16720,3,45908.84,2021-04-21,36,5.76,504
4089,1188,13782,4,80553.44,2023-08-05,60,7.06,268
4090,18248,18866,2,80309.13,2022-03-16,36,4.14,1610
4091,5810,4288,3,76100.58,2021-12-31,60,4.28,8
4092,1580,15402,1,15027.11,2022-12-08,60,3.51,1944
4093,9989,16728,1,80734.89,2021-11-30,48,8.88,508
4094,17577,23084,2,63563.43,2022-10-14,48,4.79,476
4095,7633,2371,4,5739.85,2021-09-26,12,5.06,1321
4096,18541,34910,2,44486.53,2022-07-02,60,5.47,164
4097,1923,39116,3,93328.26,2021-01-04,24,9.21,485
4098,229,6549,2,71584.27,2024-03-30,60,5.97,1621
4099,13199,35312,2,16460.27,2021-10-16,36,7.07,1096
4100,1709,7934,4,48862.91,2022-06-17,12,9.62,567
4101,261,23956,1,17191.67,2022-05-10,48,7.71,905
4102,11957,16530,2,11311.44,2022-09-28,36,3.3,559
4103,12691,30172,1,73848.73,2021-10-03,12,8.53,1935
4104,12456,33860,1,42202.52,2022-02-25,12,7.18,1968
4105,4630,24585,2,26764.89,2022-02-10,36,3.39,238
4106,7431,10629,4,75389.54,2023-04-18,36,6.35,1128
4107,7133,2670,3,39909.21,2022-04-22,12,5.04,1234
4108,16868,26683,2,55734.04,2023-07-11,24,6.78,554
4109,7149,29621,2,44423.82,2024-06-04,48,9.48,828
4110,4892,31755,1,92475.26,2020-07-28,36,7.17,468
4111,19726,36448,2,16298.59,2021-03-15,36,3.27,1478
4112,15130,23349,1,53298.88,2023-08-01,12,3.1,1292
4113,18601,2627,4,99914.66,2023-11-07,24,9.94,386
4114,3591,28294,3,30398.97,2023-09-26,60,7.61,775
4115,6701,15850,4,53106.76,2021-04-12,24,9.5,848
4116,4618,22711,2,36094.84,2023-08-16,60,4.71,387
4117,2360,18270,1,52890.87,2021-03-20,48,5.22,877
4118,11243,38083,4,4128.22,2023-02-11,48,7.0,259
4119,6951,18262,3,37161.97,2023-02-14,12,9.86,283
4120,4465,25568,2,74571.35,2024-06-05,12,6.07,1650
4121,4441,6706,2,61142.35,2022-06-26,12,6.58,1899
4122,18641,18376,4,59465.46,2022-08-24,48,4.99,40
4123,6381,39275,1,90028.36,2023-08-11,12,9.53,486
4124,11542,11861,1,34977.24,2023-12-23,60,4.69,929
4125,14457,33256,2,58087.35,2022-08-07,12,7.05,220
4126,2838,22193,4,6882.64,2023-09-18,24,7.82,1153
4127,7795,915,4,58811.85,2021-07-04,12,9.2,1015
4128,298,27829,1,70799.54,2020-09-02,12,8.55,1024
4129,6695,2615,4,75696.03,2024-02-05,48,8.6,1544
4130,14905,15788,1,94654.78,2021-01-13,24,4.04,613
4131,17550,28507,2,75128.01,2023-03-04,24,8.09,928
4132,2371,8394,1,18766.99,2021-08-27,48,8.9,1916
4133,16505,13430,2,78498.29,2020-11-24,36,9.81,688
4134,12357,22342,1,87601.1,2023-04-16,12,3.95,1643
4135,18533,37177,4,65743.22,2021-02-26,12,4.02,613
4136,196,609,2,54429.13,2023-07-26,48,9.2,260
4137,2409,20089,2,82696.47,2023-02-12,12,8.42,990
4138,8015,4937,2,23338.57,2022-08-30,36,6.84,966
4139,8603,38904,4,69037.34,2023-02-15,48,3.8,366
4140,9817,17260,1,57942.18,2022-07-01,48,9.5,1782
4141,15786,16950,1,70377.4,2023-11-03,60,5.81,1811
4142,2074,9668,4,92611.15,2024-06-10,36,8.19,544
4143,11356,33823,4,6686.12,2023-10-12,60,6.09,649
4144,1950,35684,1,53997.33,2020-10-14,36,6.37,1548
4145,1639,35056,3,15874.41,2022-10-07,60,7.89,1931
4146,5103,36213,2,5132.89,2021-08-29,36,3.95,814
4147,7253,21464,1,90183.91,2021-08-10,12,8.78,1911
4148,11573,16477,2,28571.17,2021-12-17,36,5.75,1040
4149,8951,19532,1,87647.04,2022-09-07,60,7.24,1153
4150,7767,17016,4,35040.08,2023-06-13,36,7.85,575
4151,3191,2478,2,52516.73,2020-08-05,24,8.05,1133
4152,4825,29205,2,32250.77,2020-08-20,60,4.31,1911
4153,8178,5274,1,89765.76,2020-12-30,12,4.96,1013
4154,7530,11199,4,34537.23,2024-01-27,36,5.59,1557
4155,488,13451,3,40058.67,2021-01-16,48,3.12,670
4156,2273,4367,2,40541.93,2024-06-26,24,7.94,269
4157,7712,26608,1,60304.66,2020-12-27,60,8.3,1186
4158,10745,464,3,69698.19,2023-08-24,48,5.22,1284
4159,3807,9677,1,81845.18,2023-05-30,24,5.27,924
4160,292,33359,2,26788.54,2022-08-06,48,6.77,1126
4161,11937,18839,1,60758.27,2021-05-08,36,5.61,1530
4162,14590,33912,3,70686.94,2022-01-29,24,9.99,1759
4163,13017,36891,1,7535.33,2023-10-19,36,5.42,1595
4164,2329,37219,1,77091.28,2022-01-21,24,5.21,247
4165,11820,27017,3,23709.29,2020-10-08,36,5.44,1664
4166,16440,23475,1,93454.28,2023-05-05,12,9.4,1819
4167,5622,5382,3,58433.27,2020-07-07,60,4.38,1861
4168,14882,35188,2,82601.07,2023-04-06,24,7.05,1561
4169,14204,10616,4,39011.79,2022-07-31,24,3.89,131
4170,15365,3717,4,89041.4,2023-08-25,60,5.83,353
4171,15660,849,2,46127.57,2022-07-04,12,7.15,196
4172,11051,36672,4,73385.58,2022-08-25,24,4.9,1817
4173,15525,13625,3,17973.32,2023-01-28,12,8.79,1940
4174,6760,17977,4,70511.66,2022-11-29,24,9.07,930
4175,16896,39449,1,34085.3,2022-11-02,60,9.52,1690
4176,4754,35631,3,17051.72,2022-07-21,36,9.57,1406
4177,39,9330,3,72874.94,2022-12-05,60,6.04,1022
4178,8722,14908,4,30103.66,2021-08-28,48,9.37,645
4179,13961,26787,2,54199.12,2023-06-29,48,8.45,227
4180,15003,7443,2,93297.2,2023-07-05,36,5.39,701
4181,343,22242,4,26112.52,2021-06-23,36,3.78,1500
4182,6251,1375,1,41524.88,2023-03-01,12,4.42,1501
4183,14753,14412,1,98959.82,2024-02-05,48,8.93,265
4184,3683,1216,4,79666.98,2021-07-18,12,5.95,1396
4185,10458,37396,3,45411.36,2021-01-07,60,9.56,1510
4186,9693,29400,2,80045.58,2021-08-19,12,3.08,1458
4187,5716,29302,4,2142.5,2020-12-02,36,5.34,646
4188,15484,31246,1,21277.5,2023-09-05,60,8.55,211
4189,19022,14506,4,91142.54,2020-11-24,24,8.06,1596
4190,9869,4663,1,3685.0,2023-03-06,24,4.15,1964
4191,13468,7953,4,26305.91,2023-01-06,48,8.62,1401
4192,19914,34589,2,25502.08,2020-10-14,24,6.48,1419
4193,17654,28700,4,30359.08,2023-08-22,60,6.18,1474
4194,3126,5518,1,16201.96,2023-06-24,48,6.97,943
4195,6656,1502,2,8127.05,2021-04-06,60,4.9,1388
4196,11867,2342,3,50324.62,2023-03-23,36,3.29,1900
4197,7892,15955,2,5842.51,2024-04-25,24,8.81,457
4198,8608,11766,1,5981.79,2021-01-10,24,6.16,725
4199,11320,26842,4,11922.73,2024-06-21,24,4.22,1752
4200,3236,2735,1,44590.18,2023-12-10,24,4.73,1250
4201,4590,6633,4,72179.15,2020-07-14,12,8.2,982
4202,18566,13326,1,92537.82,2022-06-07,24,9.09,1155
4203,18972,38559,4,23501.43,2022-05-20,24,8.47,588
4204,18024,5871,1,4084.76,2022-09-22,36,6.91,476
4205,8881,7138,4,38822.95,2023-12-11,24,8.53,1822
4206,18364,22701,4,81811.11,2021-08-31,12,3.06,986
4207,12798,24021,3,99633.79,2022-02-04,60,3.06,1301
4208,11638,17324,2,58620.14,2021-09-29,48,6.03,156
4209,15129,28971,1,33960.41,2021-08-24,12,3.62,1784
4210,12336,8028,3,84951.8,2022-01-25,36,5.69,1242
4211,2266,12980,2,46509.43,2020-11-29,36,7.42,190
4212,3464,36786,3,59296.06,2020-12-30,12,9.96,1441
4213,14483,26836,1,90208.04,2021-03-18,36,9.97,981
4214,9617,12225,1,42752.63,2023-11-22,24,6.33,1699
4215,12442,33703,1,15148.73,2023-08-06,48,6.59,1716
4216,14277,12199,2,65678.09,2021-10-21,60,3.01,546
4217,15338,18384,3,74133.32,2022-02-21,36,9.45,41
4218,11058,15608,4,7513.23,2022-10-01,60,5.24,307
4219,857,11561,2,1544.0,2024-01-15,36,3.65,943
4220,7032,14840,2,89662.36,2021-01-11,48,9.59,338
4221,12141,34374,3,86211.41,2020-10-13,36,9.96,1338
4222,12943,3895,1,44133.58,2024-01-04,36,9.0,1099
4223,18771,32607,2,79182.59,2021-07-21,48,5.25,953
4224,4878,15853,4,42033.55,2023-01-18,12,3.6,279
4225,8794,11447,4,55943.35,2022-02-23,48,5.49,1200
4226,4649,14035,4,99811.03,2022-08-16,12,5.72,896
4227,4404,25249,3,9454.02,2024-05-26,24,7.58,1686
4228,17770,23701,2,47435.07,2022-09-06,48,5.8,273
4229,16945,27943,1,14335.05,2023-09-07,60,6.93,837
4230,4801,9007,1,88740.27,2022-12-08,36,4.83,620
4231,5163,28699,2,10852.12,2024-03-26,48,4.54,1675
4232,17099,38957,3,87274.63,2022-07-13,48,7.17,862
4233,19660,23720,1,39656.2,2023-07-22,24,6.75,1807
4234,3594,20073,1,22833.99,2021-03-11,48,9.73,1883
4235,12519,28867,2,9583.48,2021-12-25,24,4.1,931
4236,2236,7586,2,94828.62,2021-02-09,48,8.22,289
4237,15578,30320,3,97147.99,2022-04-03,48,6.04,724
4238,5442,16618,1,98288.33,2022-06-18,60,8.19,893
4239,17143,19955,3,24067.79,2021-11-02,12,9.96,272
4240,12866,10765,1,62524.02,2020-10-24,12,3.33,1954
4241,12571,34745,2,88968.5,2020-09-05,24,3.23,1090
4242,11471,24305,2,67449.74,2022-12-08,60,6.13,483
4243,8920,21514,1,78795.07,2023-02-10,60,6.04,936
4244,10056,20430,1,75670.02,2023-01-03,60,9.7,248
4245,19160,26623,2,42880.29,2023-11-29,24,4.55,156
4246,9946,12937,3,74140.95,2023-07-21,12,7.04,1071
4247,13843,16579,3,32246.08,2021-02-04,48,4.59,1959
4248,19985,17568,2,52617.33,2023-08-05,12,9.4,454
4249,2560,33910,4,52121.43,2023-02-07,60,9.32,201
4250,15328,28417,2,86025.92,2021-01-02,60,3.95,1684
4251,7661,1685,2,41089.06,2023-02-03,60,3.68,124
4252,13934,15222,2,52094.67,2023-01-18,60,9.85,1
4253,14133,16360,3,7582.01,2023-12-13,12,6.51,968
4254,11661,13920,1,1627.22,2023-08-22,48,8.43,1783
4255,4260,5806,2,99244.37,2024-03-31,12,6.37,855
4256,9330,13678,3,89779.09,2023-06-22,48,7.67,640
4257,12234,8788,4,68827.57,2023-04-14,36,8.04,191
4258,2083,13256,3,18554.21,2024-01-24,48,8.67,1603
4259,4187,33223,1,97864.72,2023-01-14,60,9.53,516
4260,4451,10875,4,61092.62,2023-05-11,36,5.88,442
4261,15967,27646,4,99819.74,2023-08-22,48,7.63,1945
4262,10831,10323,1,64986.26,2024-01-20,12,8.04,1839
4263,8366,31491,3,13734.35,2023-06-07,36,5.5,1830
4264,9333,539,3,79075.34,2022-09-17,12,7.02,143
4265,4576,26124,1,54845.46,2022-05-14,60,7.84,1215
4266,17920,25175,4,93381.92,2022-06-17,48,3.99,533
4267,16480,13048,2,82077.42,2024-02-26,12,7.99,227
4268,11117,3389,1,49857.36,2023-10-18,60,8.75,1337
4269,13336,18821,4,11891.91,2020-10-05,24,9.77,1653
4270,18260,35580,3,11881.82,2021-11-29,60,9.69,949
4271,5177,16116,4,7293.44,2022-05-30,36,4.73,1326
4272,3188,37312,4,11755.5,2021-12-24,60,9.24,1678
4273,14759,36157,3,18886.1,2024-04-13,24,3.3,460
4274,9009,38603,2,17085.29,2023-04-07,24,4.03,1425
4275,873,23358,1,41863.61,2020-11-11,60,7.51,551
4276,5516,2754,2,72172.62,2023-08-15,36,5.72,393
4277,4219,32908,3,19355.27,2023-06-29,60,7.97,1891
4278,13525,3247,3,93393.09,2022-06-27,48,8.33,1788
4279,1808,6759,4,10864.8,2024-02-12,48,3.52,845
4280,12842,16592,2,24782.52,2022-11-06,36,4.34,1231
4281,13043,4914,2,54279.05,2024-01-12,36,5.29,210
4282,7261,3492,3,78596.89,2023-03-31,36,6.26,1139
4283,14499,17296,1,90448.87,2022-07-19,48,9.57,1761
4284,4008,15261,3,42654.82,2024-04-04,36,9.61,646
4285,7706,33088,3,3186.25,2021-05-15,24,5.2,1275
4286,10283,33585,3,72316.21,2022-07-02,60,3.5,219
4287,8260,2453,3,97205.94,2023-06-07,36,7.65,407
4288,532,5336,4,44380.52,2024-03-05,48,5.22,1467
4289,12150,34438,1,2648.65,2023-01-07,24,7.73,1627
4290,8335,2182,3,44416.17,2023-12-09,36,8.13,1378
4291,1865,20185,4,22808.68,2023-09-10,60,6.89,888
4292,19740,20042,4,60310.11,2024-06-03,48,9.57,558
4293,15091,38373,1,67188.98,2023-11-05,48,9.31,550
4294,12699,24803,3,68881.71,2023-03-17,60,9.18,142
4295,18920,32053,4,51981.98,2024-06-28,36,8.75,612
4296,14305,28716,1,40244.05,2021-05-30,48,8.76,501
4297,12058,15594,4,85555.91,2021-10-24,24,4.75,840
4298,66,12599,2,76968.98,2021-11-15,36,3.41,702
4299,769,10055,3,85384.52,2020-10-09,48,7.94,1571
4300,1892,12074,4,57046.35,2022-09-15,24,7.14,1683
4301,17263,24852,3,44662.38,2020-12-04,48,5.78,1566
4302,9351,16607,4,10506.95,2022-05-27,48,4.03,1870
4303,18407,25432,1,54768.32,2020-10-18,36,7.96,1531
4304,9410,8920,2,69726.64,2022-12-27,48,5.69,596
4305,14321,16263,1,37426.26,2022-01-23,36,5.07,1905
4306,9450,32643,2,5147.79,2023-02-19,24,8.76,281
4307,11056,27801,4,56135.47,2021-12-09,24,9.89,424
4308,7664,37466,1,59630.13,2020-11-04,12,6.5,856
4309,16814,22331,1,68516.09,2022-12-10,24,6.01,270
4310,6313,220,1,34493.56,2024-05-03,12,5.93,154
4311,5758,39815,2,34150.6,2024-04-08,12,9.43,614
4312,3002,14975,1,21890.29,2022-06-01,24,3.57,1751
4313,1704,6927,4,3937.3,2022-04-21,36,7.99,662
4314,5062,5461,2,31909.17,2021-10-05,60,8.71,1968
4315,17800,39300,2,65830.55,2020-08-07,24,3.73,83
4316,9538,10129,2,90160.13,2022-03-27,24,9.9,1646
4317,6845,27092,1,37514.62,2022-07-27,60,5.71,947
4318,3607,1180,3,43236.21,2021-05-18,36,7.43,899
4319,39,30901,1,71637.74,2023-08-09,60,7.26,1450
4320,18355,17891,4,85724.58,2022-09-24,24,3.56,1299
4321,9335,16993,1,90994.03,2024-05-14,60,5.04,1737
4322,7983,28578,3,34930.81,2021-08-28,60,9.27,284
4323,6921,30231,4,10898.84,2023-02-04,60,3.04,980
4324,11235,1833,1,44505.97,2023-05-08,48,5.27,173
4325,11597,35481,4,83081.01,2024-03-15,36,7.4,1351
4326,13409,36742,3,92653.56,2023-03-15,24,5.38,1742
4327,13949,5376,4,95858.77,2023-07-10,12,8.86,1087
4328,16391,29664,3,97714.61,2023-05-05,60,8.03,1097
4329,19701,1969,1,28070.94,2023-07-01,60,8.72,763
4330,2990,32182,2,82971.02,2023-05-24,24,9.69,1660
4331,5767,2838,2,65291.57,2023-05-23,48,6.73,1399
4332,16392,28495,4,31307.19,2024-01-09,24,4.11,633
4333,4928,32437,4,82804.94,2022-10-05,60,4.32,1532
4334,13731,4629,3,23915.63,2021-01-17,12,6.02,787
4335,1241,34711,2,38894.39,2024-02-03,36,8.85,943
4336,2112,20420,4,55462.15,2021-06-18,12,8.54,1012
4337,6538,4061,2,6606.59,2023-04-29,48,3.54,398
4338,6506,17168,3,87602.69,2022-03-13,12,9.78,1144
4339,1070,174,3,29608.67,2021-04-05,24,5.29,934
4340,1191,8522,1,74509.96,2023-03-11,36,3.98,1461
4341,3449,34191,3,34953.44,2022-03-31,12,3.02,1853
4342,7231,30080,1,89454.31,2021-01-31,60,4.89,676
4343,8084,13202,2,6810.0,2022-06-09,60,3.1,936
4344,19772,22311,1,25386.04,2023-10-09,36,7.35,465
4345,280,24757,2,35004.59,2022-10-06,24,3.85,286
4346,17593,18956,2,28206.42,2022-07-09,48,8.65,265
4347,4660,20493,1,81264.71,2023-11-27,24,7.4,320
4348,4589,18883,1,17275.4,2023-03-02,36,4.66,673
4349,15002,15276,1,68163.94,2020-11-22,24,8.1,1400
4350,2137,8033,4,18066.03,2021-03-07,48,6.22,820
4351,15840,15042,3,15155.47,2021-04-17,12,4.31,89
4352,19391,38695,2,46821.53,2021-04-24,60,7.33,1678
4353,16026,23153,2,67839.12,2020-11-12,12,9.99,1227
4354,7858,1745,4,35491.08,2022-07-11,36,8.08,821
4355,8677,32967,3,46258.51,2022-11-10,24,9.31,1763
4356,801,13353,3,24519.6,2020-10-03,36,5.57,1001
4357,13834,21204,1,94746.57,2022-05-20,24,6.52,1979
4358,797,14904,1,83697.86,2024-06-25,36,9.63,334
4359,2142,39004,1,48579.96,2021-09-30,12,6.47,222
4360,9005,37172,4,13060.39,2024-03-19,24,9.57,41
4361,7803,26358,3,78945.67,2023-04-28,12,7.49,1732
4362,9524,22339,3,19233.26,2023-10-01,24,5.95,68
4363,19394,34152,1,56669.47,2022-07-22,60,8.86,988
4364,8263,18118,1,5775.29,2022-11-10,48,8.53,1800
4365,8523,13657,1,24637.38,2020-12-04,36,5.04,514
4366,10680,4053,4,69460.86,2021-09-05,36,9.66,1897
4367,11934,9487,1,56750.7,2021-11-26,48,7.07,1661
4368,4839,25372,1,28889.66,2023-09-06,36,6.75,1646
4369,5177,16618,1,54476.03,2022-02-15,48,3.5,1622
4370,19256,14448,2,67395.11,2020-09-07,12,5.72,1961
4371,16782,21516,1,87489.15,2023-01-17,36,7.19,1656
4372,935,16895,3,8261.75,2022-02-13,12,8.84,1151
4373,7200,27814,1,40575.49,2022-11-26,60,6.62,1279
4374,11014,26707,1,2571.36,2021-03-03,24,6.21,695
4375,10452,38885,4,91607.34,2021-01-17,48,8.15,1040
4376,16537,31644,1,78808.47,2022-05-21,24,7.02,477
4377,6081,23541,2,72524.38,2021-01-03,48,7.02,1086
4378,15659,34902,4,64968.47,2023-01-05,24,5.39,881
4379,13900,39834,4,35324.48,2024-05-17,24,5.39,432
4380,1022,35685,1,78452.92,2021-06-10,60,8.16,1694
4381,4078,18658,2,65710.65,2023-02-28,60,9.51,268
4382,773,8998,1,1412.84,2021-05-01,36,7.2,1059
4383,8367,9873,3,92535.01,2023-04-03,24,8.08,779
4384,5468,37506,2,30385.48,2022-06-26,60,5.94,1600
4385,4319,12683,1,8507.99,2022-03-02,48,5.28,494
4386,12748,20050,3,98882.84,2021-05-19,60,4.08,1586
4387,7559,4098,4,21164.44,2022-05-11,36,4.84,1493
4388,5815,12016,1,15571.56,2022-05-14,48,4.79,1791
4389,14546,4362,4,91120.02,2022-10-31,12,3.28,661
4390,12908,15114,4,13954.08,2024-06-19,12,5.31,1349
4391,18462,20822,1,1184.94,2022-07-04,12,4.98,1328
4392,7509,9286,1,53195.3,2020-08-21,24,6.28,1300
4393,14202,34796,4,57207.1,2022-01-15,12,5.91,1893
4394,9795,7069,1,10908.05,2022-04-19,24,6.71,1987
4395,17824,35108,3,77888.88,2022-01-13,60,8.7,1708
4396,12295,24114,2,68238.1,2023-01-26,36,9.37,1953
4397,18238,14352,2,65541.5,2022-06-18,24,6.21,1013
4398,16934,33158,1,71223.14,2022-06-03,60,5.69,1225
4399,13281,26131,2,20730.58,2024-01-04,60,3.15,1469
4400,10381,20920,2,24978.56,2023-03-23,36,5.02,1929
4401,3581,4906,1,3040.37,2023-07-31,12,3.36,1348
4402,15402,7369,3,35010.36,2022-11-13,36,5.1,1059
4403,6986,34887,1,35585.25,2023-03-15,48,7.61,977
4404,15441,33415,1,59608.84,2020-11-13,48,5.16,482
4405,1613,17609,3,98048.07,2021-04-13,12,8.02,728
4406,19605,7487,1,94422.55,2024-03-07,36,7.94,480
4407,7936,39672,1,46992.65,2023-12-27,36,7.69,1089
4408,1618,25030,3,6940.46,2022-01-06,12,9.57,1032
4409,4985,36853,4,20220.12,2022-01-17,60,5.97,1325
4410,1066,1531,1,75495.9,2022-04-28,12,3.78,343
4411,15651,9104,4,82749.26,2022-10-21,12,6.58,1455
4412,15743,10612,1,86858.11,2024-01-08,24,3.93,1448
4413,6130,13268,3,67108.12,2022-03-06,24,3.73,332
4414,342,1625,3,55399.74,2023-05-15,36,3.05,438
4415,16771,17656,4,83999.8,2023-06-13,12,5.21,1612
4416,17186,18505,1,77647.3,2022-02-26,60,5.15,174
4417,2031,14447,4,74056.42,2023-08-07,24,6.34,559
4418,13514,37974,2,45558.48,2022-10-24,24,4.08,527
4419,12727,21580,3,28014.58,2024-06-08,48,8.77,1897
4420,13496,16028,1,9151.09,2022-06-23,60,8.86,659
4421,5009,38006,3,11364.06,2022-03-05,60,9.6,26
4422,4016,16966,2,63476.83,2020-11-19,36,3.91,820
4423,8604,2962,2,75203.47,2023-07-24,48,6.81,605
4424,12710,10298,1,4758.58,2023-11-20,36,9.32,406
4425,11895,28320,1,9420.23,2021-12-08,48,7.93,232
4426,19343,2712,1,75778.55,2021-03-01,12,7.04,533
4427,2226,20970,4,29151.41,2021-12-10,12,8.85,1843
4428,17141,30183,3,43868.0,2022-06-14,36,9.95,1574
4429,1952,14693,2,47679.02,2021-02-03,12,3.82,1812
4430,6368,35818,2,83488.13,2020-11-03,12,3.1,505
4431,13867,24,1,81514.19,2022-01-06,24,9.1,1693
4432,11346,29884,1,24109.23,2023-12-04,36,6.06,179
4433,2369,7121,4,33004.37,2021-09-17,60,8.73,132
4434,5477,14141,2,19210.73,2023-12-29,36,8.44,1847
4435,2130,4017,1,54374.47,2021-01-13,60,4.3,1479
4436,18225,15745,2,74115.04,2022-12-09,48,4.33,348
4437,3375,19535,2,63366.15,2020-10-03,60,5.04,540
4438,12610,7357,3,20674.7,2023-05-11,24,8.69,772
4439,1604,1684,3,23434.99,2021-09-07,48,4.56,1430
4440,19399,20413,1,39438.95,2023-05-18,12,6.31,76
4441,3778,8862,4,16667.24,2021-05-18,60,3.16,1965
4442,5977,13925,2,84907.88,2021-09-11,36,8.81,579
4443,19806,21025,4,3914.03,2021-04-30,36,9.25,854
4444,11966,34610,1,56833.68,2021-06-01,12,9.09,1516
4445,165,4644,3,66787.81,2020-12-20,60,3.79,194
4446,15061,12711,4,37219.02,2023-08-17,48,4.33,1186
4447,15017,22437,2,22711.05,2022-01-30,36,3.31,347
4448,7374,33617,1,99753.71,2023-02-08,60,5.94,951
4449,19615,23016,1,81389.6,2024-03-19,48,9.52,1385
4450,2732,8455,1,76598.64,2022-10-23,48,3.39,1793
4451,7896,27377,4,31181.24,2023-10-14,48,3.61,1608
4452,3912,11682,4,66096.8,2022-04-23,36,4.97,1111
4453,7215,24626,1,79151.27,2021-07-11,24,5.59,1958
4454,7819,21198,4,50313.22,2023-12-29,24,8.38,1286
4455,258,16686,1,73744.68,2021-05-13,36,9.8,214
4456,9249,14240,4,50726.39,2022-04-15,36,4.7,1689
4457,9244,569,2,74845.25,2023-10-07,24,3.76,1746
4458,3878,24924,2,31205.98,2021-01-23,12,4.26,1937
4459,6665,34698,4,56540.18,2021-02-15,36,5.43,573
4460,19687,30892,1,46918.93,2024-03-02,12,8.18,780
4461,14850,11200,3,35671.54,2020-12-14,36,4.53,262
4462,1018,25352,1,91523.68,2023-03-11,24,6.47,730
4463,19838,5838,1,34643.77,2022-09-01,36,8.6,283
4464,10819,6828,3,57112.05,2024-05-05,60,7.02,1672
4465,5036,21042,1,38238.56,2023-10-04,36,3.71,1491
4466,8723,16067,3,88250.45,2022-06-26,60,7.43,1404
4467,11874,29950,1,2274.49,2023-11-30,12,5.12,362
4468,8355,22970,2,79631.58,2023-04-29,12,9.25,1473
4469,5875,12424,4,5704.64,2023-01-03,12,4.26,441
4470,12459,19885,4,57314.2,2023-01-19,36,7.77,93
4471,13987,3283,2,54158.25,2021-05-27,36,7.81,1645
4472,19251,32788,4,7625.3,2022-06-06,12,8.07,753
4473,10871,26824,1,89731.38,2022-09-07,48,8.35,867
4474,3228,32156,2,52237.86,2024-03-11,24,4.14,1448
4475,166,13463,3,59766.92,2023-02-08,12,9.38,142
4476,3925,9746,2,27688.57,2020-09-05,24,3.98,1315
4477,5460,35518,1,92409.04,2023-05-15,48,6.89,1456
4478,7913,20571,3,53803.43,2023-07-30,60,7.65,749
4479,19142,37095,1,11954.4,2020-07-06,12,5.33,1876
4480,9269,10352,2,52281.59,2022-06-25,24,5.36,1848
4481,8098,1709,4,89742.13,2022-05-20,60,9.79,1713
4482,18991,37598,2,16304.74,2024-06-02,60,8.49,653
4483,16034,10764,4,57907.47,2022-05-26,48,7.89,701
4484,232,38438,1,69376.73,2022-08-06,48,6.26,998
4485,13076,38606,1,14006.71,2021-04-16,36,7.75,49
4486,11223,24334,3,67460.63,2023-11-02,36,9.74,1326
4487,9852,33383,1,27858.59,2023-05-11,36,6.98,881
4488,1495,22531,4,18138.88,2024-01-27,24,3.53,1214
4489,17205,16906,3,71928.68,2021-12-30,48,9.63,1160
4490,878,24520,1,70486.59,2022-06-29,12,9.35,555
4491,4195,12942,2,98277.5,2024-03-22,60,6.81,404
4492,11771,26854,2,61004.37,2022-04-11,12,3.68,892
4493,8508,38012,3,69050.73,2021-11-06,24,6.04,865
4494,4918,21752,4,98161.36,2022-03-19,60,7.42,602
4495,4562,37809,3,86873.95,2022-09-17,60,5.28,1831
4496,16738,20741,1,57422.43,2021-11-25,36,7.83,341
4497,18021,17904,2,94465.92,2023-01-27,12,4.6,1781
4498,11485,15632,4,71797.12,2023-05-22,60,5.77,1969
4499,17814,11947,1,1655.38,2022-09-01,60,8.62,704
4500,4544,35612,1,66539.0,2022-10-17,24,6.3,318
4501,17936,26384,4,27793.68,2023-10-22,12,7.49,618
4502,4769,28407,3,37834.78,2023-11-16,36,6.22,1387
4503,9740,10523,3,41690.03,2021-04-14,24,4.84,1846
4504,13722,13206,3,82968.96,2020-08-28,48,7.56,382
4505,17100,14370,1,35717.01,2022-04-27,48,7.93,233
4506,6310,10049,4,8769.54,2021-07-16,24,3.76,1801
4507,1592,39601,2,22555.89,2023-10-21,24,6.2,1368
4508,11306,15906,2,12110.3,2022-07-12,12,7.96,1573
4509,2247,12050,3,33093.15,2022-06-20,60,9.68,817
4510,1221,5889,1,74560.68,2024-06-22,48,8.44,553
4511,18077,17771,4,54047.66,2024-03-14,24,7.98,1553
4512,2834,25000,4,41063.75,2022-05-13,12,7.28,856
4513,13662,10848,4,1094.22,2022-06-04,12,3.67,1813
4514,9842,9299,4,19410.77,2023-05-19,60,8.15,819
4515,16062,11196,3,8332.64,2022-11-08,36,3.52,1595
4516,5850,10544,4,97432.04,2021-11-06,24,7.61,1959
4517,10746,26883,2,13363.55,2021-05-21,12,4.56,183
4518,48,10053,2,94997.13,2024-04-27,48,3.72,1065
4519,1419,3028,2,37794.3,2023-03-21,12,7.68,1575
4520,12968,21532,3,15099.84,2023-12-31,48,8.55,397
4521,12338,31811,2,84085.12,2024-05-03,24,4.06,1728
4522,2246,30586,1,70214.75,2024-06-22,24,8.94,779
4523,6579,38367,2,68014.4,2021-06-12,48,3.51,1518
4524,11853,29775,2,74131.62,2022-06-26,48,6.92,1683
4525,18887,35225,2,42620.62,2024-05-19,12,6.02,907
4526,19687,35132,1,72310.29,2022-12-03,24,6.33,1357
4527,17267,24756,4,92141.83,2021-04-05,12,9.3,127
4528,11647,13218,2,99079.01,2024-04-12,60,4.75,1582
4529,5152,16193,2,62572.07,2023-07-23,60,5.69,1581
4530,4722,9847,1,98281.66,2023-09-15,48,5.46,1
4531,10065,35168,3,53288.07,2021-04-26,36,4.33,1192
4532,18672,7050,2,81364.98,2022-11-04,12,3.04,1644
4533,17443,1625,1,42195.2,2021-10-07,60,7.85,19
4534,17958,20072,2,16815.38,2022-12-14,60,6.26,1356
4535,17472,26981,2,36645.34,2024-06-25,60,6.78,584
4536,19140,36218,1,68359.76,2024-05-31,24,4.13,456
4537,2181,218,1,6508.11,2021-07-04,36,9.97,957
4538,4667,13687,1,96332.91,2021-10-21,60,4.5,1133
4539,10547,9141,1,99185.18,2023-08-14,60,7.45,1292
4540,1374,21452,1,26477.94,2021-04-16,24,7.56,445
4541,5133,18538,4,32227.28,2021-10-23,60,6.93,1264
4542,12956,24176,2,89457.38,2023-02-27,24,8.54,1953
4543,17324,26134,3,19119.78,2023-12-31,60,7.91,1325
4544,18017,21406,4,36427.3,2020-11-28,48,5.94,602
4545,13285,13202,4,52182.23,2024-01-14,12,6.63,103
4546,557,6980,4,4965.99,2022-02-28,36,3.52,988
4547,18063,10292,1,9059.16,2024-02-03,60,8.59,1274
4548,5847,887,2,24953.32,2024-04-03,48,3.97,1477
4549,9500,21957,4,57563.21,2020-11-05,24,3.56,520
4550,4110,14621,3,72849.19,2023-03-10,48,7.14,1177
4551,8825,38446,1,83941.76,2022-02-01,36,9.31,859
4552,12753,32082,3,90431.86,2023-08-26,60,6.6,174
4553,19846,39691,1,66499.53,2022-05-31,60,7.31,1367
4554,1613,39669,2,45653.95,2021-07-10,48,9.64,1694
4555,15944,8146,3,26834.87,2023-02-26,36,9.32,1005
4556,6749,21165,3,26293.34,2024-03-31,36,8.63,431
4557,532,5166,3,73080.87,2020-10-02,12,8.04,727
4558,10215,26129,2,36930.56,2024-04-24,12,5.38,1713
4559,9355,39976,2,17939.86,2023-06-19,60,5.79,1711
4560,15260,3705,3,19722.04,2023-05-11,36,6.03,1876
4561,5616,13359,3,81999.76,2024-01-30,36,7.41,850
4562,18453,31892,3,70716.48,2022-02-12,36,4.57,1682
4563,2747,4106,2,32710.93,2022-05-17,60,6.26,1986
4564,10623,16909,2,21432.52,2021-01-19,36,9.7,1348
4565,18511,29921,1,58286.0,2020-10-14,48,4.18,990
4566,2834,14159,4,44046.37,2021-08-20,60,8.78,1697
4567,8146,24479,1,16489.13,2022-11-16,24,3.79,639
4568,6832,37216,3,45658.25,2023-10-29,12,9.32,420
4569,19671,19419,1,75805.79,2022-12-29,36,8.97,594
4570,17836,12292,4,32634.0,2021-08-13,12,7.4,485
4571,11447,39185,1,84471.36,2021-10-28,48,4.66,1683
4572,3579,17189,2,64400.54,2023-06-29,24,3.38,1775
4573,15752,34303,3,26692.86,2022-03-09,36,5.21,412
4574,1612,37741,1,9823.52,2020-09-24,36,4.79,936
4575,13315,15942,4,86626.06,2020-12-05,60,8.09,1108
4576,9133,12621,2,14423.37,2022-06-22,24,5.83,1137
4577,12824,35284,2,3854.89,2021-04-16,24,4.31,1761
4578,15728,32785,3,77700.76,2022-01-08,48,5.0,332
4579,7994,33490,3,24055.5,2024-04-03,60,7.4,1402
4580,9191,26090,2,37392.91,2021-02-13,12,9.28,1779
4581,8532,4220,4,71260.9,2021-07-31,36,8.63,655
4582,9791,24874,4,74597.09,2022-07-04,48,3.96,41
4583,13547,21720,1,68524.39,2023-01-28,60,6.0,1959
4584,18839,17528,2,78924.78,2022-03-24,48,9.8,1794
4585,16609,27559,2,26818.47,2023-08-07,60,3.71,959
4586,12915,16434,1,56764.08,2023-11-22,36,8.51,1821
4587,2045,17642,4,12151.2,2023-05-27,12,4.38,105
4588,5936,21886,3,37849.95,2020-09-26,12,7.88,202
4589,10442,34734,2,80676.83,2020-11-20,60,3.27,450
4590,12913,24136,2,87843.34,2020-07-08,12,9.5,1843
4591,10919,10723,3,61949.31,2021-09-12,24,4.57,1867
4592,16167,33613,1,86927.4,2022-08-13,60,6.97,1997
4593,9850,13772,2,2375.92,2023-11-23,48,3.65,1290
4594,14406,5860,4,50393.79,2020-09-27,12,7.66,910
4595,8617,18866,2,89510.41,2023-08-16,48,7.96,210
4596,18070,30465,3,32708.2,2021-11-14,48,9.82,563
4597,19295,171,3,6185.06,2022-12-06,60,8.83,1142
4598,1411,23858,4,78002.33,2020-11-15,48,7.62,713
4599,19400,8105,4,55975.09,2022-08-03,60,5.82,1401
4600,15280,28821,4,4803.32,2020-11-29,60,3.75,1575
4601,9073,24890,1,35968.63,2021-03-28,36,5.47,1564
4602,9000,20308,4,69737.11,2021-08-31,12,4.96,771
4603,13594,8820,4,89522.24,2022-03-30,24,6.6,1108
4604,11595,4750,4,14157.39,2021-04-02,48,4.22,454
4605,3448,32055,3,48428.19,2023-03-25,24,6.89,667
4606,4330,9767,3,33907.58,2020-07-16,24,3.62,629
4607,6116,12438,4,15252.99,2024-04-01,48,3.74,1538
4608,19477,4954,3,25665.8,2021-07-21,48,7.55,1629
4609,3075,2403,2,2314.08,2021-04-07,36,5.71,1702
4610,9663,6885,1,72483.91,2024-01-12,60,9.56,387
4611,18084,34317,1,32789.25,2023-05-18,36,3.14,1936
4612,9624,19661,3,49701.27,2022-11-27,60,4.23,1374
4613,6317,29354,1,36648.94,2022-10-07,48,6.79,296
4614,9628,31795,2,29177.85,2023-12-15,12,6.34,258
4615,13104,19582,1,37979.05,2021-04-24,36,9.13,1105
4616,14507,4926,4,75111.08,2022-08-23,60,7.12,1961
4617,13562,9552,1,72467.72,2020-08-01,60,7.22,268
4618,5768,35870,1,92871.95,2021-03-20,48,7.33,419
4619,18773,9602,4,45679.15,2021-11-14,24,9.82,235
4620,397,30028,4,88172.12,2023-12-13,12,8.47,1857
4621,6243,6068,2,90208.88,2022-11-15,24,6.47,1335
4622,2842,32614,4,67006.49,2023-11-10,60,5.97,1837
4623,18182,29216,1,21748.62,2021-11-30,24,3.69,1999
4624,17904,34011,4,16893.83,2024-04-09,60,8.99,986
4625,3405,36014,1,85029.93,2021-03-16,24,9.32,1381
4626,6157,20998,2,50375.25,2023-04-08,36,7.92,1237
4627,7873,16773,1,62064.5,2023-04-10,12,8.87,574
4628,9970,14170,3,84343.32,2023-06-07,48,3.6,49
4629,14310,8012,4,52598.53,2021-11-10,12,6.42,1151
4630,19138,23700,1,67975.47,2021-09-27,24,7.37,223
4631,8048,23146,2,6511.74,2021-10-09,48,8.3,921
4632,8046,19607,4,32489.04,2021-09-21,60,5.43,1303
4633,4412,25566,4,24254.87,2022-07-21,60,4.7,1432
4634,222,16407,3,56597.15,2023-07-12,24,3.88,1529
4635,13802,16363,2,2254.69,2021-06-06,60,8.81,1318
4636,7189,29346,4,42374.45,2023-05-23,12,6.98,1820
4637,2237,15151,1,4010.66,2022-02-01,48,8.33,277
4638,3063,19997,2,75416.02,2022-11-28,24,7.63,1462
4639,19177,37939,4,89979.04,2023-10-20,48,3.28,1131
4640,10322,34510,3,38356.29,2023-01-26,24,9.43,1682
4641,831,34814,2,45828.78,2020-11-23,24,4.82,420
4642,4310,1732,3,26467.21,2021-02-08,36,7.84,611
4643,3959,22184,4,76943.7,2024-02-27,36,6.83,1453
4644,15388,28885,4,37973.3,2024-01-24,60,7.45,375
4645,5153,10585,2,44747.19,2021-10-26,12,7.55,73
4646,11547,37724,1,57318.91,2020-07-26,60,3.28,1973
4647,1160,36357,2,91759.43,2024-06-14,60,3.29,1658
4648,9162,34107,1,97348.47,2021-02-17,24,7.17,1054
4649,1476,20622,2,66943.45,2021-09-26,24,4.46,1212
4650,18823,29848,4,8895.53,2023-03-01,12,5.84,1388
4651,3373,36941,4,60525.64,2022-06-15,60,6.02,1890
4652,10209,22357,3,76192.13,2024-02-15,48,9.27,1824
4653,17473,2741,1,3731.2,2021-05-05,24,5.5,1475
4654,852,39236,2,59461.15,2022-12-18,24,6.59,195
4655,8259,21856,2,76425.5,2022-08-29,36,7.33,1180
4656,5293,15130,2,83621.82,2023-09-06,60,6.51,1196
4657,1933,31478,1,90289.42,2020-12-22,60,6.74,847
4658,19491,1773,1,58554.3,2022-02-11,24,8.47,1065
4659,17449,3704,1,74109.3,2022-09-18,24,8.25,1087
4660,3813,19692,1,41781.48,2021-08-12,48,7.89,23
4661,10493,26328,2,99308.42,2022-04-11,60,9.95,360
4662,1591,9933,2,39602.66,2023-03-30,12,9.51,1099
4663,6191,5997,2,76280.76,2021-02-01,24,8.14,560
4664,4355,28915,3,27269.08,2022-12-22,36,6.64,672
4665,8979,32088,3,75782.39,2024-02-20,36,9.37,1849
4666,16178,4289,2,92842.71,2023-09-11,12,5.34,1142
4667,16332,34577,1,30159.25,2020-09-16,12,3.84,1636
4668,12170,25976,4,31483.68,2021-06-11,24,5.0,1404
4669,10226,22941,2,86352.43,2021-09-17,48,6.2,1953
4670,8297,1778,1,92695.01,2024-06-22,48,7.06,1944
4671,947,14175,3,97858.55,2020-11-20,24,4.16,679
4672,775,16464,1,21552.52,2023-06-18,60,9.18,1314
4673,7154,3084,4,28969.59,2023-05-10,12,5.74,440
4674,6712,17802,3,83293.77,2021-04-15,60,5.2,1692
4675,15089,30905,2,2744.41,2023-11-26,12,8.11,933
4676,16890,9005,4,31509.08,2022-11-19,24,5.52,7
4677,18576,7210,2,23485.36,2021-04-05,48,6.23,1220
4678,15816,26679,3,69351.04,2024-04-07,12,8.69,421
4679,8082,30277,1,29063.36,2023-03-26,12,8.12,1592
4680,2176,37671,1,2944.74,2020-10-15,48,7.97,833
4681,3831,4152,2,82901.75,2023-08-25,36,8.48,1217
4682,10062,37912,3,93452.96,2021-12-08,48,3.07,559
4683,7076,29883,4,5548.71,2024-01-26,12,8.99,1172
4684,167,39855,1,88603.08,2023-06-07,24,6.25,1811
4685,12597,10010,3,73173.5,2022-09-15,12,5.08,1693
4686,901,22448,3,70714.64,2022-09-09,12,9.28,1226
4687,11963,13719,3,62040.55,2022-09-06,12,5.49,1468
4688,10076,32029,2,18342.79,2022-11-29,48,4.82,914
4689,2520,1923,4,39822.96,2023-05-31,36,4.26,1443
4690,15716,30584,3,85218.42,2023-11-23,60,5.06,1451
4691,15323,12739,4,23917.08,2020-08-30,48,3.26,1007
4692,11398,14839,4,88753.33,2021-10-19,48,8.98,1503
4693,10549,19902,2,78764.93,2022-01-05,48,9.72,1499
4694,17969,1304,4,75802.09,2021-02-12,24,8.96,126
4695,1863,11204,1,54209.05,2024-02-09,24,7.11,395
4696,19997,24074,4,84238.26,2022-09-03,36,3.72,817
4697,19896,22938,2,43168.81,2022-07-22,24,3.67,881
4698,17092,15105,3,96189.02,2023-10-15,36,5.07,1830
4699,1115,37987,1,78286.26,2022-01-11,24,7.26,576
4700,7381,39361,2,28768.05,2022-11-05,12,5.58,325
4701,8774,23905,3,6158.23,2021-06-23,60,8.04,1416
4702,18075,35368,1,5619.34,2023-03-04,48,5.18,930
4703,658,21529,2,19982.74,2024-05-17,12,9.45,1712
4704,1728,13141,4,97882.68,2023-02-15,60,8.86,1652
4705,6030,10470,1,91536.98,2021-11-05,60,3.08,1464
4706,2354,36392,2,44735.21,2021-09-02,60,9.57,1228
4707,19534,20151,1,62003.1,2023-02-17,36,9.05,1510
4708,1457,10673,4,69154.67,2022-02-28,24,8.62,833
4709,9202,27623,2,11002.9,2020-10-17,36,3.31,1055
4710,3212,6435,3,50956.76,2021-11-18,24,5.26,1412
4711,19203,29855,2,23751.11,2020-09-29,36,4.97,1649
4712,9630,18046,1,92262.11,2024-05-10,24,9.03,1901
4713,1140,22941,4,22796.6,2021-06-08,12,4.15,1458
4714,14686,9201,3,24516.21,2023-12-23,48,8.92,837
4715,17247,30687,4,43268.18,2022-05-14,48,7.75,926
4716,9162,38692,2,68031.0,2023-05-31,60,8.48,1400
4717,13456,6139,1,14132.08,2021-12-01,12,8.01,1368
4718,3389,38398,3,48537.52,2023-12-20,60,7.38,443
4719,9053,28891,2,99689.11,2021-03-01,12,6.92,1603
4720,15772,436,2,67391.21,2021-10-14,36,3.18,75
4721,17789,14181,2,94629.02,2022-03-21,24,8.21,557
4722,13446,12943,3,74466.81,2021-12-20,36,9.75,1796
4723,2385,2836,3,86440.02,2020-08-30,12,9.94,1690
4724,9219,19070,2,98925.14,2021-10-07,60,3.06,1179
4725,12664,12474,3,96840.38,2023-10-27,60,8.8,1454
4726,12351,34051,2,26205.19,2020-12-29,36,8.55,363
4727,1617,26888,3,72555.8,2022-08-09,12,6.27,448
4728,17024,23288,4,98631.62,2022-07-24,12,3.57,1258
4729,1399,38876,3,99013.63,2021-01-27,36,4.83,1587
4730,18426,8106,4,86185.16,2021-08-22,60,6.71,1842
4731,2929,33417,4,5497.55,2022-05-19,24,5.05,262
4732,5189,8858,1,3805.25,2023-04-20,36,8.78,1851
4733,7323,23495,1,61698.69,2024-03-28,48,5.15,125
4734,16622,13145,3,16700.77,2020-12-18,24,6.45,911
4735,19677,26990,3,49509.39,2024-05-14,24,9.41,245
4736,2747,4060,1,1871.86,2023-01-13,36,3.26,542
4737,16850,28282,2,94787.36,2021-02-05,36,7.96,1962
4738,11487,25629,1,35420.89,2023-04-30,36,3.91,485
4739,4578,37535,3,37258.91,2021-08-16,48,3.63,122
4740,17915,26361,2,88780.75,2024-03-03,48,8.03,125
4741,14931,31496,3,80068.58,2023-11-22,24,8.17,1573
4742,3083,6148,1,13597.08,2023-03-05,48,9.62,170
4743,16605,14156,1,89926.0,2020-10-05,48,9.48,124
4744,17625,24423,2,95473.59,2022-08-09,60,5.61,1893
4745,11582,13620,4,85890.57,2021-02-05,12,3.03,1059
4746,7235,29490,3,81125.69,2021-03-08,12,5.39,1111
4747,10716,22095,2,44388.22,2023-09-11,12,5.49,646
4748,5006,2435,1,60481.05,2020-10-03,36,9.12,1732
4749,10222,19331,1,64410.29,2022-10-20,48,6.06,786
4750,4897,347,2,15152.39,2023-04-03,48,4.06,201
4751,12601,15864,3,77260.67,2021-06-22,36,8.52,369
4752,12598,24514,2,18070.02,2021-03-11,60,7.57,797
4753,196,22264,1,19867.64,2022-06-17,24,3.59,77
4754,11396,31491,1,47373.97,2024-01-18,60,3.07,59
4755,1760,29492,3,21248.94,2023-11-15,24,5.06,431
4756,18930,28465,1,98488.61,2021-11-19,60,6.27,638
4757,7129,4946,4,42399.47,2024-03-26,24,5.12,1524
4758,3095,23068,3,16193.69,2023-03-01,24,5.99,1937
4759,2203,865,1,4152.7,2022-02-04,36,7.87,109
4760,19169,32309,2,2349.66,2022-10-31,36,9.35,1760
4761,12856,36090,1,76367.32,2021-08-18,12,4.11,1008
4762,13446,26661,4,79920.94,2022-04-30,48,9.7,1302
4763,1928,25715,2,59339.37,2022-12-31,24,6.12,68
4764,10065,39456,2,89680.55,2021-05-16,60,4.61,1093
4765,6322,12899,1,48968.94,2021-10-15,12,9.53,1189
4766,7688,31266,2,3167.93,2022-08-24,36,8.16,1513
4767,562,4933,4,11183.37,2023-09-28,60,3.86,305
4768,3737,25886,1,82413.12,2022-06-15,24,7.35,1933
4769,12736,30843,4,17389.41,2024-04-22,48,3.92,674
4770,9349,5859,3,96034.92,2020-08-26,60,3.44,365
4771,1577,28460,3,99127.1,2020-10-01,60,3.36,1878
4772,4550,38372,2,61594.69,2022-07-26,12,5.03,821
4773,19774,27335,2,80331.21,2021-10-09,48,6.42,1403
4774,2284,20460,4,63140.96,2021-12-08,36,4.04,343
4775,7703,24406,4,27064.68,2022-12-11,24,3.85,947
4776,13588,13382,4,55634.04,2020-10-25,36,7.07,899
4777,408,31618,4,9792.18,2022-04-01,48,3.39,1578
4778,10414,6894,4,57658.56,2023-02-24,60,7.85,1378
4779,18434,36768,4,17244.13,2021-05-09,24,3.61,1440
4780,19459,30347,1,85542.61,2021-10-13,12,9.01,1133
4781,18321,1980,4,8936.3,2023-01-21,24,5.61,1587
4782,11578,25672,2,2804.51,2024-05-29,60,3.46,762
4783,10922,12754,4,57028.67,2021-12-30,36,3.99,1521
4784,15895,17507,4,94425.79,2023-06-03,24,9.53,341
4785,8554,35621,4,42230.52,2021-04-18,24,3.17,942
4786,16086,29336,1,6147.14,2024-01-09,24,4.92,383
4787,7604,2008,1,37280.07,2021-11-17,24,7.55,1004
4788,6353,38831,1,5637.31,2021-11-18,24,8.03,1557
4789,6779,66,3,50769.74,2022-03-19,12,9.61,300
4790,5731,19239,3,78978.4,2022-12-21,36,5.3,139
4791,19097,3855,3,73607.6,2021-12-10,24,5.78,359
4792,16355,10807,2,7904.4,2024-06-22,24,9.04,836
4793,11506,5871,1,34842.02,2022-12-15,36,3.03,1523
4794,5761,4158,3,74743.04,2024-02-21,60,8.67,1409
4795,5492,23277,4,94994.28,2022-09-18,60,8.78,1628
4796,12675,31739,1,14822.07,2021-05-18,12,7.24,1983
4797,12922,31724,2,40036.41,2021-05-06,60,6.73,1304
4798,1343,1455,3,2352.78,2021-09-17,12,7.97,1661
4799,16601,33339,3,7737.86,2024-06-10,24,9.32,483
4800,10845,35193,3,81896.63,2021-02-20,12,9.64,909
4801,6766,39597,4,73946.08,2023-04-17,48,6.07,1135
4802,11360,29600,2,84878.73,2023-12-15,12,4.2,866
4803,19886,11967,4,71152.51,2023-01-06,36,5.24,139
4804,591,14910,4,60699.56,2023-02-05,36,3.81,996
4805,4144,14945,3,29950.44,2022-05-05,60,4.36,435
4806,16359,24010,3,30113.96,2020-07-07,48,3.36,509
4807,19234,26417,2,15909.05,2021-04-15,12,4.11,273
4808,6317,39598,3,76972.66,2020-08-08,48,5.54,1123
4809,15167,9,3,27433.62,2021-05-07,36,3.05,1788
4810,15913,16292,3,17044.5,2020-08-15,36,8.3,1874
4811,9283,39613,2,26882.77,2022-07-29,48,4.85,104
4812,19966,1200,2,19523.05,2024-04-27,24,6.38,1238
4813,2825,289,3,9202.85,2022-08-13,24,6.39,1785
4814,8380,23768,3,79067.82,2020-10-07,12,6.46,1688
4815,396,36521,2,20728.41,2020-09-23,48,8.07,762
4816,19470,5565,1,81026.45,2023-06-07,12,5.08,787
4817,14167,31203,1,49656.64,2023-01-06,24,6.05,165
4818,6109,34355,2,43475.14,2023-10-19,24,7.3,999
4819,19723,5226,2,82820.12,2021-10-20,12,3.6,1877
4820,17952,32234,4,50983.58,2023-07-30,12,3.49,520
4821,12653,36778,4,72580.25,2022-04-01,60,8.68,1308
4822,10803,1450,4,84915.61,2024-06-15,36,7.55,517
4823,18761,8982,4,93792.03,2020-07-14,12,5.59,657
4824,8320,35319,4,23220.71,2022-06-22,12,8.26,613
4825,16116,15505,3,83955.3,2024-04-25,60,5.95,164
4826,14595,25012,4,80012.47,2021-03-11,24,9.76,1910
4827,901,16297,1,97415.06,2021-07-16,36,7.2,1683
4828,15739,12924,4,94988.76,2024-06-03,48,6.57,64
4829,14864,12418,2,66749.45,2021-02-15,36,9.38,1115
4830,7951,32366,4,25078.09,2021-10-31,12,5.61,1141
4831,5222,25244,4,29741.06,2024-05-28,36,6.0,1890
4832,544,3561,4,67576.7,2021-01-27,24,8.44,267
4833,224,13450,4,79035.74,2022-05-06,48,5.02,1846
4834,59,18536,4,50500.48,2022-12-01,48,4.28,1709
4835,13574,693,1,83795.68,2020-07-11,12,9.69,1583
4836,9589,2000,2,34438.74,2024-01-14,24,3.14,1164
4837,13471,34964,4,89932.36,2023-01-09,36,8.36,246
4838,14189,18826,1,61452.32,2022-03-16,12,9.67,1685
4839,19668,14507,1,11418.68,2022-05-31,12,4.7,1782
4840,3637,9825,4,43718.99,2020-08-16,48,4.61,395
4841,11735,29759,2,25963.02,2022-02-27,24,5.36,1511
4842,8775,18850,3,26595.4,2020-12-24,36,6.42,476
4843,15706,16080,4,91280.57,2021-12-19,36,6.74,1541
4844,18241,26123,1,12138.19,2022-12-16,36,3.59,977
4845,9639,39042,4,81658.77,2023-02-25,12,9.46,1208
4846,16963,159,3,24383.12,2024-04-26,60,9.35,1044
4847,17029,5001,2,82095.59,2023-07-29,12,8.2,1961
4848,14880,21405,3,41403.59,2022-09-08,12,5.88,558
4849,16982,35736,1,24734.33,2023-06-11,24,5.54,1018
4850,19313,24677,4,40120.82,2024-05-26,12,6.09,1548
4851,8345,37017,2,83705.71,2021-09-09,48,6.62,1606
4852,8741,19252,2,87789.66,2023-10-25,24,5.79,1553
4853,6563,28898,1,32390.55,2022-06-25,36,3.12,883
4854,14516,18439,1,17354.61,2020-09-30,24,6.91,147
4855,7745,17604,1,25437.55,2021-01-03,36,8.39,666
4856,7170,10025,3,90970.67,2024-03-17,60,7.84,1328
4857,14478,16750,4,81901.3,2020-08-12,36,5.68,620
4858,18984,21755,2,57781.74,2022-01-24,60,3.55,1772
4859,15009,26977,2,31911.31,2020-12-19,36,6.21,820
4860,1044,23647,3,65410.11,2023-11-28,24,6.07,864
4861,1476,4417,2,45771.21,2023-06-11,12,5.09,582
4862,16491,3814,2,23222.52,2023-04-04,24,9.42,1023
4863,11705,3565,2,46886.91,2021-04-08,24,7.79,695
4864,12641,9486,3,14185.27,2021-09-30,36,8.15,1786
4865,4446,35744,1,58307.98,2024-01-25,12,7.12,1252
4866,13665,36469,2,66940.75,2020-09-10,12,9.27,1126
4867,14108,10648,4,49689.95,2024-03-03,12,6.48,1611
4868,1245,29148,3,19041.12,2024-05-20,12,6.33,1441
4869,3865,38745,3,29318.73,2023-03-10,48,4.58,1982
4870,18501,33161,2,80512.46,2022-06-24,12,7.22,1240
4871,8591,16331,4,40998.89,2022-04-03,24,6.53,407
4872,16133,26886,4,13600.11,2023-09-12,48,8.04,399
4873,14318,804,1,20918.79,2020-07-25,24,5.04,1947
4874,19379,30820,2,54286.3,2021-11-18,48,8.29,715
4875,14626,27822,4,99342.91,2021-04-15,60,9.31,704
4876,9358,16343,3,41622.21,2022-03-25,36,5.61,761
4877,9028,26897,3,42760.31,2020-11-02,36,9.56,499
4878,18381,2749,4,39540.86,2023-09-17,60,6.85,1778
4879,7387,15296,3,90079.56,2023-07-01,36,4.88,1489
4880,12550,33132,1,95152.94,2023-07-09,36,4.02,1715
4881,6219,21296,4,30976.12,2023-11-02,24,8.98,1973
4882,5211,16986,4,41709.74,2024-05-30,60,4.55,974
4883,9491,2511,4,39335.03,2021-10-21,24,6.08,1755
4884,16964,28927,4,61777.77,2022-11-08,24,5.62,82
4885,8788,4512,2,55477.05,2021-12-25,24,4.41,604
4886,11120,33250,2,87268.58,2022-02-26,48,5.05,1971
4887,7863,22865,1,88888.22,2024-02-03,36,5.26,1711
4888,19493,39301,2,88350.98,2023-09-16,36,5.88,1775
4889,9530,37365,4,21603.45,2021-07-13,36,9.68,772
4890,15496,19980,1,51327.75,2023-12-29,48,3.92,903
4891,16384,31359,3,9740.71,2023-04-01,12,4.64,365
4892,16971,28203,3,59298.16,2024-02-22,60,4.41,163
4893,7585,33238,4,74408.19,2022-12-08,12,3.4,1072
4894,6048,24024,2,81305.31,2020-09-28,48,5.54,511
4895,156,11444,2,34853.37,2020-07-31,60,6.69,1353
4896,8447,9164,1,74097.52,2023-05-19,12,7.03,1864
4897,12908,37428,1,67188.11,2024-06-23,24,9.41,116
4898,15343,8944,2,59757.53,2021-02-12,12,8.82,941
4899,19874,14138,3,61102.8,2023-08-04,48,6.36,1873
4900,1129,9630,4,45549.14,2020-10-19,12,6.84,337
4901,15907,23556,1,33076.01,2022-09-16,12,6.34,881
4902,3784,29054,2,13535.21,2022-02-11,36,9.28,737
4903,2160,36275,4,36428.95,2021-07-10,48,5.83,1888
4904,14225,21076,1,82252.6,2023-05-15,12,7.86,840
4905,8176,30903,1,78790.48,2023-12-23,60,6.22,147
4906,11586,13442,4,86231.24,2022-09-05,36,8.93,1599
4907,10690,30764,2,55932.78,2020-08-08,12,7.77,1830
4908,6321,4689,3,55120.7,2023-04-07,24,9.2,1347
4909,12812,13290,3,98267.87,2024-06-08,24,3.6,443
4910,5564,5574,4,54391.78,2021-02-25,60,5.12,837
4911,2802,18600,4,39898.27,2020-09-19,48,9.18,1037
4912,19924,12076,3,59152.79,2021-03-02,48,7.84,943
4913,8055,32481,4,32949.2,2021-11-22,36,3.33,1518
4914,9451,8925,4,12121.3,2022-04-06,60,3.6,1725
4915,19651,36396,3,38754.67,2023-08-09,60,4.16,287
4916,340,24363,3,57605.23,2023-11-06,12,3.16,720
4917,8227,28713,1,18205.29,2022-07-27,48,7.79,1138
4918,7370,23549,2,17393.23,2022-03-25,36,4.84,480
4919,7752,36441,2,86952.54,2021-01-02,48,3.64,22
4920,18141,22247,2,27657.36,2022-08-28,48,5.18,1373
4921,812,14523,4,9081.39,2021-02-19,12,4.92,1750
4922,3367,19589,2,80108.49,2023-03-06,12,5.56,683
4923,17449,17232,3,62592.39,2022-07-03,60,9.51,1859
4924,19600,13780,2,87822.51,2020-12-10,12,4.34,1590
4925,19318,27192,2,59736.97,2021-12-03,48,9.89,906
4926,15712,39761,2,6867.99,2023-01-19,12,3.21,1834
4927,10024,12084,2,53739.01,2022-09-21,36,4.58,320
4928,13141,13956,3,43955.5,2020-08-03,60,5.77,126
4929,17407,15854,1,82070.42,2022-10-29,24,7.28,277
4930,4872,22177,4,37069.85,2020-07-24,24,4.44,2000
4931,9938,8839,1,37662.3,2020-11-19,24,7.78,1228
4932,8240,2704,2,72932.62,2022-10-19,48,8.96,194
4933,12881,33336,2,53600.02,2023-01-30,12,3.73,1705
4934,14481,33488,3,46399.24,2020-12-29,24,5.61,1688
4935,4364,27073,3,14593.81,2023-08-18,48,4.88,1571
4936,15701,39931,1,88399.25,2023-09-23,24,4.26,696
4937,4018,24099,2,49045.65,2021-07-27,36,3.4,1310
4938,12449,39173,1,54294.37,2022-01-06,36,6.37,57
4939,11013,25827,1,30654.72,2021-05-01,24,9.56,1758
4940,5232,32143,1,8252.11,2024-03-29,12,5.46,1327
4941,9166,34370,2,6249.66,2021-08-09,48,7.28,1187
4942,15636,13179,4,25604.69,2022-09-13,24,7.94,19
4943,13635,22036,2,20542.82,2021-05-11,12,9.92,1394
4944,16996,11750,3,98630.39,2021-11-27,24,7.3,264
4945,10314,34064,1,10347.01,2024-02-25,12,7.17,794
4946,12862,29123,2,68276.79,2024-06-05,12,7.42,113
4947,3023,32198,1,15719.15,2020-12-17,48,4.9,1512
4948,1743,3376,2,69028.82,2022-04-13,48,7.64,1351
4949,17268,11005,2,41103.72,2024-02-06,60,6.25,542
4950,13178,23829,4,51485.13,2022-02-13,12,6.64,647
4951,6087,24015,2,7149.87,2021-12-24,48,3.32,579
4952,1176,13105,1,78050.57,2021-03-18,24,6.32,1089
4953,11989,12344,2,91529.78,2023-02-17,60,4.76,1316
4954,2358,30308,4,19367.24,2023-05-07,24,5.46,25
4955,15839,33219,3,21274.71,2020-10-13,60,4.79,1573
4956,13836,11865,2,80981.35,2021-01-10,60,4.59,1
4957,508,33482,2,38662.52,2023-02-01,60,3.08,911
4958,2007,7664,4,6697.05,2021-07-21,48,4.58,1573
4959,17594,36463,2,65798.87,2020-11-07,60,5.1,141
4960,17804,31812,4,97186.95,2023-02-21,60,8.29,1768
4961,7915,16499,2,82697.72,2024-03-11,36,6.78,648
4962,1288,14148,2,10700.01,2024-05-06,48,6.66,1925
4963,9819,2498,3,64017.16,2023-03-24,24,7.41,188
4964,19789,20697,4,80494.97,2024-03-07,36,4.58,1152
4965,10027,39172,4,95045.07,2020-07-13,60,7.19,201
4966,13974,34260,1,40296.46,2020-07-27,60,9.91,1151
4967,4953,214,4,50888.67,2022-10-18,36,3.82,257
4968,6441,15716,2,43870.98,2023-04-19,36,3.79,1700
4969,3425,31990,1,10034.34,2021-02-17,12,9.43,547
4970,2586,21368,2,59486.69,2022-10-05,12,3.18,194
4971,8727,31960,1,47766.7,2023-09-21,36,4.1,703
4972,8743,13526,1,46296.31,2022-10-03,60,9.39,1128
4973,13545,35657,1,80541.48,2022-11-02,48,9.12,1559
4974,7418,3039,2,43622.43,2023-10-25,12,9.4,1289
4975,19503,17761,3,44519.52,2022-07-19,48,4.66,802
4976,18652,4391,4,55757.4,2023-11-17,24,7.13,942
4977,12008,23115,4,31428.16,2021-12-27,60,7.87,1998
4978,16249,483,4,32767.43,2021-03-14,60,4.69,1408
4979,7920,37552,1,85284.32,2023-07-14,60,4.14,1284
4980,6919,16428,1,55963.35,2024-01-07,36,8.93,414
4981,13543,20725,2,7117.96,2020-11-26,60,5.05,1382
4982,19489,3428,4,9908.23,2021-12-12,36,4.89,1099
4983,6576,3965,1,34215.02,2023-04-12,24,5.84,1379
4984,6251,14990,1,81821.15,2022-06-01,60,9.78,1608
4985,12376,16648,3,40187.33,2023-09-12,24,6.66,1795
4986,4576,25197,1,83465.71,2024-05-03,60,7.62,910
4987,5949,31274,1,31019.8,2023-10-15,60,7.98,188
4988,11429,17263,3,97554.65,2024-02-13,24,7.08,1997
4989,11156,20609,1,69282.58,2020-09-29,36,4.82,1709
4990,11421,14462,1,72795.78,2024-03-06,24,6.9,1314
4991,11570,20651,4,86146.41,2021-02-24,24,8.98,45
4992,10164,34176,1,62302.5,2021-09-06,48,3.87,1597
4993,9385,33256,4,57905.53,2021-07-26,24,6.38,83
4994,6973,13514,1,19505.7,2022-03-03,12,7.94,1147
4995,5728,38008,2,60167.6,2023-12-12,48,5.13,358
4996,8998,30544,1,45049.95,2021-06-20,12,8.88,1552
4997,363,12144,4,94275.81,2020-09-01,12,4.72,1090
4998,15797,34261,4,94148.49,2022-05-10,60,9.36,936
4999,12817,5422,4,14597.39,2021-06-05,60,6.04,1681
5000,14330,37724,4,83918.88,2024-01-13,60,4.26,375
5001,15847,29951,3,20597.3,2021-07-10,48,7.6,162
5002,7593,14843,3,82656.77,2022-11-20,24,6.89,1770
5003,5035,32912,4,22771.61,2023-03-02,48,4.15,1404
5004,17326,3042,4,4505.98,2024-01-31,24,7.56,1680
5005,17545,551,2,9133.91,2023-03-31,24,8.11,1382
5006,5755,8176,1,12443.82,2022-02-23,60,6.99,1212
5007,13851,24443,1,61212.07,2021-12-15,60,5.07,322
5008,5783,11550,2,75547.31,2024-02-13,36,4.35,450
5009,12105,34894,3,28210.8,2024-02-21,24,3.85,1498
5010,15083,29843,1,15579.3,2022-08-06,60,8.48,1037
5011,4013,28720,2,44668.64,2022-09-25,60,5.87,184
5012,2590,15141,3,44835.02,2020-09-26,12,6.04,111
5013,16781,38924,1,85976.11,2022-04-25,60,7.56,1951
5014,5768,17606,2,65536.41,2021-06-03,24,8.57,508
5015,5554,6768,1,90743.54,2021-12-03,60,5.91,1314
5016,15014,1081,4,9068.67,2022-12-17,36,3.69,295
5017,10882,3208,3,63929.55,2022-11-29,60,9.6,1475
5018,11647,8255,4,79766.22,2023-02-16,12,6.94,904
5019,10143,17803,4,69742.87,2021-06-30,12,9.1,1239
5020,2737,21849,1,64070.68,2020-07-30,24,9.79,974
5021,15344,16537,4,40089.99,2021-07-24,48,6.17,632
5022,14071,12755,4,34286.42,2022-08-17,12,8.72,1918
5023,10230,22246,4,44556.73,2021-10-07,60,7.48,1591
5024,5776,34780,3,24177.64,2020-09-27,48,4.07,1051
5025,3726,14012,3,22401.85,2021-08-08,12,7.07,1654
5026,9188,17503,1,38024.42,2021-01-05,48,9.42,733
5027,17766,26531,4,64909.52,2023-08-17,60,4.8,1255
5028,984,5397,3,45104.19,2021-02-14,60,9.22,1589
5029,3268,17486,2,26526.47,2023-04-20,60,6.8,1831
5030,14722,35036,2,20177.9,2023-05-30,12,6.66,321
5031,13876,27102,2,47837.25,2022-04-04,24,7.82,913
5032,15000,23991,3,2050.0,2023-03-04,48,4.12,1257
5033,15128,30512,1,52325.61,2020-08-12,36,7.81,1694
5034,7779,4207,2,46317.31,2022-06-17,12,4.25,437
5035,18629,21950,2,62102.38,2024-02-24,60,6.62,781
5036,2912,13550,4,39770.88,2021-05-13,12,9.03,1557
5037,9841,30921,2,90392.42,2024-06-16,36,9.94,1427
5038,8140,33016,1,65827.5,2023-10-23,36,9.4,1077
5039,10057,1430,2,68259.89,2022-12-18,24,3.09,1811
5040,15185,23118,2,72815.69,2023-02-26,24,6.23,1337
5041,8153,18010,4,17257.83,2021-09-24,24,7.79,1305
5042,12055,2364,2,69799.63,2021-05-07,24,7.98,726
5043,15791,11016,1,60845.91,2022-01-13,24,5.4,31
5044,1614,8591,2,43038.8,2022-06-06,60,7.49,337
5045,6823,35256,4,24060.22,2024-06-21,48,7.05,183
5046,4329,8149,2,58209.6,2021-08-06,48,4.47,1047
5047,1236,3332,1,80903.53,2021-10-22,48,9.88,544
5048,11413,6372,2,83577.24,2023-10-17,36,4.35,1470
5049,934,38412,2,61123.53,2024-04-26,48,7.35,1098
5050,15936,20921,3,31197.65,2024-02-16,60,5.02,1034
5051,4706,10689,1,84584.5,2020-10-17,48,7.84,1508
5052,3637,161,1,85901.15,2020-11-13,12,5.87,1480
5053,849,24925,3,67463.78,2022-05-08,24,7.84,1590
5054,18152,11445,1,10890.93,2021-07-25,24,9.52,1588
5055,18618,12761,1,89890.2,2021-10-12,36,3.46,660
5056,11077,12635,2,26474.96,2021-06-19,36,5.32,160
5057,2070,30338,1,22699.93,2021-07-05,48,7.76,1906
5058,10896,33138,1,19214.76,2023-03-23,60,4.47,1038
5059,16885,6113,4,17234.94,2022-07-01,60,4.73,1202
5060,3586,17872,1,17566.18,2022-09-19,48,3.12,412
5061,19613,7815,4,64509.61,2023-11-12,24,8.03,1902
5062,8614,35138,3,73448.44,2021-04-20,60,3.5,1012
5063,5999,819,1,7130.83,2021-02-21,24,7.09,53
5064,11827,24245,3,73592.29,2023-12-01,60,4.4,408
5065,16096,6557,3,76720.87,2023-01-16,24,6.22,847
5066,10625,39375,2,46246.68,2022-08-06,36,8.79,1046
5067,1638,36534,1,15550.52,2022-05-23,12,6.99,1054
5068,9303,17634,1,97315.91,2020-11-04,24,8.65,703
5069,4744,10758,1,30955.11,2020-10-26,12,7.5,260
5070,9770,1925,4,36868.68,2022-06-30,60,3.75,1229
5071,10399,27645,2,26676.65,2023-08-03,12,8.27,1083
5072,105,24874,2,64838.0,2022-10-05,12,5.44,1495
5073,14993,34565,3,60249.15,2020-11-19,12,9.58,776
5074,16380,36219,3,74342.32,2021-12-14,36,6.47,1490
5075,18014,22489,1,10576.41,2021-01-07,36,6.03,1036
5076,11304,12069,3,27838.94,2024-02-10,60,7.44,1655
5077,13149,1498,2,63341.82,2022-10-11,60,3.78,1951
5078,7964,6714,3,65206.85,2021-06-19,48,8.31,1998
5079,18521,27814,3,2797.57,2023-04-08,24,4.77,1314
5080,102,36451,4,87145.89,2022-08-18,60,6.36,850
5081,10297,30074,2,7665.4,2023-03-09,12,8.08,1784
5082,16101,1682,2,89823.52,2022-08-14,36,9.92,354
5083,8837,18243,4,56985.93,2023-02-05,48,8.42,1663
5084,10810,29697,2,28594.55,2021-09-06,36,8.62,1099
5085,2861,5968,3,49432.05,2022-09-05,12,4.6,873
5086,17678,13680,2,59480.38,2023-10-04,60,4.03,1740
5087,4974,26923,2,83249.86,2024-04-17,48,6.64,1585
5088,8727,25900,4,67583.36,2023-06-06,60,9.47,1615
5089,14197,15600,4,30940.16,2023-12-23,36,3.41,1465
5090,13606,36338,1,14167.77,2020-10-24,36,4.39,991
5091,18573,16950,2,7473.46,2021-01-25,48,8.98,1265
5092,214,9965,3,94916.96,2023-05-04,60,8.84,1018
5093,5984,31221,4,28201.55,2023-07-28,48,8.15,1885
5094,46,18783,3,53146.36,2022-04-26,12,7.25,1178
5095,18812,26418,4,61785.57,2024-04-21,60,6.07,1810
5096,7664,25819,3,49347.59,2021-11-15,24,9.62,1120
5097,13586,10958,3,94159.5,2024-04-18,24,5.89,1750
5098,3852,22899,4,33008.94,2022-12-16,60,8.9,294
5099,16668,33189,4,7042.94,2023-10-01,48,5.87,209
5100,19187,22390,3,27031.59,2023-03-08,60,8.91,1367
5101,4738,33008,1,25283.83,2024-04-01,24,9.87,1112
5102,19108,19375,4,60170.17,2022-10-09,36,8.57,818
5103,11022,3564,1,66420.36,2021-09-15,60,8.33,1800
5104,10385,17578,4,27031.52,2021-03-30,48,5.11,1961
5105,1858,17898,2,29233.23,2023-04-17,12,5.2,390
5106,15560,11361,3,35375.39,2023-01-08,48,9.53,325
5107,13475,34271,3,97231.48,2022-10-07,60,8.87,940
5108,12048,14606,3,68273.57,2021-05-28,60,5.78,889
5109,17638,24050,4,1827.66,2023-06-19,36,3.78,1856
5110,14921,26398,4,19825.19,2023-06-05,12,4.64,1181
5111,19646,21593,4,1096.92,2023-04-20,60,7.06,668
5112,10004,37955,1,98985.13,2022-04-24,12,4.1,1675
5113,6307,20256,3,1267.82,2020-10-16,48,7.34,633
5114,8276,34033,3,21290.21,2023-04-18,36,3.06,577
5115,7689,3451,2,28480.85,2023-06-02,48,6.6,1643
5116,16886,6755,1,82048.43,2022-03-27,60,3.02,1683
5117,6612,17960,1,46581.82,2021-05-25,48,8.85,137
5118,17812,33788,1,89070.12,2023-07-05,60,3.84,1947
5119,11406,20981,2,38070.17,2021-12-12,48,3.85,1698
5120,17634,12700,4,31713.06,2023-12-18,60,3.62,428
5121,202,25927,2,22979.68,2021-07-20,24,5.29,1476
5122,1808,15627,4,17043.3,2022-02-16,12,7.08,612
5123,6520,35361,3,2222.82,2022-07-19,24,8.29,1874
5124,10527,36187,2,45412.58,2023-07-16,24,8.57,911
5125,17770,1930,3,47420.64,2023-01-26,24,8.15,819
5126,18986,10672,1,10651.13,2023-01-03,48,3.88,141
5127,11427,26060,1,48518.13,2024-02-19,12,6.1,1107
5128,7242,10932,3,88436.84,2022-10-18,48,3.48,177
5129,13396,13417,2,73881.32,2021-06-13,48,4.45,198
5130,12508,15011,2,53707.48,2023-06-12,24,9.39,624
5131,9294,39173,4,43368.76,2020-10-01,48,6.59,1592
5132,16875,10236,3,52806.15,2023-08-09,36,9.24,1996
5133,8583,34477,1,85061.7,2022-10-08,36,7.72,691
5134,6580,26276,3,73857.93,2022-12-14,36,9.92,1445
5135,4147,27196,1,83355.99,2023-10-06,12,9.09,401
5136,1985,29083,3,81210.97,2023-08-30,48,9.72,1722
5137,7183,35458,2,85943.22,2023-10-20,36,4.02,471
5138,11814,5019,2,66509.52,2021-04-06,48,5.04,218
5139,6346,16801,4,73249.03,2022-06-16,48,6.68,1949
5140,2378,28150,1,70779.03,2022-08-11,36,3.52,929
5141,2388,10011,4,12577.57,2022-11-08,48,3.94,1852
5142,16025,36124,3,85772.04,2023-12-15,48,9.49,1753
5143,9273,30958,1,35064.89,2023-11-08,24,6.2,632
5144,11852,24264,1,36040.66,2020-11-28,60,5.84,951
5145,16187,20701,3,8500.27,2023-05-16,24,6.48,906
5146,19415,9088,3,84400.29,2021-09-25,48,5.42,175
5147,2589,12958,1,21189.1,2020-08-10,12,7.13,23
5148,30,36728,3,6433.22,2023-05-21,24,7.53,1749
5149,14654,22598,2,78083.26,2022-09-08,48,5.35,1941
5150,8184,33618,4,72832.9,2024-05-24,36,4.48,235
5151,6052,26623,1,84174.21,2022-04-04,48,4.62,1037
5152,19764,22180,2,54413.49,2023-07-01,12,6.48,1125
5153,19296,2605,4,46343.01,2020-08-10,36,6.82,929
5154,410,37713,1,41060.76,2023-06-25,12,8.06,1560
5155,18602,29681,4,84448.5,2023-05-26,24,6.74,1900
5156,5075,6095,1,58137.2,2021-04-17,60,3.65,523
5157,14265,18138,3,17724.61,2022-08-14,36,9.05,1809
5158,18255,15509,1,21331.67,2023-11-15,36,7.76,1476
5159,14397,24195,1,93603.71,2023-10-13,48,4.41,431
5160,18402,11978,1,14044.62,2023-12-28,48,3.89,793
5161,19468,14701,3,36502.17,2024-05-04,48,3.65,1630
5162,15437,24546,2,21723.04,2023-03-17,48,4.43,1737
5163,12015,32182,2,42451.55,2021-11-18,36,6.58,533
5164,6907,19796,1,49704.05,2023-05-25,24,7.59,1876
5165,4130,26012,3,89657.02,2023-04-17,60,6.04,979
5166,13487,21289,2,94589.07,2021-07-30,12,3.04,1747
5167,9312,16428,1,80946.0,2022-03-24,12,4.17,1676
5168,11581,6076,1,29980.56,2021-03-26,24,8.9,1317
5169,14238,37266,3,49416.54,2023-06-02,24,9.15,810
5170,11277,30422,4,9270.68,2020-10-04,24,6.91,913
5171,4079,12293,2,49250.53,2023-11-22,24,5.23,1125
5172,18900,25209,3,30889.82,2020-09-08,12,8.28,1526
5173,9169,17276,3,56660.55,2023-10-11,36,6.36,1328
5174,14191,25270,1,85581.62,2020-07-19,60,7.12,871
5175,10126,8061,1,46837.6,2021-03-27,12,3.11,540
5176,9773,26851,1,45581.2,2022-07-08,48,3.87,1024
5177,18236,19383,2,86874.6,2023-07-28,12,5.17,1577
5178,6696,18943,1,81533.24,2023-02-23,60,8.47,1379
5179,10920,38708,2,62651.18,2020-11-08,48,6.92,1327
5180,489,28294,4,54082.38,2023-09-10,48,8.71,1520
5181,13232,17804,1,2325.47,2023-11-04,48,6.53,1682
5182,14152,2079,2,83545.1,2022-05-09,60,7.18,1792
5183,4727,19811,4,58951.44,2023-05-22,48,7.9,1998
5184,13648,8828,4,90013.15,2024-03-01,24,5.62,227
5185,5648,9837,2,30311.64,2024-02-04,12,3.49,1260
5186,9324,1624,2,21839.84,2023-08-05,24,4.18,873
5187,7375,13767,2,60315.63,2024-03-15,12,6.05,892
5188,10126,33478,1,81844.16,2021-11-01,24,3.91,1479
5189,5692,15868,4,29054.28,2020-10-18,24,5.42,1037
5190,8943,14187,4,14155.09,2024-06-11,36,5.62,210
5191,15687,10725,1,53532.45,2024-02-28,48,6.94,741
5192,733,24886,1,7442.36,2023-01-17,12,9.79,397
5193,9227,20565,2,92852.63,2020-12-14,60,3.22,1124
5194,10639,18163,2,13027.49,2020-12-06,24,5.25,31
5195,14318,32382,3,35084.93,2023-11-13,12,9.89,898
5196,16093,16264,1,47001.92,2020-11-14,48,3.35,1552
5197,3267,10858,4,45514.64,2024-02-17,36,5.13,649
5198,1224,10745,3,16910.6,2021-11-19,60,9.23,329
5199,9250,1514,3,16078.93,2024-03-27,60,3.09,1190
5200,9409,22414,3,92475.89,2021-06-22,60,4.22,1483
5201,14326,21195,3,39982.94,2021-08-11,36,7.98,1846
5202,3246,7888,3,1557.84,2022-03-05,24,8.75,952
5203,11611,37739,4,79678.19,2021-03-15,36,9.24,1124
5204,14066,18495,2,4220.77,2022-03-15,60,7.25,621
5205,1077,21548,4,1513.28,2022-06-10,48,9.91,1879
5206,19980,30769,4,10126.93,2020-07-15,60,6.57,1197
5207,1120,6851,2,63301.63,2022-03-29,12,9.8,1773
5208,12593,2432,4,81132.41,2022-10-15,60,3.67,162
5209,16460,12469,4,21802.59,2021-01-29,12,8.2,1929
5210,5245,5770,3,6020.68,2024-06-24,12,7.38,1752
5211,829,37230,2,15921.35,2023-05-03,36,8.35,776
5212,2959,21466,3,57651.73,2020-12-07,48,7.0,1287
5213,653,13181,2,42614.4,2022-12-07,48,8.47,1828
5214,17442,16480,3,49785.83,2024-05-17,48,9.66,274
5215,10783,20225,4,77069.49,2021-08-12,12,5.58,1027
5216,10639,4156,4,72887.04,2020-07-07,12,3.83,1052
5217,1352,35960,3,43678.9,2022-07-30,36,5.06,326
5218,7057,13386,3,24487.3,2020-11-09,24,5.7,940
5219,2167,17460,4,78884.96,2022-01-12,12,8.59,1173
5220,1017,379,1,59347.09,2022-08-26,60,6.1,540
5221,11706,20438,3,21712.21,2021-04-25,60,8.73,488
5222,10418,6607,4,61265.86,2020-07-26,24,6.85,822
5223,16082,9791,3,68469.02,2020-10-01,48,7.92,1462
5224,17828,6604,1,22649.3,2021-02-14,48,6.99,1089
5225,17928,30805,4,32387.5,2021-04-26,12,5.98,356
5226,4337,8988,3,36772.69,2021-05-29,24,5.38,1557
5227,5717,10089,2,36304.13,2021-11-30,60,6.58,1276
5228,18814,6586,2,9546.67,2022-10-15,48,6.38,235
5229,2159,20477,1,59347.19,2020-11-12,60,7.86,227
5230,704,38043,4,82992.67,2021-08-14,12,5.69,1549
5231,16874,16764,1,28731.16,2022-05-06,24,3.17,1337
5232,6541,31946,2,28168.13,2023-09-13,48,9.73,49
5233,9764,36343,3,25514.19,2021-12-20,12,3.24,118
5234,2323,1218,1,48266.86,2021-12-27,36,7.09,54
5235,7490,39312,4,96415.06,2023-02-25,12,7.33,1674
5236,4472,35074,4,23965.48,2023-05-09,36,6.16,565
5237,11146,16051,3,96164.2,2022-04-26,48,3.26,1068
5238,16978,24109,2,91714.58,2023-05-28,24,9.76,1839
5239,7194,9950,3,10423.21,2021-06-13,48,4.69,53
5240,4676,2245,2,13844.94,2023-02-11,12,9.09,1610
5241,1355,20426,4,7159.55,2021-08-11,24,7.07,558
5242,652,37290,3,22248.35,2021-01-18,60,9.06,1549
5243,431,11108,2,17363.1,2021-12-10,48,4.05,1701
5244,19952,36959,4,90202.19,2022-07-21,48,4.57,1126
5245,10194,25542,4,56785.88,2021-05-07,48,3.63,1816
5246,4449,14271,1,97268.75,2022-09-06,60,6.82,1794
5247,1050,28584,1,72622.36,2021-01-19,12,4.51,1873
5248,12297,20636,4,53938.88,2023-03-25,24,4.58,868
5249,15144,19619,4,45972.26,2021-11-15,36,9.03,398
5250,10054,23078,1,68524.84,2022-03-01,24,3.35,1162
5251,8595,27815,1,99668.23,2023-01-15,48,4.19,675
5252,12279,36324,3,50083.48,2022-09-19,60,8.69,1945
5253,6240,31041,4,88870.59,2022-02-15,12,7.0,387
5254,14558,15354,2,91200.59,2022-12-04,36,7.08,111
5255,2984,17697,4,6634.33,2021-11-11,24,3.85,614
5256,3744,17606,2,68438.99,2023-08-10,36,4.23,17
5257,7602,36912,3,73898.43,2020-12-04,48,4.58,1804
5258,12078,15113,3,81599.98,2021-01-16,48,4.04,1206
5259,9803,25385,3,46837.19,2023-06-15,60,5.34,884
5260,8080,20016,1,63969.42,2022-10-16,60,3.42,1560
5261,7768,18811,1,53124.29,2020-10-28,12,7.29,541
5262,8033,12222,4,45041.24,2023-07-16,48,3.83,171
5263,4354,28127,3,57647.81,2022-03-08,36,9.52,409
5264,16628,4665,1,29106.1,2023-06-10,24,4.96,740
5265,12134,854,4,62815.76,2024-03-20,12,6.55,1402
5266,3572,1388,1,16073.53,2023-06-06,36,5.86,1212
5267,6884,35945,3,97475.2,2022-11-23,48,4.31,858
5268,11135,6937,1,72972.39,2023-05-29,12,3.31,230
5269,5733,22890,2,49525.95,2022-11-04,12,3.71,1857
5270,10861,8349,2,34180.78,2021-10-31,24,5.05,1876
5271,14813,3630,1,34918.16,2021-06-02,48,9.36,119
5272,18705,23825,4,76187.06,2020-09-25,60,6.61,1180
5273,11153,32852,3,10997.83,2024-02-16,36,4.04,784
5274,14131,23363,2,81644.8,2021-09-10,48,3.86,1711
5275,2476,22297,2,66005.09,2022-05-03,60,4.33,465
5276,13802,30068,1,49664.43,2023-09-23,48,3.59,104
5277,6138,18413,2,7925.71,2021-07-22,48,6.73,1628
5278,16889,9797,2,9310.02,2023-02-05,36,4.65,698
5279,11455,29217,1,20864.34,2021-06-06,60,4.83,1996
5280,2194,23054,2,12136.98,2024-01-09,12,8.35,1819
5281,3286,6707,2,41041.87,2021-01-19,48,3.47,1526
5282,15784,34889,2,38179.94,2024-03-08,48,4.6,1717
5283,4399,35154,1,63563.03,2021-02-20,60,5.43,1706
5284,899,6166,3,51975.18,2024-02-12,12,9.24,1723
5285,7361,38497,4,90660.44,2023-11-24,12,9.64,175
5286,16534,24422,1,43182.53,2021-06-17,48,3.79,1758
5287,18747,25880,2,60594.67,2023-12-14,24,7.38,745
5288,124,27825,3,96797.66,2021-01-24,36,4.01,1698
5289,9000,31205,4,38095.65,2023-05-30,48,5.38,1445
5290,18725,19700,1,48595.9,2020-08-13,24,7.3,1158
5291,17879,24564,4,41550.9,2020-07-11,48,3.63,1415
5292,13246,36804,2,48881.63,2024-03-22,48,5.16,1760
5293,6586,12929,3,90659.51,2021-05-03,24,4.78,1525
5294,10811,26390,4,41958.93,2024-06-19,12,6.53,665
5295,15489,24890,3,70179.95,2022-04-14,60,3.33,33
5296,4062,25997,2,66355.09,2021-06-22,24,6.08,55
5297,17281,16016,2,17973.24,2021-06-11,36,3.74,1978
5298,10185,1264,2,3485.08,2022-11-28,48,7.22,519
5299,3669,35290,4,53983.43,2021-08-10,60,6.68,756
5300,17751,20583,3,25192.03,2022-10-17,36,3.87,1849
5301,15617,16529,1,76221.6,2021-06-23,36,5.16,1662
5302,1727,33879,1,5506.49,2023-03-19,24,5.1,12
5303,15913,21385,1,29703.44,2020-12-13,12,6.8,1552
5304,19336,13812,2,88493.64,2021-10-17,48,9.59,720
5305,5332,26103,1,6386.05,2024-06-25,12,3.44,555
5306,11634,15184,3,94265.02,2023-11-28,12,9.03,373
5307,977,962,3,46215.1,2023-03-16,48,9.52,484
5308,19784,37487,1,16331.3,2023-08-17,60,6.45,973
5309,12732,7679,2,26994.52,2023-06-23,60,6.52,1671
5310,12923,18702,3,71873.23,2024-06-11,12,8.55,1252
5311,17432,21302,3,3586.17,2021-12-18,60,6.11,623
5312,5910,4154,4,62601.91,2020-10-21,12,5.4,307
5313,5819,26392,3,31524.01,2022-03-09,24,9.41,457
5314,13075,1424,3,7954.06,2024-02-27,12,4.46,160
5315,12861,31840,2,35702.75,2022-06-20,36,4.65,331
5316,14513,22344,3,54284.62,2021-09-11,24,3.53,776
5317,5016,9160,1,1922.7,2022-11-28,24,3.76,225
5318,13084,33799,1,70753.22,2020-08-08,48,9.08,983
5319,8617,36514,3,38787.13,2022-12-27,48,9.2,729
5320,18645,13398,4,41881.61,2023-02-28,24,6.68,1528
5321,8947,7674,2,63813.89,2024-07-02,60,4.84,1480
5322,4170,24737,4,73178.11,2022-03-26,24,8.23,1069
5323,13398,35503,3,91612.6,2024-03-30,60,9.01,1238
5324,9071,26102,2,7448.84,2021-01-14,36,3.15,1083
5325,19256,27896,4,55507.74,2023-10-03,36,7.6,644
5326,5741,34797,1,85060.64,2022-04-22,36,7.84,616
5327,5987,8749,1,52682.12,2023-12-11,12,4.78,195
5328,14892,39099,1,93276.17,2021-03-23,48,3.43,1949
5329,14601,35479,3,27937.6,2022-04-22,36,3.45,489
5330,13378,20454,2,27675.54,2022-12-01,24,7.11,157
5331,261,2962,2,47236.1,2022-12-14,36,6.15,610
5332,789,23467,2,92281.22,2023-02-15,36,4.32,1250
5333,18328,23985,4,15871.71,2024-06-29,48,7.51,412
5334,7753,30244,2,6622.58,2021-11-08,12,5.57,1229
5335,3845,36239,2,85751.9,2020-08-18,60,6.99,1103
5336,10316,10222,2,58071.06,2021-05-28,36,9.81,1148
5337,2460,1244,4,76687.42,2020-12-15,24,9.89,471
5338,7050,35400,4,72452.69,2022-04-16,36,8.38,1964
5339,10668,39041,4,47928.25,2023-02-03,12,7.77,1242
5340,5768,8507,3,82744.5,2021-04-16,60,4.71,516
5341,17580,14287,3,64911.9,2023-11-04,60,9.71,1626
5342,14148,32853,1,92508.65,2020-10-07,12,4.08,1128
5343,4096,25194,1,34645.56,2022-10-18,36,8.92,393
5344,8055,35931,4,95706.67,2023-01-05,12,5.37,631
5345,1814,20094,3,3229.88,2022-11-07,12,3.59,1669
5346,10883,34288,2,44060.79,2020-10-25,36,9.75,1848
5347,18886,33673,4,35126.36,2022-05-01,48,6.77,608
5348,15063,17758,2,62686.91,2022-02-28,12,4.84,980
5349,16749,23006,4,47919.59,2023-07-04,12,8.14,434
5350,10842,26617,3,35375.88,2021-11-22,36,8.86,1355
5351,16880,20875,4,20691.2,2021-08-19,48,8.59,1167
5352,14297,15235,2,77968.66,2024-02-12,12,6.14,1824
5353,8762,21621,1,81652.8,2021-05-20,12,7.1,540
5354,16852,31100,2,64355.75,2022-10-12,48,9.24,278
5355,10697,33462,4,10674.53,2022-09-13,60,4.41,233
5356,11879,5432,1,94696.89,2022-11-25,60,3.71,1553
5357,10970,33883,1,16148.6,2023-12-25,24,4.76,1595
5358,16337,24289,3,92441.13,2024-06-25,36,7.21,1114
5359,3981,17217,1,37894.36,2024-05-10,36,3.85,1516
5360,10571,39992,4,6961.7,2020-09-14,36,4.7,1223
5361,6415,17108,1,13506.73,2022-04-10,60,7.89,362
5362,14612,8755,1,49921.61,2021-07-28,60,9.17,1465
5363,10831,25615,4,43613.31,2020-09-28,48,6.66,26
5364,10004,4061,4,21865.63,2023-09-25,24,8.6,1049
5365,2953,8708,1,14246.02,2024-05-26,60,9.98,1418
5366,3644,31057,4,61871.5,2021-11-17,60,9.61,507
5367,3319,34288,3,90591.1,2022-02-22,36,4.9,1325
5368,16458,6499,2,78378.15,2022-09-28,12,5.17,1363
5369,4761,28105,1,72880.78,2021-04-25,48,3.31,267
5370,9879,30145,1,73325.7,2022-03-03,60,7.38,461
5371,18249,19361,4,98239.81,2021-07-30,12,4.63,1717
5372,16896,32357,4,48386.39,2022-11-09,24,5.22,456
5373,5839,13772,3,82402.02,2020-09-27,60,9.79,1384
5374,4096,10364,3,67245.11,2020-09-07,24,7.83,1092
5375,12996,965,2,5187.27,2020-07-04,60,5.32,1007
5376,6680,27668,4,48011.31,2021-12-03,48,8.14,863
5377,12120,5494,3,82634.75,2021-03-19,60,6.1,1436
5378,1577,34608,2,53510.64,2021-04-24,60,4.58,1995
5379,5574,18539,1,41670.58,2021-11-22,12,6.98,491
5380,6971,31506,2,30119.89,2022-03-25,48,5.67,1857
5381,15446,39614,2,69124.68,2022-11-23,48,5.34,1073
5382,4909,20760,2,64859.94,2024-03-02,24,6.22,1711
5383,16872,35842,3,97451.51,2023-08-03,24,6.58,564
5384,15714,7069,2,33447.57,2022-05-03,36,7.97,1126
5385,5150,27628,4,62587.03,2024-01-02,36,9.34,216
5386,16366,36988,1,93116.92,2023-01-10,24,8.22,1462
5387,11561,12943,3,34603.94,2023-06-10,48,7.25,1724
5388,4400,35506,1,71742.88,2020-10-01,60,6.83,1593
5389,14530,33824,2,99733.16,2024-02-22,12,4.72,559
5390,17297,35544,2,90814.93,2021-09-03,12,6.1,159
5391,4028,36280,4,45719.21,2021-05-28,60,7.12,489
5392,7956,13917,1,80291.18,2021-01-31,36,8.44,686
5393,16975,4503,4,30074.07,2020-09-07,24,9.58,1266
5394,6484,30056,4,95386.55,2021-05-13,24,7.07,794
5395,11259,12070,1,31929.34,2023-05-31,60,5.02,1777
5396,11207,35975,1,42213.11,2023-05-11,12,9.04,1906
5397,6745,8294,1,84533.39,2021-02-11,48,9.21,5
5398,4423,18258,4,85471.88,2021-03-28,24,9.15,1620
5399,11714,24104,4,96225.16,2023-10-09,48,8.42,1844
5400,13214,28387,3,25883.01,2021-06-10,60,4.13,361
5401,3871,9722,3,84499.47,2023-12-08,24,3.07,459
5402,5213,19202,3,15837.08,2021-10-30,36,3.64,248
5403,7243,5616,2,19362.68,2021-10-26,12,4.38,1590
5404,4764,39642,3,84045.28,2020-09-01,12,6.63,1697
5405,8909,11774,2,45175.05,2023-07-25,24,7.23,946
5406,5233,16201,2,66802.97,2021-09-29,60,7.31,422
5407,11470,30536,3,63416.19,2023-07-03,60,3.01,1947
5408,18960,33356,2,83127.47,2021-12-11,36,7.84,1762
5409,123,22607,3,96794.76,2022-12-01,60,4.39,15
5410,12733,13543,3,26405.18,2022-06-21,24,5.02,736
5411,8022,33687,2,56794.82,2024-01-20,36,9.57,1597
5412,15511,28535,1,78938.01,2023-04-13,60,9.1,1146
5413,9151,8032,2,86995.36,2022-12-18,36,5.81,277
5414,10702,21974,4,56486.97,2023-03-20,60,4.94,1582
5415,4031,18437,3,87373.18,2023-10-06,48,6.59,453
5416,12213,1164,1,93994.31,2023-10-06,48,4.16,1414
5417,18081,26189,1,16824.32,2022-04-27,48,3.65,1318
5418,16973,33357,3,53771.22,2024-01-30,12,5.2,1598
5419,3897,25350,4,73522.23,2023-01-15,24,5.51,598
5420,1308,3690,4,45576.09,2023-07-29,24,4.83,446
5421,14766,7673,1,23087.33,2022-09-13,60,6.47,210
5422,15964,5783,1,61245.38,2020-10-17,24,8.84,1614
5423,11713,29717,4,84533.56,2024-05-28,36,7.34,714
5424,3160,32411,2,46406.55,2022-11-06,12,3.12,302
5425,12084,26497,4,75622.17,2022-03-22,48,6.93,1933
5426,5886,15271,3,21369.63,2020-12-10,24,4.25,1247
5427,11414,26593,4,60280.56,2021-08-10,24,8.83,1758
5428,5937,33101,1,5445.79,2021-09-24,36,3.51,3
5429,17888,34802,4,77213.52,2021-06-30,60,6.11,990
5430,12016,34851,3,75279.15,2022-03-05,24,4.57,1542
5431,2757,17896,2,43371.4,2021-02-16,12,9.34,1117
5432,6670,8835,1,83308.11,2023-04-27,48,8.03,520
5433,17137,22417,2,81460.09,2024-03-03,60,9.75,1452
5434,19109,29675,3,99045.76,2021-12-30,12,4.71,493
5435,5302,9778,1,47903.8,2022-05-03,36,8.84,1259
5436,10101,9894,4,79105.97,2023-09-25,24,3.29,620
5437,2917,18668,4,4135.79,2020-11-21,36,7.03,1185
5438,18008,24882,4,73730.15,2022-01-25,48,4.8,1745
5439,1356,17072,4,32016.92,2021-10-05,12,5.71,1776
5440,726,22866,1,13645.16,2020-08-22,48,9.53,331
5441,3696,27997,3,53828.63,2021-01-15,12,9.41,333
5442,5375,13439,1,29480.14,2022-12-12,12,5.83,50
5443,17941,32468,2,94292.26,2022-11-04,36,8.26,1547
5444,4453,14243,3,2832.61,2024-01-26,48,4.84,863
5445,1460,24696,2,21417.25,2021-10-12,24,6.15,1692
5446,9424,31931,4,59650.67,2024-01-20,24,3.06,1516
5447,17014,17177,4,91321.68,2022-04-04,60,6.04,1606
5448,3438,12430,1,37397.85,2022-03-19,24,4.91,1705
5449,8149,35085,2,10998.8,2020-09-10,48,9.8,272
5450,14033,6288,4,35010.1,2023-01-11,24,6.52,580
5451,2489,9027,1,55035.57,2024-03-04,12,3.75,1891
5452,7332,5857,2,45601.18,2023-02-16,48,6.7,1276
5453,12066,37782,3,51528.22,2022-11-26,36,8.86,560
5454,6582,19405,1,28213.64,2022-04-10,36,5.75,696
5455,1120,17433,1,10994.51,2021-04-23,60,8.25,1856
5456,15588,5961,1,92697.5,2022-11-30,36,4.51,1723
5457,2640,20730,3,89337.55,2021-04-30,60,6.84,1114
5458,1982,32606,3,59989.76,2023-01-07,12,9.07,446
5459,14067,28991,4,12738.17,2021-06-26,24,8.28,1017
5460,5517,36083,3,96665.38,2021-04-11,60,7.27,1356
5461,5598,33719,2,2025.27,2024-03-29,12,5.61,1163
5462,38,9115,4,27286.71,2023-01-13,36,7.46,357
5463,13736,34110,3,56790.7,2021-11-14,24,9.1,1625
5464,18267,636,1,2396.79,2023-06-26,12,7.17,274
5465,10017,4674,2,43627.4,2021-06-27,36,6.16,1043
5466,8175,384,4,26310.44,2021-11-19,24,8.32,311
5467,6333,2652,4,27484.25,2020-07-03,48,5.58,870
5468,10335,3580,1,68698.87,2023-06-02,24,6.45,886
5469,8162,8110,1,70420.66,2022-05-06,48,3.23,2002
5470,15805,28148,2,32141.72,2020-07-13,24,9.01,154
5471,15333,19311,1,48482.77,2021-07-29,36,4.19,1414
5472,19086,21144,2,6947.87,2023-12-09,24,3.68,1284
5473,6756,12849,2,27545.79,2021-03-23,12,4.77,620
5474,6674,25423,1,7493.06,2022-09-24,36,6.2,883
5475,15606,35197,2,31550.37,2021-10-25,12,3.75,797
5476,5972,35319,3,36991.8,2024-02-15,36,6.52,1595
5477,18734,13748,4,63349.84,2022-11-13,12,3.1,125
5478,16543,3200,4,64810.72,2021-02-07,12,9.44,1378
5479,15590,2436,4,85235.64,2024-06-25,36,4.13,1297
5480,14588,13782,3,77466.14,2022-09-10,36,3.0,619
5481,8603,14009,1,54305.13,2020-08-27,36,8.59,1835
5482,19141,35080,2,60117.37,2020-08-21,36,4.76,245
5483,15800,34990,2,14797.41,2021-10-13,60,7.4,848
5484,19807,37907,2,69275.48,2021-12-08,24,3.08,450
5485,8700,11078,3,19294.85,2022-03-27,48,9.9,930
5486,16087,35615,2,15295.39,2021-10-27,60,3.67,1271
5487,14441,5783,4,76563.77,2022-01-27,24,9.22,520
5488,16140,11445,2,53217.66,2022-11-12,60,6.21,1165
5489,14326,8793,3,82963.69,2023-11-21,60,8.6,362
5490,14460,12505,3,69221.59,2023-04-19,48,6.8,8
5491,13298,9334,4,5182.98,2024-06-30,24,7.04,478
5492,4151,19060,2,8211.65,2022-05-12,12,8.52,1376
5493,12628,5779,2,86566.16,2020-12-07,24,6.11,495
5494,5289,13524,4,19991.19,2021-06-16,12,3.85,1630
5495,7569,26270,1,78456.83,2021-11-21,12,5.66,833
5496,4961,36935,1,21528.28,2022-06-29,48,6.34,1451
5497,13608,9777,3,95125.07,2022-01-16,12,7.93,1063
5498,11531,10919,1,12530.03,2021-02-15,36,9.53,593
5499,18955,16406,3,49688.27,2021-08-15,36,9.53,187
5500,16481,37580,4,69642.48,2024-05-20,36,7.63,1620
5501,17388,35330,1,37555.51,2023-10-29,48,4.65,1624
5502,5155,11235,3,62745.81,2022-11-06,36,5.36,754
5503,5970,14628,4,21811.2,2024-02-14,12,8.93,1878
5504,1959,4842,4,37426.74,2023-07-12,60,3.84,93
5505,4416,14366,3,35267.78,2021-10-23,48,8.04,86
5506,1351,22995,2,30857.97,2022-10-13,48,7.45,1068
5507,11781,11663,1,74635.0,2021-07-02,24,6.9,137
5508,10772,18889,2,33727.74,2023-10-07,24,7.14,421
5509,18900,24696,1,30630.22,2024-03-26,12,6.97,74
5510,17553,17969,4,47242.82,2022-08-01,48,7.26,1572
5511,13895,1467,1,47128.7,2022-10-31,36,4.02,1637
5512,12699,39010,4,50993.12,2023-04-03,60,6.31,1536
5513,962,32097,4,18959.47,2023-01-29,12,9.35,1180
5514,3076,29312,3,66824.89,2023-12-14,60,9.17,1962
5515,2362,23813,4,23929.25,2022-08-01,24,3.1,1279
5516,5766,24337,2,80653.29,2020-10-05,60,4.06,171
5517,4351,25279,3,49608.86,2022-12-01,24,9.46,1752
5518,17109,34365,2,99746.99,2022-04-11,24,3.33,170
5519,13438,30845,3,51249.27,2021-06-22,60,4.08,1788
5520,15827,2440,4,77969.61,2021-12-28,36,8.09,872
5521,19348,26288,3,35295.94,2020-08-21,48,8.03,322
5522,2050,31473,3,88323.34,2020-12-09,36,3.14,1591
5523,18666,5018,3,10543.1,2024-05-03,24,7.27,456
5524,7401,18255,4,55933.28,2022-09-28,60,5.93,944
5525,9205,4375,1,2922.81,2021-05-07,24,8.6,1627
5526,11575,38846,4,97972.99,2021-08-16,36,5.67,790
5527,9592,6294,1,33861.0,2023-05-26,60,6.12,613
5528,17078,14984,4,66392.57,2024-01-09,48,4.31,1179
5529,18590,31300,2,25143.05,2021-11-29,48,9.78,889
5530,6089,21600,4,38067.98,2022-06-01,24,5.62,349
5531,16237,1157,1,28577.98,2021-02-22,24,7.65,1475
5532,17632,17432,3,63380.04,2023-01-09,36,7.2,1900
5533,11579,17865,2,26099.14,2020-08-10,12,4.4,1677
5534,11721,7654,1,14858.84,2022-05-21,48,8.85,1197
5535,12838,34862,3,2181.18,2023-03-19,24,6.52,10
5536,14748,243,2,77938.55,2023-06-03,36,5.74,740
5537,19479,854,1,62757.16,2023-09-23,36,6.16,1289
5538,14022,21369,3,40346.52,2022-04-12,48,9.11,1462
5539,3365,37823,2,15248.77,2020-12-02,24,4.68,1784
5540,9947,15771,4,3147.16,2021-04-18,48,4.39,1271
5541,2543,2909,2,62611.33,2024-02-26,24,7.5,667
5542,12686,12934,1,81419.38,2023-09-02,48,7.87,546
5543,5171,12628,3,23824.35,2024-03-21,24,5.39,1523
5544,4006,24439,3,5203.65,2021-02-12,36,8.84,129
5545,16575,30969,2,59135.68,2024-03-31,60,5.65,1696
5546,6506,4146,3,12278.59,2021-12-03,24,4.93,601
5547,655,37164,4,28637.81,2023-05-24,24,5.03,605
5548,7858,14296,2,14265.18,2020-09-22,60,7.64,327
5549,3998,26118,4,74772.24,2022-02-28,60,4.91,1777
5550,3203,31139,3,69288.3,2023-07-19,12,5.92,1859
5551,15710,3760,4,73822.43,2021-03-15,48,9.97,980
5552,1293,29364,2,53833.08,2023-08-22,48,7.85,404
5553,1260,20670,1,46443.85,2024-03-12,24,4.3,629
5554,15446,39616,1,78762.86,2020-08-10,36,6.65,1630
5555,7867,2052,2,67524.42,2020-08-20,60,6.72,1699
5556,13243,12179,3,91811.81,2023-10-05,60,7.62,1635
5557,7419,22473,2,37039.88,2024-05-06,12,9.94,1649
5558,18269,26979,1,77514.11,2022-08-15,24,5.23,1383
5559,17122,10078,1,70522.13,2022-07-03,24,8.59,1627
5560,18890,11789,2,63331.03,2021-02-12,48,9.59,1882
5561,18682,30333,2,5835.04,2024-02-10,36,7.68,718
5562,10768,8760,1,4983.52,2024-06-21,60,4.14,1041
5563,14838,21610,2,39807.27,2021-02-04,12,6.91,274
5564,13969,36155,2,8824.97,2022-11-02,60,8.27,685
5565,4944,35514,2,15956.11,2020-09-20,48,8.55,116
5566,12197,36761,2,92507.79,2020-09-27,36,4.39,861
5567,17827,28123,2,59710.85,2023-04-21,60,3.54,693
5568,18668,22529,3,81827.68,2020-11-08,12,5.26,1115
5569,1318,22784,1,89178.33,2023-01-06,36,7.71,1106
5570,10026,27121,1,43928.1,2023-02-12,48,6.37,324
5571,4269,10424,3,10293.6,2023-05-15,36,4.9,961
5572,12337,24039,2,45980.25,2020-09-28,60,3.73,114
5573,949,14651,1,99757.38,2020-07-11,60,4.55,1793
5574,16582,2670,2,99893.14,2022-04-03,36,6.9,1082
5575,11867,20894,3,14028.71,2021-08-15,24,6.78,154
5576,18268,22414,3,8584.37,2021-06-15,48,3.84,1901
5577,5371,3667,1,9849.28,2023-07-27,60,7.66,1428
5578,680,20904,1,86425.38,2023-06-08,60,5.63,1652
5579,15972,15304,2,58195.77,2022-10-21,12,3.35,1879
5580,18376,2837,3,25073.4,2022-12-01,48,6.67,1290
5581,5407,4873,1,11601.68,2022-08-21,24,9.31,315
5582,4517,7917,2,39675.98,2021-04-27,48,5.06,1739
5583,16229,18017,1,58749.17,2024-02-14,60,4.27,1065
5584,12012,34843,3,4267.18,2021-06-07,48,4.0,105
5585,18973,4206,2,48359.51,2022-02-06,36,9.08,1925
5586,4606,30227,2,32817.88,2022-09-13,24,9.42,1914
5587,5793,28598,3,72206.34,2023-01-07,24,7.13,1217
5588,14326,16165,1,5008.24,2020-07-25,24,7.59,1425
5589,4369,39784,1,53164.67,2023-04-27,36,3.12,1302
5590,12244,8316,3,81943.21,2022-06-15,36,9.44,354
5591,8205,35261,1,86848.03,2022-11-13,60,5.8,1016
5592,19640,25401,1,91150.51,2021-10-14,36,9.09,1773
5593,8949,24827,4,39365.99,2022-12-20,60,6.35,1961
5594,18396,5895,4,89307.49,2021-09-18,12,5.7,733
5595,8976,37580,2,25286.48,2021-06-26,24,8.56,1604
5596,11430,32475,4,47430.57,2022-12-07,24,3.85,709
5597,9320,28755,4,32722.03,2022-08-01,36,8.2,1280
5598,4696,1814,1,89554.25,2022-05-29,12,5.11,651
5599,10086,9290,3,16824.25,2023-07-09,60,9.12,824
5600,12022,2223,2,82345.15,2023-12-15,60,8.22,947
5601,16714,21563,1,48432.37,2021-09-20,36,6.34,661
5602,9621,1779,4,96142.87,2023-06-12,12,3.77,99
5603,200,36788,4,31260.66,2024-04-07,24,4.39,588
5604,6557,18362,1,94618.0,2022-11-27,12,9.45,282
5605,5363,18955,1,65876.86,2020-09-12,60,4.59,1907
5606,7391,21076,3,75565.9,2021-01-31,24,5.33,403
5607,186,13969,2,19900.37,2021-07-26,36,9.4,1133
5608,14726,1584,1,16916.37,2022-03-02,48,3.13,700
5609,15673,10442,4,7920.74,2020-11-28,48,9.98,199
5610,1798,37442,2,57698.03,2020-07-08,48,3.39,1327
5611,14028,19072,3,3314.55,2023-11-11,48,7.85,327
5612,14494,39034,2,2132.32,2024-06-06,48,3.32,154
5613,4961,30489,4,3549.75,2020-12-24,48,4.97,552
5614,16509,4636,3,17850.13,2021-07-31,36,3.87,1669
5615,6869,33684,1,4959.64,2021-04-12,24,9.33,405
5616,17779,16073,4,59006.73,2020-08-06,36,6.25,462
5617,18584,12589,4,67967.49,2024-03-16,36,8.13,132
5618,13106,14666,3,46410.77,2021-10-28,60,3.82,791
5619,5663,10002,4,78628.73,2022-01-14,24,3.89,874
5620,15256,9667,2,56537.13,2023-07-27,36,7.75,84
5621,5831,3388,1,67792.32,2024-06-29,48,4.82,1423
5622,19247,10521,2,37510.66,2022-10-16,60,5.07,754
5623,10032,18561,1,61807.96,2023-05-11,36,6.36,628
5624,16379,12279,3,66830.77,2024-06-06,12,8.45,1133
5625,6661,15526,2,74960.22,2023-09-17,60,5.41,221
5626,5062,3161,3,21505.71,2020-08-30,48,5.36,1928
5627,13809,1172,3,11262.67,2020-08-16,60,3.04,553
5628,6843,10119,4,27738.51,2021-12-07,60,6.78,1392
5629,5186,4017,1,69336.43,2021-09-08,36,4.74,1171
5630,3554,5751,2,7639.51,2022-05-21,48,4.02,112
5631,9804,19775,4,20909.65,2022-12-10,36,7.22,615
5632,3231,38658,1,98555.85,2023-12-30,36,8.78,1582
5633,12889,24052,1,96150.11,2022-12-09,12,4.37,924
5634,9865,22636,1,66807.35,2021-02-21,12,7.53,1518
5635,11039,10352,4,64965.03,2024-06-23,24,9.51,1529
5636,5879,9483,3,81059.41,2022-01-11,48,6.94,475
5637,1003,3480,2,35546.44,2020-12-21,24,6.61,836
5638,3818,1536,2,98089.55,2022-05-08,36,4.89,1914
5639,8494,1671,2,39074.96,2023-05-03,12,7.88,271
5640,19670,10323,2,25660.17,2024-06-20,24,5.27,421
5641,1340,30761,3,9717.16,2022-09-22,60,8.55,1921
5642,7938,1628,1,83937.24,2021-08-04,48,5.03,707
5643,6543,35593,2,33541.52,2023-01-14,60,5.67,1391
5644,19955,28827,1,49998.64,2021-12-20,48,9.47,1304
5645,12739,2258,1,28570.6,2022-09-16,36,4.4,1307
5646,9681,26576,3,47589.31,2024-05-07,36,6.2,40
5647,18572,24312,2,97121.2,2023-07-21,24,6.62,1983
5648,17173,21236,2,24069.63,2021-06-27,48,9.62,189
5649,9544,12476,1,70446.87,2023-04-26,24,8.49,1188
5650,10321,32173,2,13878.8,2022-07-13,12,7.68,994
5651,11993,5440,2,56652.04,2023-12-29,60,8.98,1560
5652,10777,13478,2,18371.34,2023-06-05,12,9.95,536
5653,1220,15624,4,68987.62,2022-03-18,60,8.76,1028
5654,11607,14836,4,32573.05,2022-05-26,48,7.13,1859
5655,14327,25774,2,18449.98,2021-05-24,48,8.93,290
5656,15127,15972,3,74103.68,2022-01-29,48,9.2,1977
5657,19845,29293,4,30852.83,2024-01-08,24,6.89,433
5658,10802,14951,1,12775.17,2022-12-13,48,3.39,471
5659,6900,5694,2,3778.08,2020-11-23,36,9.19,1205
5660,16784,5227,3,33569.19,2024-02-23,48,6.7,1272
5661,12307,38741,1,41194.5,2021-09-06,24,6.36,628
5662,7718,6582,2,21546.94,2022-07-16,12,8.9,279
5663,8234,19707,1,81514.53,2021-04-29,48,9.47,877
5664,16044,13356,1,76888.12,2023-05-16,36,7.51,581
5665,16988,13060,3,23579.81,2021-05-27,12,3.79,863
5666,14698,11048,2,61571.42,2023-04-24,24,4.89,254
5667,18468,16989,1,40061.12,2022-06-13,12,7.59,181
5668,9346,32960,2,74147.99,2023-04-23,12,5.66,1854
5669,5521,37240,2,92514.52,2024-06-22,24,4.08,681
5670,7192,18127,4,29191.2,2021-05-19,48,4.32,825
5671,9499,22905,4,69831.94,2022-01-16,36,3.53,1533
5672,5578,39018,4,67503.3,2020-09-08,36,4.41,1785
5673,10188,31536,2,94109.43,2023-10-26,60,6.67,700
5674,548,27056,1,58813.61,2021-10-25,36,9.49,566
5675,10638,11395,4,7680.81,2022-04-10,36,3.07,1350
5676,10633,10075,4,32656.1,2023-10-12,12,9.31,1381
5677,1709,26166,1,13561.67,2023-05-21,36,6.61,1849
5678,12894,27363,1,56407.41,2023-09-19,60,4.05,1674
5679,19303,23335,1,88965.1,2023-09-23,12,4.89,680
5680,18710,17067,4,42975.84,2020-10-13,60,3.52,391
5681,16010,33780,3,88369.62,2020-11-12,60,8.85,1639
5682,2406,19145,1,52272.34,2021-07-31,12,8.75,1958
5683,14581,14356,3,66709.62,2022-08-02,48,9.11,1109
5684,16655,14174,4,51693.6,2020-10-29,24,4.4,1341
5685,18118,8804,1,54062.86,2021-09-02,48,7.42,212
5686,17548,21862,3,7437.74,2023-05-03,12,8.44,1539
5687,13377,31141,4,23594.39,2022-10-25,24,9.75,384
5688,10825,11038,3,66915.73,2023-10-31,36,6.68,1715
5689,15012,28385,2,36721.69,2020-11-14,24,9.29,342
5690,14913,38505,4,61341.88,2021-01-02,48,8.52,1839
5691,11681,4379,1,6731.92,2022-09-14,48,5.61,1988
5692,14774,12009,2,76171.7,2021-07-13,24,6.1,844
5693,6697,8935,1,74487.07,2023-06-21,60,3.46,1062
5694,14819,24605,2,29386.19,2021-05-21,12,9.93,1535
5695,17403,11620,1,22616.87,2020-10-04,36,4.31,420
5696,19444,1242,3,61161.95,2024-07-01,12,3.41,751
5697,14335,30899,1,27424.86,2022-05-22,60,7.33,1193
5698,5963,12571,4,39264.63,2021-01-01,60,7.18,1989
5699,3155,11721,3,31126.58,2023-05-26,24,3.19,1933
5700,11946,29547,4,93098.73,2023-01-19,36,4.11,1367
5701,5754,13481,2,61096.73,2023-10-09,48,3.86,1850
5702,4797,18964,4,57332.37,2020-10-05,24,5.24,306
5703,15484,3877,1,43768.64,2024-02-17,60,6.57,1566
5704,8541,38260,2,9309.51,2020-10-02,12,6.6,702
5705,441,11861,1,87396.33,2020-09-08,36,6.81,869
5706,2912,7123,4,71491.14,2022-08-23,48,3.04,537
5707,15046,527,4,75289.42,2023-08-31,24,9.24,1136
5708,7022,3258,3,10387.49,2022-08-04,60,7.0,1435
5709,5011,11354,3,43624.57,2022-11-23,60,3.62,1971
5710,6582,23175,1,72479.21,2023-12-05,24,7.27,206
5711,10295,28494,2,68540.76,2024-05-10,60,3.11,1209
5712,5260,28665,2,82439.54,2024-03-15,12,4.96,1406
5713,12826,38418,4,85248.93,2023-07-11,36,3.29,496
5714,4597,37922,4,25992.12,2021-02-05,12,6.84,1403
5715,7994,26940,3,91204.54,2023-09-17,12,4.55,1071
5716,6267,13266,2,31668.01,2022-10-09,60,9.53,1910
5717,17304,7628,3,10708.87,2021-01-14,60,7.87,1764
5718,14941,39943,4,41744.39,2022-12-01,36,7.85,1575
5719,7448,31216,1,44925.01,2022-02-22,36,5.41,1552
5720,12289,14262,4,54393.11,2022-07-23,24,9.62,504
5721,1610,38400,4,61400.53,2023-09-25,12,5.13,1046
5722,11123,11769,3,73464.95,2020-11-07,24,3.32,213
5723,13634,7807,3,93732.65,2021-04-20,12,6.23,310
5724,16644,32372,3,1663.17,2024-02-15,12,3.2,661
5725,4607,38224,4,63138.27,2023-09-15,24,7.71,1992
5726,17118,5783,4,12585.87,2020-11-27,12,5.6,753
5727,7180,17530,3,80722.43,2023-11-29,24,9.14,272
5728,12371,1296,3,60277.26,2024-01-01,12,7.35,1595
5729,15625,2287,2,87988.81,2024-04-04,36,8.03,1823
5730,17983,14938,1,86946.21,2020-12-17,12,8.15,938
5731,7938,36632,2,55980.62,2024-03-13,60,4.92,1226
5732,19854,28234,3,53682.3,2022-05-29,24,6.78,32
5733,13383,17408,3,58078.2,2021-07-16,60,3.52,443
5734,19361,37246,2,29424.74,2021-03-03,60,8.18,162
5735,7019,17890,2,90216.76,2021-05-24,36,9.76,767
5736,402,24983,2,41775.89,2021-07-04,60,8.35,254
5737,11200,11319,3,91625.99,2023-03-20,36,9.43,521
5738,16758,23105,3,76318.93,2022-03-06,24,5.16,977
5739,11601,1734,3,37344.55,2023-06-24,36,3.91,1675
5740,7323,19023,3,30735.45,2021-03-01,60,4.88,1504
5741,2080,1432,3,78283.83,2020-07-04,24,9.67,10
5742,16211,24518,3,96597.95,2022-03-21,48,4.59,726
5743,5765,776,4,54492.63,2022-07-30,60,5.09,505
5744,16306,19020,3,40575.37,2022-10-11,60,7.65,785
5745,1916,39401,3,61687.05,2023-05-31,36,7.61,1860
5746,18685,29385,3,87583.11,2023-09-29,12,8.07,1584
5747,6300,1912,3,52815.46,2021-06-20,48,6.37,436
5748,5041,29776,3,86159.2,2023-04-16,24,7.47,1135
5749,6235,4291,2,71056.07,2023-04-19,36,9.81,153
5750,1428,15854,2,37913.29,2022-11-05,24,7.48,1659
5751,15751,13293,2,80076.65,2022-08-31,24,5.68,917
5752,4917,3886,3,2319.38,2023-10-15,48,8.61,869
5753,16988,23725,2,68742.54,2023-04-04,48,3.29,1126
5754,7765,20896,1,31255.24,2022-07-12,36,5.79,753
5755,1916,20833,3,18486.19,2023-10-09,12,3.89,1857
5756,8986,22143,1,61204.78,2024-01-05,12,4.39,1215
5757,11455,35080,1,46292.34,2023-01-25,36,5.1,1753
5758,3926,39672,1,39182.58,2023-11-10,24,3.14,563
5759,3437,25261,4,71967.58,2023-09-16,36,4.22,1828
5760,12308,16805,2,34324.45,2021-03-30,12,3.96,1105
5761,6663,5526,4,20210.88,2021-08-09,48,8.97,489
5762,8703,38528,3,39846.62,2022-06-05,36,4.47,895
5763,15299,23690,1,38966.39,2023-03-14,36,9.12,1112
5764,15860,3518,2,85969.61,2021-02-16,48,3.88,1218
5765,4606,28883,2,77468.19,2022-07-06,12,4.16,104
5766,13047,30951,2,31123.9,2024-06-01,24,9.02,1807
5767,2961,36738,3,23030.49,2021-03-03,36,4.82,1120
5768,6753,36579,1,89998.47,2020-12-27,60,6.99,1447
5769,3354,5887,2,9619.46,2024-06-22,36,3.04,1915
5770,9835,13063,3,16285.56,2024-03-09,24,8.53,1222
5771,5655,21007,4,80566.44,2022-05-19,24,9.22,1025
5772,10720,9025,4,93477.15,2021-09-29,36,4.55,1007
5773,7845,14016,3,93750.11,2022-09-18,24,8.4,407
5774,352,5001,4,68341.0,2022-10-18,60,9.34,1402
5775,10929,35329,1,52066.67,2022-06-22,36,6.11,167
5776,19483,25148,4,18304.56,2023-10-07,48,7.17,509
5777,14490,2965,4,31825.5,2020-07-31,60,7.73,1662
5778,11995,35598,2,72559.17,2022-05-31,36,7.89,313
5779,18597,19750,4,92261.18,2022-01-05,12,9.55,1617
5780,5380,30997,1,29238.7,2023-05-28,60,5.94,1442
5781,15302,32082,4,3747.91,2022-05-09,48,3.38,763
5782,10982,7739,3,23178.61,2021-03-16,60,3.26,681
5783,12801,21642,4,54142.65,2024-05-25,36,7.07,477
5784,14922,33604,3,63165.29,2022-11-23,48,3.34,73
5785,13911,26758,3,18973.58,2021-03-29,24,6.62,1165
5786,1732,38966,1,59787.11,2023-08-31,48,3.58,582
5787,16873,23776,4,30150.94,2020-08-22,24,9.25,262
5788,16736,31681,1,62671.63,2023-04-14,60,6.38,1364
5789,13317,7188,2,80272.37,2024-05-16,60,6.5,1332
5790,8108,11108,1,3993.72,2023-12-20,12,8.58,245
5791,1984,36420,2,61043.63,2023-10-22,24,4.44,1539
5792,12959,31889,3,7710.28,2022-04-08,48,8.18,1361
5793,13137,34758,1,60751.47,2021-10-10,24,4.07,1599
5794,7963,5843,2,6069.51,2022-12-30,24,6.0,561
5795,16263,14238,3,48060.67,2020-07-08,36,7.48,1100
5796,2336,38740,3,44255.69,2021-09-13,60,9.68,1904
5797,2416,21589,3,94005.82,2020-12-26,60,4.63,175
5798,11113,32742,1,57967.33,2022-03-18,36,6.39,109
5799,3061,21375,1,6496.73,2023-04-08,24,8.57,183
5800,12992,31529,4,57464.28,2023-09-28,60,4.56,192
5801,13645,23895,3,73070.65,2022-01-03,36,9.42,65
5802,17554,24133,2,71407.21,2023-03-05,36,7.28,1873
5803,19275,10752,1,3746.21,2022-02-19,36,5.16,963
5804,17326,16831,4,12600.09,2023-08-18,60,6.58,1498
5805,18300,37911,4,95058.51,2021-02-07,48,7.1,1807
5806,15680,5471,4,13737.17,2021-07-22,12,9.11,1124
5807,16697,38994,2,98675.67,2022-04-22,48,6.07,1568
5808,9762,12497,4,48583.99,2023-07-09,24,7.97,864
5809,4410,13108,4,74972.74,2023-03-19,12,5.2,1152
5810,6558,29134,2,73525.88,2023-01-21,36,5.5,1476
5811,9802,17370,1,66691.57,2023-01-02,60,7.04,1938
5812,11129,32252,4,79094.79,2024-03-30,48,8.79,369
5813,7204,29788,2,69236.96,2022-10-15,12,4.54,851
5814,160,27831,1,75536.14,2024-03-05,48,3.34,43
5815,16058,37662,3,94075.49,2022-03-04,48,4.11,1908
5816,15240,23354,3,96553.23,2022-11-27,60,4.19,1443
5817,18560,36621,4,90949.4,2022-05-21,12,6.45,488
5818,10981,24403,3,63471.34,2024-04-16,36,4.64,78
5819,19480,5922,3,36357.89,2023-08-02,12,9.89,826
5820,9543,17484,3,95706.56,2024-04-16,24,9.49,1825
5821,9087,23902,4,94787.64,2023-10-07,24,4.36,1294
5822,16307,35341,3,81635.21,2021-03-28,60,6.43,674
5823,16744,22346,2,16582.57,2021-02-25,12,4.14,701
5824,7324,37301,4,65142.6,2024-02-01,12,4.17,759
5825,19842,37868,3,53527.02,2022-11-07,48,3.44,1924
5826,11549,29717,1,55536.76,2024-03-05,60,7.92,728
5827,17997,15413,4,84684.26,2021-04-14,12,4.42,1339
5828,19779,12289,4,66022.9,2022-12-20,60,3.1,925
5829,4222,16684,2,10000.91,2023-06-18,24,5.86,1875
5830,1304,23657,4,71037.06,2020-11-30,48,8.48,902
5831,6365,25473,2,44793.41,2024-05-20,24,5.88,889
5832,19983,20174,2,75903.77,2024-03-24,48,9.85,993
5833,5950,10114,3,49988.06,2022-07-27,48,3.51,1969
5834,18087,13697,2,60973.37,2022-04-16,12,8.32,1192
5835,2118,609,1,86030.82,2024-06-06,12,4.57,339
5836,12243,31333,3,84747.91,2024-03-12,48,9.6,193
5837,12889,37711,4,55332.85,2022-03-27,60,9.08,1477
5838,5735,7260,3,97837.17,2022-10-22,36,8.17,283
5839,1263,11496,1,47054.99,2021-07-19,60,5.6,1360
5840,8276,15692,2,22275.33,2022-06-11,12,5.2,390
5841,1976,23405,1,49641.15,2022-10-10,12,3.3,1000
5842,9660,39294,4,64914.38,2022-04-09,48,8.43,525
5843,8369,6023,4,57680.23,2020-10-05,12,4.33,1264
5844,18297,23906,1,52490.56,2023-11-15,12,5.67,1856
5845,7224,1880,2,97471.99,2023-03-03,12,8.01,1982
5846,18191,25469,1,93767.14,2022-07-01,12,3.19,1507
5847,14187,24129,4,70494.89,2023-12-27,48,4.62,659
5848,17261,15336,1,76190.89,2020-12-21,36,4.88,716
5849,18356,38806,1,39703.09,2023-04-06,60,5.42,1616
5850,7637,17206,3,79398.59,2022-03-01,60,4.4,891
5851,10421,32247,2,57096.52,2021-05-17,60,8.13,1579
5852,4964,37643,3,1517.63,2023-05-01,12,5.44,1482
5853,3429,32158,4,99495.32,2020-07-31,24,7.18,1113
5854,1125,19157,4,50325.72,2022-10-09,24,8.75,1684
5855,17381,7977,3,87286.28,2022-10-07,24,7.89,1119
5856,16522,3414,1,14896.67,2022-11-15,48,6.1,452
5857,15067,24547,3,75817.85,2022-08-25,60,8.86,428
5858,1279,18612,1,87626.55,2021-01-10,48,3.82,1175
5859,15020,7271,2,36371.94,2024-03-09,36,3.06,1538
5860,2831,3211,2,4675.98,2022-11-01,36,4.78,1400
5861,10026,4252,3,96335.56,2024-06-02,36,9.83,1046
5862,14574,34697,2,2646.21,2023-06-18,48,4.41,883
5863,16144,35858,4,90799.16,2023-06-07,60,7.55,313
5864,17369,18227,2,92201.77,2022-11-11,48,6.47,840
5865,13979,1985,4,40551.23,2021-01-03,60,8.03,519
5866,17955,2268,4,61460.17,2022-02-23,36,7.51,1230
5867,19976,7341,2,2949.48,2022-08-10,60,9.02,1976
5868,3305,6641,1,21742.49,2024-01-27,36,6.32,375
5869,7929,403,3,24035.08,2023-01-08,36,9.36,451
5870,513,15575,4,81905.83,2020-11-17,60,3.68,1650
5871,14524,24406,3,85237.82,2022-06-26,60,9.71,1808
5872,10435,9682,2,19247.95,2023-10-09,60,7.82,1015
5873,3693,24850,3,26803.63,2024-04-10,12,3.98,595
5874,10707,8302,1,47122.86,2022-07-09,12,6.66,1203
5875,12921,25926,4,75258.79,2020-09-15,48,5.86,1234
5876,19028,10661,1,58592.88,2022-07-03,60,5.72,500
5877,19311,16174,2,13085.97,2021-07-30,60,6.64,464
5878,2880,31657,2,88394.14,2023-04-30,48,6.33,1864
5879,7001,6125,2,68990.54,2021-11-19,12,7.24,1148
5880,13281,9718,2,56936.57,2022-04-09,24,6.5,113
5881,14574,10335,1,9179.43,2024-04-25,36,8.89,1036
5882,6928,9901,1,98357.95,2020-11-28,36,8.96,1150
5883,19713,17876,1,52633.99,2022-12-04,48,5.45,1589
5884,18992,20631,2,67878.74,2021-12-08,48,5.44,331
5885,10490,32351,4,83897.19,2021-12-19,48,8.03,1925
5886,7150,3382,3,97472.04,2024-03-13,60,8.46,1307
5887,2700,19936,2,47425.22,2022-08-02,36,5.63,140
5888,5184,14734,2,57519.41,2021-11-27,36,7.1,1425
5889,8304,15518,1,83544.47,2023-09-23,36,7.14,902
5890,16813,3806,4,32188.59,2023-03-28,36,7.7,1121
5891,4936,17981,3,46503.34,2021-08-20,48,8.83,517
5892,13598,28554,3,63508.85,2021-06-19,48,3.83,569
5893,5295,12418,4,43512.15,2023-06-01,60,4.48,1948
5894,10185,23472,3,81195.1,2022-06-14,36,3.32,846
5895,7345,35625,3,84038.28,2023-11-10,48,8.99,1093
5896,10289,36789,1,36156.92,2024-01-13,12,4.24,118
5897,7114,34693,4,59290.5,2020-09-20,48,8.27,888
5898,15200,37108,2,87070.79,2021-01-29,12,9.21,1083
5899,1369,30906,2,25414.41,2021-09-08,60,8.0,1057
5900,17269,5885,4,39099.85,2021-07-06,48,4.97,1342
5901,12532,31621,2,2049.98,2021-09-08,12,8.94,50
5902,15770,35017,3,97159.01,2022-12-07,24,3.11,1904
5903,17988,29717,3,65321.89,2021-07-06,12,4.46,1513
5904,4824,26602,4,14701.15,2021-08-06,12,6.96,19
5905,14559,13757,4,80704.94,2024-04-06,36,7.9,726
5906,18814,26541,3,99413.22,2023-03-03,36,6.23,197
5907,4286,8292,2,44434.53,2022-01-24,48,7.22,1915
5908,7374,31195,4,20860.2,2023-11-19,48,5.35,1474
5909,1280,19272,3,73989.65,2022-11-17,24,7.56,559
5910,4417,34137,2,80716.1,2023-01-23,36,4.93,1703
5911,17246,21001,2,81887.51,2024-04-06,36,9.2,452
5912,4484,21224,1,54979.27,2021-06-15,36,5.18,289
5913,487,2853,1,95151.19,2021-07-08,60,6.74,1165
5914,11283,3171,4,61702.03,2020-07-18,48,7.14,1108
5915,15475,14304,2,88527.25,2023-06-10,60,3.48,1718
5916,19428,4675,2,33812.9,2021-11-29,12,6.04,391
5917,12538,960,4,46983.8,2020-08-12,36,6.15,1615
5918,5872,6126,2,43079.24,2024-02-18,12,3.3,215
5919,3721,10901,1,56824.63,2020-11-08,36,7.67,1550
5920,4051,3460,4,85572.86,2023-01-02,60,9.21,215
5921,2016,32521,2,62456.42,2023-09-30,12,4.07,1427
5922,1386,19494,4,87040.29,2023-10-24,48,5.0,128
5923,13470,3455,2,3881.72,2023-12-26,48,6.88,1846
5924,18278,31196,3,82061.39,2023-11-19,48,5.56,1501
5925,10173,32663,1,39474.28,2023-04-16,48,5.2,760
5926,13399,17413,3,92569.64,2023-12-28,36,4.59,404
5927,802,20030,3,36754.14,2021-01-25,24,9.04,1053
5928,1533,16004,4,52277.34,2022-04-16,36,3.48,1816
5929,17554,13021,4,7944.24,2024-01-08,60,5.05,338
5930,17366,32296,4,68791.08,2022-03-27,36,5.99,831
5931,7229,32332,1,25822.02,2023-08-23,12,3.62,714
5932,6930,19560,2,31765.87,2023-01-01,24,4.54,361
5933,15329,36209,1,89400.43,2021-08-31,24,5.02,569
5934,18599,7710,4,70784.19,2020-08-30,48,7.57,1416
5935,19386,28695,3,6803.9,2023-03-23,60,7.56,218
5936,17556,37286,4,25113.73,2023-04-25,48,3.92,1598
5937,17371,27607,4,42179.86,2022-12-30,60,4.02,1693
5938,11754,16284,3,99909.25,2022-02-20,12,7.16,202
5939,10165,5397,4,99723.31,2024-05-15,12,9.93,17
5940,7926,18063,4,10896.91,2021-01-31,24,8.51,322
5941,4499,9260,4,66805.84,2022-12-31,36,3.58,518
5942,18682,19315,4,36278.56,2023-05-28,60,4.14,1594
5943,16921,14960,4,2039.16,2021-01-02,48,3.97,1349
5944,516,33681,1,28049.07,2023-03-21,12,4.05,1436
5945,2380,4471,4,78783.13,2022-10-31,24,4.19,1342
5946,2568,12034,1,17371.81,2022-11-21,12,6.47,681
5947,6675,25588,2,18537.4,2023-10-16,48,7.74,1989
5948,10420,33830,3,49779.88,2020-07-23,36,7.35,1106
5949,17879,1839,3,15542.31,2022-09-20,24,5.22,1498
5950,15709,36506,2,71810.46,2020-08-27,48,4.06,1492
5951,6834,23117,2,23264.27,2023-11-14,12,8.5,425
5952,1880,23518,1,71685.82,2022-09-21,48,5.94,1969
5953,12781,22641,4,58154.0,2021-04-23,48,4.43,1755
5954,2087,8561,3,7135.92,2023-07-23,36,5.27,1713
5955,16421,36320,4,24767.55,2022-09-19,36,8.77,1228
5956,16166,26640,3,77397.55,2023-05-21,24,3.01,1607
5957,5464,36147,3,6973.82,2022-06-29,48,6.77,1019
5958,7433,35043,3,43012.81,2021-08-22,60,3.02,387
5959,19183,14873,2,35979.18,2021-01-21,12,4.21,778
5960,6600,30314,2,17440.93,2024-01-03,36,9.56,98
5961,4030,37033,4,38277.21,2024-04-15,60,3.36,1369
5962,10094,6723,4,63895.21,2022-06-02,36,3.8,1827
5963,14105,11884,3,72234.62,2021-06-13,36,5.76,208
5964,12226,24181,3,44031.72,2021-10-14,36,7.46,1538
5965,9116,30064,3,38263.61,2020-10-22,12,9.88,1660
5966,16962,29492,3,38804.74,2022-01-10,12,7.23,1816
5967,19217,17334,2,46886.9,2020-10-16,60,3.61,586
5968,878,35729,3,89074.16,2021-03-20,48,3.11,166
5969,9181,36892,1,24879.54,2021-10-28,24,5.16,22
5970,2424,2431,2,81181.27,2023-12-14,60,4.35,154
5971,14729,13078,3,57792.12,2021-05-28,24,6.58,1963
5972,13710,21327,4,44866.95,2022-09-24,12,5.4,1463
5973,11838,37065,3,59935.35,2021-11-02,48,8.92,1319
5974,7549,15598,4,92874.56,2022-06-17,48,3.71,219
5975,9433,25103,1,76418.61,2023-07-31,60,5.87,669
5976,5304,5790,4,45677.32,2021-12-05,48,6.74,1519
5977,12521,30574,2,56469.95,2020-07-03,60,7.15,230
5978,6598,11925,1,55994.71,2021-07-01,36,6.42,20
5979,13405,23668,4,56926.37,2022-03-03,36,7.24,553
5980,13515,6247,3,71539.03,2020-07-18,60,9.04,950
5981,19854,22959,1,92331.9,2024-04-18,12,8.94,148
5982,13753,17582,3,99542.12,2022-11-10,60,8.59,1132
5983,3122,26174,3,64169.42,2021-12-25,24,4.59,403
5984,3247,28069,1,52445.89,2022-11-09,36,5.59,596
5985,10818,37827,4,91679.82,2022-05-05,12,6.62,1507
5986,15845,5044,3,52423.14,2024-02-16,24,9.07,367
5987,4935,785,2,45740.29,2024-07-01,48,9.0,1858
5988,7254,33560,3,45256.76,2022-05-02,24,6.29,1438
5989,14937,35115,2,14281.75,2023-11-17,48,8.45,1333
5990,18880,16412,1,51743.73,2020-09-02,12,8.19,802
5991,19600,28066,2,88697.32,2024-03-03,24,3.81,918
5992,4927,39152,3,26731.13,2024-02-14,48,3.78,1859
5993,9211,5123,4,55955.23,2022-10-29,12,4.47,1158
5994,15848,33016,4,29917.15,2020-07-27,36,8.41,1743
5995,17375,36117,3,74106.97,2021-11-26,36,5.32,1307
5996,1848,38426,4,26002.97,2021-10-05,24,4.29,1802
5997,3792,14563,3,14754.0,2020-08-21,36,6.79,73
5998,7789,224,3,90448.76,2023-01-10,60,6.79,481
5999,5161,11695,4,74410.07,2020-08-01,48,5.38,1376
6000,9993,24520,2,28662.82,2021-09-15,12,3.58,560
6001,19811,20947,3,63286.04,2022-12-17,12,3.59,1350
6002,4376,13859,2,38638.12,2023-12-03,24,8.88,745
6003,16878,18458,3,21998.33,2023-09-10,48,8.09,1467
6004,16351,10674,3,49120.19,2022-08-11,24,6.25,100
6005,7375,37938,2,11916.47,2021-05-21,12,3.32,1083
6006,1178,11950,1,24938.14,2024-04-09,12,9.21,508
6007,17890,34823,2,45083.35,2024-01-14,24,4.41,258
6008,19475,26619,4,2928.02,2020-09-30,60,6.99,413
6009,5237,30855,3,72152.16,2021-09-08,12,8.27,1476
6010,17495,33970,1,4978.81,2023-02-05,24,8.49,1089
6011,8810,16257,4,21769.25,2021-03-13,48,7.74,595
6012,5101,36197,2,64853.95,2022-08-25,12,4.61,1178
6013,1593,33101,2,47034.87,2023-10-25,36,5.2,266
6014,14897,25120,2,21754.15,2023-04-07,36,5.38,821
6015,15984,7244,1,36760.4,2022-03-17,12,5.45,1103
6016,17399,35024,1,71790.17,2023-04-17,36,9.93,1339
6017,18500,26214,1,56901.65,2021-10-02,48,7.05,662
6018,9259,31893,2,17506.01,2023-08-24,48,9.17,947
6019,2242,33060,4,61468.81,2021-10-11,36,8.44,560
6020,12603,17625,1,29666.92,2023-04-28,12,4.61,917
6021,19405,27852,3,62477.96,2020-07-23,36,3.76,891
6022,12520,30247,2,76823.42,2022-09-05,24,4.44,1272
6023,3610,37831,1,57036.49,2023-05-17,60,7.65,1814
6024,2565,32273,2,37163.84,2021-06-01,24,9.6,868
6025,9278,23081,4,26597.77,2021-07-28,24,5.43,610
6026,2831,27599,1,18791.0,2021-10-21,24,9.4,414
6027,3663,5334,2,38814.72,2024-02-09,60,8.34,25
6028,1250,5418,1,8146.5,2024-06-16,24,6.28,284
6029,18920,23433,3,63960.31,2023-03-17,60,3.3,1473
6030,14166,23630,4,37730.16,2023-11-27,24,6.29,881
6031,17046,4729,2,76621.38,2022-08-14,60,5.82,301
6032,1236,2485,1,12250.24,2024-02-23,12,3.4,1092
6033,61,25868,3,77152.98,2022-04-28,36,8.94,1031
6034,19952,8975,2,27061.42,2021-01-20,60,9.9,817
6035,5223,9402,1,48329.47,2023-09-18,12,7.15,1161
6036,17265,12811,3,62489.79,2022-06-20,60,3.18,1188
6037,11307,5674,2,51310.06,2022-11-17,36,5.05,83
6038,8724,30019,3,62293.62,2023-04-11,12,9.16,1921
6039,19170,12957,4,18707.12,2024-06-21,36,6.58,1674
6040,10359,19306,3,43225.41,2021-07-14,48,5.09,1444
6041,18503,35338,1,39188.11,2023-06-05,12,4.16,1097
6042,11666,37576,1,99392.91,2024-03-23,60,7.94,1261
6043,18390,25527,1,27850.8,2023-04-13,48,9.6,46
6044,2117,14667,1,21340.96,2022-11-22,48,6.21,618
6045,18712,19053,3,94733.67,2022-01-19,36,6.11,928
6046,19571,9145,1,95343.75,2022-06-16,36,9.55,1824
6047,15831,5203,2,4102.42,2020-07-19,48,4.99,262
6048,7957,31758,2,10501.78,2024-01-25,60,8.91,176
6049,971,18295,4,65563.35,2022-05-12,60,7.87,1190
6050,258,14739,2,33571.96,2021-01-16,48,9.42,657
6051,4786,18087,4,30205.89,2022-01-06,60,4.87,842
6052,2079,18313,4,93985.33,2022-11-27,60,5.87,370
6053,4004,2164,4,13342.94,2021-03-23,60,6.82,1819
6054,5088,27108,2,6267.86,2022-05-22,24,8.46,54
6055,13255,9898,4,94389.35,2021-12-02,24,3.49,690
6056,5541,39310,4,21070.54,2022-10-22,24,3.64,1443
6057,1015,27220,1,84350.73,2022-06-26,48,7.86,1780
6058,15189,38106,4,36219.88,2022-08-23,60,6.19,1531
6059,2936,839,3,21150.27,2024-06-26,12,9.68,1365
6060,1544,12763,3,21278.85,2021-04-04,12,5.06,1151
6061,6190,12407,4,93193.95,2023-01-31,60,4.85,1433
6062,18223,29385,2,5615.22,2021-05-20,36,7.56,1948
6063,797,17036,3,15167.64,2023-12-03,24,5.21,367
6064,17161,14732,2,60007.78,2023-11-06,12,6.34,1295
6065,13018,3081,4,54915.73,2022-04-18,24,6.96,644
6066,14622,17266,4,37350.21,2020-12-20,48,6.2,1629
6067,8458,9390,1,53173.64,2023-08-01,48,3.79,379
6068,11431,13016,1,9230.4,2024-01-23,36,9.92,73
6069,11681,14372,2,59009.26,2020-12-09,60,4.82,1947
6070,8626,6906,4,46976.49,2023-07-21,36,7.79,1946
6071,5277,23701,4,33832.14,2021-08-30,12,4.2,915
6072,13516,23823,4,81546.33,2022-09-23,24,4.9,1272
6073,14163,20825,1,4081.57,2023-08-15,60,9.73,860
6074,2808,6478,2,67094.91,2022-08-29,36,6.3,1809
6075,12127,26728,3,25872.94,2022-06-30,12,4.92,43
6076,11877,10397,2,38248.98,2024-07-02,24,8.12,377
6077,9666,24139,3,65881.48,2020-09-06,36,4.48,1065
6078,9633,28397,3,78960.5,2023-06-12,48,5.72,170
6079,2583,7687,3,69267.49,2024-03-06,24,9.96,1970
6080,13748,31814,1,38704.93,2021-09-09,60,9.51,212
6081,6045,34425,4,19086.53,2023-05-12,36,4.23,1517
6082,19468,13211,1,78875.2,2023-03-19,48,3.14,1704
6083,13553,4901,1,31184.07,2020-09-11,24,5.38,39
6084,14380,11473,4,18839.9,2021-06-17,60,9.64,369
6085,13696,1649,3,11338.2,2024-03-19,60,9.64,757
6086,3580,30203,2,18389.25,2024-01-16,24,7.05,151
6087,6624,33477,3,99471.13,2020-09-10,24,8.57,1135
6088,5641,25551,2,34583.89,2020-09-17,36,9.9,1504
6089,18444,14293,3,29268.77,2022-03-20,12,7.28,1460
6090,3961,34352,4,73942.93,2021-04-04,60,7.3,1071
6091,5002,7732,2,9290.7,2022-05-23,48,3.32,1024
6092,7481,4040,3,63487.87,2022-10-10,36,9.28,1599
6093,1328,7251,4,4140.37,2023-01-21,24,5.28,737
6094,9081,34282,2,24159.91,2024-04-08,60,8.74,1390
6095,17824,29998,3,54026.47,2022-02-07,60,4.3,69
6096,303,12797,2,46834.69,2022-09-22,48,5.52,299
6097,14816,10639,4,43009.42,2021-01-13,36,9.63,944
6098,9369,3006,3,26979.12,2023-03-19,36,7.67,802
6099,16711,16864,3,29685.49,2022-12-12,24,6.73,296
6100,18879,29482,2,58815.69,2020-08-25,60,3.44,203
6101,16659,31980,2,61488.64,2021-03-31,48,6.54,61
6102,8879,31672,2,43243.59,2023-02-12,12,3.39,946
6103,11938,2105,2,61700.22,2023-03-09,24,7.54,963
6104,499,10554,2,40055.29,2021-07-02,48,8.72,1854
6105,14578,7759,2,2045.54,2023-03-18,36,4.74,1338
6106,5355,38694,2,84987.33,2023-09-11,60,3.03,1185
6107,1412,6352,3,30497.09,2022-08-23,24,4.43,331
6108,14022,1933,3,48486.27,2022-04-14,60,6.75,1552
6109,3241,23919,1,61886.62,2023-03-23,24,6.22,338
6110,7791,14432,4,99077.57,2022-07-20,36,7.76,1630
6111,513,580,3,58977.0,2021-09-01,60,8.1,1328
6112,19911,22539,2,57314.55,2023-11-07,36,5.85,1527
6113,19362,31499,3,65988.93,2024-06-20,12,5.0,1674
6114,1647,38678,4,30055.4,2023-01-11,36,4.18,1362
6115,2763,37077,4,68285.39,2022-02-13,24,3.39,1574
6116,8374,26230,1,45064.66,2021-07-09,36,5.19,639
6117,3286,28750,3,69818.94,2024-04-24,60,3.23,275
6118,4242,30721,1,46739.57,2023-03-25,36,3.15,1188
6119,2777,20711,2,38832.3,2020-07-23,48,8.83,1467
6120,14042,31677,3,28167.02,2023-06-21,12,7.35,319
6121,4981,33267,1,31400.62,2024-02-13,36,9.82,589
6122,12884,321,1,14299.77,2021-05-09,36,8.68,504
6123,5816,36224,3,87794.07,2023-10-08,24,3.51,1710
6124,4832,13642,1,29196.54,2023-11-06,24,9.51,387
6125,3000,39431,1,33253.25,2022-04-10,48,4.12,1994
6126,7530,10517,1,87409.1,2023-07-19,36,5.18,870
6127,12238,26742,4,65099.03,2024-03-13,24,3.24,833
6128,17020,2911,2,66908.14,2021-03-11,60,9.28,1015
6129,1245,5858,2,22026.17,2023-09-25,36,3.37,1912
6130,152,2083,1,83925.79,2021-03-25,12,3.5,603
6131,4221,5601,1,11483.98,2021-06-15,60,5.97,1774
6132,6199,29452,1,65939.95,2020-10-27,60,8.83,1800
6133,16536,9746,4,36009.17,2021-03-10,48,5.21,691
6134,19749,8554,3,10321.38,2022-11-28,60,4.44,494
6135,16957,35376,3,7792.66,2023-01-29,24,8.2,490
6136,10594,28633,4,37306.6,2023-12-10,12,5.99,721
6137,10420,24448,4,37236.36,2022-05-01,60,6.74,1097
6138,12331,32931,1,3884.9,2021-05-21,12,7.54,509
6139,9111,17596,1,51150.13,2023-08-23,36,6.43,390
6140,5037,25262,3,68031.01,2024-06-23,12,3.37,1643
6141,1807,23122,2,50636.61,2023-01-13,60,3.78,1881
6142,10438,26679,3,83223.22,2020-09-11,24,7.47,295
6143,9267,30415,4,58216.79,2022-08-15,24,4.82,1393
6144,13518,39699,4,10416.18,2023-02-07,48,5.01,1980
6145,10500,23757,1,86645.28,2023-09-28,36,4.27,796
6146,18040,39073,2,69524.5,2022-10-26,48,4.19,865
6147,2975,15667,4,19666.88,2022-06-01,12,5.84,1718
6148,823,7942,2,92703.72,2023-04-01,24,6.84,549
6149,1880,21005,3,62839.01,2022-07-18,12,5.94,649
6150,4760,30330,1,31283.7,2023-11-16,12,4.27,1874
6151,9805,18679,3,7335.69,2024-05-24,12,6.83,568
6152,19549,30696,3,9476.44,2022-11-29,12,3.63,1211
6153,18562,6385,1,96270.45,2022-11-03,48,9.26,853
6154,12723,29414,3,82570.82,2022-05-28,60,7.67,770
6155,338,25502,2,68168.4,2021-08-17,24,6.39,445
6156,3202,24285,2,48975.01,2023-01-24,48,7.81,1594
6157,18301,16244,2,9332.9,2023-01-20,24,8.22,363
6158,2948,6094,1,9557.04,2022-06-20,36,7.47,123
6159,18090,26593,2,12797.61,2021-06-24,48,3.25,1212
6160,9614,12170,1,86663.75,2021-01-10,48,3.81,742
6161,1463,6509,2,43283.6,2020-09-16,36,9.87,680
6162,3162,32417,3,12164.38,2023-12-19,24,7.23,420
6163,16727,3761,1,16735.03,2024-02-01,60,9.82,1650
6164,16954,19978,1,83226.92,2023-10-20,36,4.47,1276
6165,5239,18680,3,72259.95,2022-03-11,24,8.22,1643
6166,2093,28532,2,50450.07,2021-04-08,12,9.9,1573
6167,2115,28958,4,4621.19,2023-11-09,24,8.08,1359
6168,18183,6675,2,29825.21,2020-09-10,36,3.86,92
6169,1223,34589,1,45774.98,2021-02-05,36,5.29,1554
6170,6155,27479,1,22050.55,2024-04-17,48,4.81,1890
6171,16300,23798,4,68528.55,2020-08-24,60,4.51,63
6172,733,38977,4,34086.08,2022-01-31,24,4.86,1686
6173,14274,1281,1,67865.68,2020-09-30,36,9.02,512
6174,11659,26134,1,23140.55,2021-08-20,24,5.84,1163
6175,9224,20366,1,57110.41,2023-08-08,12,7.08,1722
6176,15129,32302,4,77395.37,2020-12-18,36,7.88,1209
6177,17066,9598,2,55868.05,2020-09-15,36,3.18,1229
6178,10567,26289,4,14133.76,2020-11-07,24,3.7,772
6179,17944,5798,1,3397.78,2022-06-29,48,4.92,1238
6180,18729,28068,1,51148.75,2023-05-10,12,9.8,256
6181,16021,27204,1,24568.93,2021-07-30,60,7.44,135
6182,7076,34749,1,37353.73,2022-09-01,60,7.27,1597
6183,7322,24120,3,70352.72,2021-12-21,36,7.29,875
6184,1051,18779,2,84442.54,2022-01-13,60,4.75,822
6185,6930,15071,4,7406.79,2024-05-01,12,8.18,88
6186,4323,33775,1,11547.81,2023-09-02,60,3.56,1860
6187,6754,29508,3,50322.4,2021-03-24,24,5.62,988
6188,9945,19655,3,99720.7,2022-11-01,36,4.43,1231
6189,1312,23771,4,43076.34,2021-05-27,36,3.3,1153
6190,2622,37597,3,25101.68,2021-11-03,36,5.97,823
6191,2884,23087,3,37749.16,2022-02-24,60,4.89,1027
6192,7488,14522,3,16090.88,2020-12-25,60,6.11,974
6193,4266,4133,1,99140.01,2023-04-15,60,6.2,934
6194,12594,14689,1,74274.95,2022-02-04,24,4.8,1778
6195,6252,35437,2,47968.09,2023-03-20,60,4.14,121
6196,15016,33019,4,16820.04,2021-12-28,48,9.65,1409
6197,13876,13574,1,83255.85,2024-04-07,60,8.93,1638
6198,16386,25690,4,2074.38,2021-03-26,60,8.31,1062
6199,8376,9823,3,15897.99,2020-09-22,60,8.57,1365
6200,2719,34406,3,72951.02,2023-06-17,12,5.58,1008
6201,5654,15056,4,4575.38,2022-07-25,24,3.01,925
6202,4007,16197,1,88451.87,2022-06-27,48,5.6,645
6203,2965,18179,2,74635.7,2021-09-27,36,6.86,714
6204,2593,7729,3,37036.74,2021-04-28,36,5.7,860
6205,13518,32752,1,77810.5,2020-10-15,36,3.03,21
6206,8931,26582,4,51458.07,2023-11-16,60,9.12,242
6207,4369,15321,4,53520.18,2021-01-18,48,4.94,455
6208,4034,15387,3,30579.91,2022-10-16,24,8.83,963
6209,9890,25425,3,71735.69,2021-12-20,60,7.56,621
6210,14405,39940,3,72387.6,2022-09-07,12,3.78,303
6211,15310,11515,3,60534.92,2020-10-29,36,7.66,1620
6212,4219,18404,3,66055.41,2021-05-07,60,4.56,1619
6213,17935,34444,1,80813.94,2023-06-20,48,9.77,803
6214,1457,31512,4,92372.87,2021-04-15,12,5.51,964
6215,3396,26546,2,85440.29,2022-11-08,36,8.67,69
6216,19863,38742,4,86307.89,2021-11-06,12,9.74,1153
6217,16045,8645,4,41888.4,2021-11-25,24,6.24,196
6218,9470,17092,3,93619.93,2021-12-20,12,7.84,140
6219,9945,17464,1,86712.29,2021-12-27,48,3.73,1468
6220,4963,20175,3,6537.85,2022-04-04,12,3.51,283
6221,13141,18907,4,22328.13,2022-08-23,60,6.92,312
6222,17057,21786,2,67796.33,2024-02-28,48,6.07,746
6223,12870,10772,2,80446.73,2022-05-31,12,9.36,1559
6224,12513,13927,3,52501.15,2022-06-30,48,9.6,1689
6225,7069,25598,3,79027.54,2020-08-14,60,9.0,277
6226,9602,39403,3,13277.77,2023-07-28,48,5.94,61
6227,8958,29606,2,67757.49,2024-03-30,60,5.02,1343
6228,18759,22804,2,91971.08,2024-03-19,12,3.0,1914
6229,15660,6089,1,63248.5,2024-04-17,24,7.73,52
6230,13977,26202,2,98232.17,2021-01-18,48,6.52,1880
6231,10703,3658,1,66052.12,2020-11-29,24,7.24,153
6232,8239,13163,3,64229.07,2021-04-26,36,6.22,1773
6233,14045,37008,4,41997.35,2021-12-16,60,6.83,1335
6234,64,7161,4,95593.47,2024-04-12,60,5.93,1838
6235,15814,28350,3,49348.85,2021-01-09,60,5.16,544
6236,6132,31742,3,82104.68,2023-02-07,48,4.49,567
6237,6295,26188,1,41835.35,2021-10-16,12,9.85,1888
6238,12520,32575,2,15294.01,2024-05-31,48,6.21,1413
6239,9234,36806,1,31219.81,2023-11-12,24,8.86,1572
6240,14273,11360,4,52313.96,2020-08-03,36,8.87,622
6241,3201,20189,4,40954.83,2020-12-16,48,9.29,1201
6242,3039,14838,3,85577.93,2020-08-23,36,9.09,1386
6243,3122,28839,2,23282.5,2021-01-08,60,4.4,314
6244,14768,10163,2,51752.43,2022-04-13,12,6.2,807
6245,9474,36846,4,31712.23,2023-07-04,12,5.97,848
6246,7189,35144,4,64249.43,2022-03-14,48,6.76,97
6247,3575,34495,1,10457.72,2022-06-07,36,4.37,881
6248,3257,33544,3,77800.99,2020-10-29,60,7.32,1237
6249,19237,3782,1,57672.08,2022-12-24,12,4.21,829
6250,6659,7300,2,14069.6,2020-09-08,36,8.4,137
6251,14171,36392,4,33822.29,2024-06-09,60,6.75,1030
6252,1717,32507,2,47831.49,2022-09-11,24,9.64,1011
6253,17563,17077,4,72558.28,2024-01-02,60,7.07,109
6254,7954,23138,1,56913.05,2020-09-24,24,8.59,547
6255,9815,10910,2,44960.7,2021-03-27,12,3.35,1063
6256,8955,7801,3,18117.66,2023-09-16,36,9.19,662
6257,4286,32710,1,66897.89,2023-07-01,36,6.36,425
6258,19614,6815,1,95692.3,2020-09-17,60,3.3,630
6259,3894,3604,4,35352.7,2022-12-26,48,5.47,261
6260,6553,27617,2,1109.27,2021-03-07,36,9.32,1450
6261,10751,39963,2,74301.37,2023-02-05,12,5.15,87
6262,12003,14609,1,6597.78,2022-01-04,36,8.04,465
6263,12824,14571,3,99791.58,2023-11-11,60,7.26,76
6264,4963,27528,1,95871.53,2023-07-05,24,8.69,471
6265,4163,16658,4,40118.6,2021-04-20,60,7.48,2000
6266,6941,22300,2,26562.33,2021-11-23,12,7.42,1987
6267,10291,34864,3,96707.18,2022-06-10,60,5.96,414
6268,1395,28208,4,19044.92,2024-03-28,60,5.34,825
6269,12141,18426,4,53715.38,2021-11-30,60,8.86,895
6270,8491,8595,2,55340.87,2024-03-10,36,9.77,726
6271,17175,4003,4,23666.69,2021-03-09,48,9.5,457
6272,12885,21990,4,75217.53,2022-06-13,24,4.88,1309
6273,14049,9395,1,91712.37,2021-08-31,60,5.66,1263
6274,13902,30170,1,92899.9,2020-12-21,36,4.19,1701
6275,5648,26485,1,61571.43,2020-09-07,12,9.02,1623
6276,16438,31514,4,25814.63,2022-08-07,36,8.6,653
6277,7585,30309,3,21186.47,2020-09-27,36,3.18,672
6278,3373,35886,4,91489.42,2022-06-25,12,8.98,1582
6279,8341,28266,3,15273.96,2020-07-06,48,4.46,1396
6280,16517,10961,3,63920.08,2023-01-20,12,9.13,495
6281,12865,16812,4,9529.77,2021-04-11,24,3.55,1648
6282,165,6241,2,67586.3,2023-03-02,60,6.48,1943
6283,3393,22465,2,5239.59,2021-11-25,12,4.46,1069
6284,940,31878,1,62463.98,2020-09-18,24,4.98,1425
6285,7518,36610,3,44438.57,2022-10-18,60,5.77,1271
6286,13853,7223,2,4359.06,2022-10-18,48,5.98,1640
6287,7817,5982,2,45454.81,2024-01-15,12,8.79,597
6288,19720,19318,1,70331.59,2022-07-14,24,4.66,450
6289,4633,35942,2,45562.09,2022-11-21,60,9.24,485
6290,5368,251,1,77888.17,2020-12-15,36,7.79,646
6291,17533,5269,3,75436.52,2021-02-26,12,8.67,620
6292,5229,28354,3,44429.0,2022-07-27,48,9.71,1042
6293,17860,3198,1,29262.65,2021-07-06,48,4.46,1630
6294,2716,11029,4,39797.27,2021-06-08,24,7.76,662
6295,17501,30464,1,8000.1,2021-06-30,24,6.82,758
6296,6620,38321,2,74351.2,2022-11-22,24,3.01,289
6297,4832,2078,4,11567.94,2023-09-15,24,7.85,1438
6298,19333,35877,2,42079.18,2024-03-06,48,8.2,721
6299,2015,35612,2,75446.25,2022-10-13,60,4.35,638
6300,1342,26546,1,83004.76,2022-10-22,24,6.0,235
6301,16208,31140,1,98955.97,2022-03-01,60,7.42,416
6302,17359,3117,4,60258.34,2024-01-08,36,7.5,938
6303,12523,2076,3,52829.22,2020-09-14,12,6.52,499
6304,4760,20155,4,80578.48,2021-05-18,36,4.59,974
6305,338,26428,2,23080.24,2022-10-20,24,5.18,634
6306,521,20613,2,68345.54,2020-11-18,60,5.57,1674
6307,4215,12821,1,29092.08,2021-03-17,12,3.48,1020
6308,13300,17412,2,2922.68,2023-08-12,12,3.15,115
6309,12062,24947,1,79256.79,2024-04-01,36,3.11,932
6310,8774,20440,1,81031.25,2021-12-15,60,9.45,674
6311,5778,14409,3,32194.34,2020-08-20,12,5.84,1737
6312,19195,22374,2,13272.16,2024-02-21,12,9.76,1258
6313,16337,36649,4,71679.5,2023-03-10,12,5.1,1564
6314,436,21344,3,22163.12,2021-12-26,36,9.99,1035
6315,9042,36133,1,20651.43,2021-03-13,24,4.25,206
6316,10947,17560,3,87307.89,2020-11-19,60,4.47,1703
6317,4456,30343,3,6980.27,2022-10-21,60,9.46,247
6318,13695,411,2,4273.34,2023-12-06,12,7.24,1583
6319,2895,19521,3,4303.98,2022-06-25,12,3.65,758
6320,6671,25731,1,54923.57,2023-09-29,36,6.3,1151
6321,3055,39856,2,27707.38,2023-08-26,48,8.91,147
6322,18460,4793,3,2849.88,2021-01-23,36,3.07,118
6323,8723,6067,1,76001.31,2021-02-02,12,3.78,1935
6324,16016,17043,3,87904.7,2021-02-20,24,7.82,1406
6325,10228,23922,1,32135.04,2021-06-01,48,9.03,412
6326,17073,17859,4,81548.15,2022-10-12,60,6.8,1688
6327,15574,10728,2,45233.25,2021-06-07,36,3.19,1608
6328,14145,1772,4,67188.49,2022-02-17,24,3.14,363
6329,11101,35451,4,31322.71,2021-12-31,12,9.53,1533
6330,13821,22183,1,27784.77,2020-10-28,12,9.1,137
6331,15026,33980,3,29577.92,2020-10-15,60,5.02,1199
6332,4866,8733,1,87721.96,2024-02-01,48,5.62,1313
6333,1966,13902,2,31736.03,2022-02-25,48,6.87,958
6334,10463,34864,2,49808.9,2022-09-02,60,3.58,1505
6335,4576,25642,3,76724.48,2023-04-24,36,7.1,19
6336,10056,21501,2,61741.89,2022-06-29,24,4.86,195
6337,12845,7490,2,97858.35,2024-06-01,12,5.69,330
6338,18265,28948,1,60221.45,2023-04-21,60,6.95,1960
6339,5239,37296,1,81392.52,2023-10-24,48,6.34,175
6340,5399,8909,3,79858.57,2020-07-21,60,4.78,1002
6341,12981,21041,2,47435.28,2021-02-25,24,3.99,449
6342,15840,6495,4,64406.84,2020-11-06,24,7.59,1949
6343,2368,518,1,53594.21,2021-12-30,12,8.32,946
6344,19979,38630,2,32464.91,2022-01-23,12,3.14,1378
6345,1247,14014,3,6761.35,2020-10-03,48,9.74,1523
6346,14207,20324,1,38382.78,2023-12-12,48,8.75,141
6347,16585,39346,1,36188.52,2022-06-04,48,3.42,758
6348,5710,5065,4,8526.03,2024-06-09,60,9.6,1921
6349,8288,3581,1,31541.46,2020-07-22,36,4.01,930
6350,18452,18193,4,47927.63,2023-07-22,24,5.41,93
6351,13181,16213,4,21591.44,2020-09-15,24,5.92,1968
6352,16814,7148,4,23382.67,2022-04-02,24,4.76,239
6353,18514,24559,3,28515.24,2021-10-18,48,8.03,205
6354,4277,14928,2,96674.17,2020-11-22,36,5.66,560
6355,12708,32752,2,41568.19,2024-01-24,12,6.3,1457
6356,4266,15187,1,72837.84,2020-12-25,24,6.03,245
6357,15874,35761,1,19563.17,2020-11-25,36,8.28,832
6358,7118,15980,3,79856.15,2022-06-04,12,9.82,1341
6359,6233,35710,3,14959.91,2022-03-25,48,3.17,925
6360,9425,2810,2,65874.82,2024-01-20,36,6.03,295
6361,16534,38133,2,69994.34,2023-05-12,48,5.06,640
6362,14025,13454,2,12376.2,2023-02-04,48,4.3,856
6363,18700,26154,2,76291.66,2024-04-01,24,3.34,1306
6364,2995,36568,2,59749.23,2024-04-25,24,7.08,17
6365,3569,19752,2,79869.37,2023-09-01,48,4.28,71
6366,13631,2989,4,1345.84,2023-05-22,36,4.69,1293
6367,13476,25103,1,93629.57,2023-08-11,12,7.53,1349
6368,6922,5578,3,42912.04,2024-07-02,12,6.88,1818
6369,10417,7158,3,45565.83,2023-12-03,60,4.4,305
6370,16620,3180,1,4192.84,2024-02-16,60,5.21,1475
6371,7308,7098,2,74621.26,2021-05-24,36,5.42,1031
6372,14282,2303,2,76977.45,2021-02-17,60,9.2,1338
6373,2729,1303,4,73820.42,2022-03-22,12,8.33,817
6374,17142,2680,1,57380.05,2022-09-15,48,7.58,1127
6375,12661,12039,4,74188.55,2022-03-13,48,5.72,821
6376,13653,4485,1,99156.94,2022-01-21,60,9.03,193
6377,1005,2708,3,9734.34,2024-06-14,24,7.0,1777
6378,11597,35616,2,92460.9,2023-09-15,60,8.91,1598
6379,3336,19539,3,94007.06,2023-01-13,60,3.73,529
6380,3503,16889,3,3771.69,2023-05-11,12,5.36,171
6381,9586,3894,2,56963.5,2020-07-18,60,6.89,1561
6382,8473,7507,3,23113.53,2021-04-10,36,7.86,251
6383,13305,19722,1,77327.96,2022-05-05,60,8.24,1789
6384,1978,1037,4,12908.1,2021-11-14,48,8.65,1411
6385,13095,3111,4,27520.01,2023-10-10,48,6.96,1231
6386,5887,30907,3,60006.44,2021-08-21,48,9.19,541
6387,724,8395,1,99830.38,2024-06-03,60,8.44,1653
6388,3697,1586,1,40111.82,2022-04-09,12,3.84,416
6389,3996,19691,1,40306.49,2021-04-12,36,5.19,794
6390,12353,7809,1,56071.64,2022-08-06,48,10.0,1404
6391,9973,11993,1,15066.07,2021-11-08,24,7.72,1168
6392,4911,25734,3,2348.21,2023-01-06,12,4.57,25
6393,2746,32018,1,26997.08,2021-04-22,12,6.94,1846
6394,14085,26506,3,54608.69,2023-01-30,24,9.8,668
6395,10870,18878,3,28380.65,2020-08-24,60,5.19,1097
6396,8087,26591,1,62692.92,2020-07-27,60,9.52,632
6397,11914,394,1,54001.56,2022-09-06,48,9.43,1848
6398,7017,13054,3,12772.55,2023-01-16,60,3.97,1857
6399,984,14631,2,60041.37,2020-11-27,48,5.15,1117
6400,11630,13821,3,15970.61,2022-01-22,24,9.69,505
6401,13512,11252,2,13916.75,2021-02-10,36,5.72,1622
6402,2039,29308,1,72230.52,2023-11-14,24,4.34,336
6403,16846,24141,3,23121.68,2022-02-13,24,4.38,425
6404,3279,9945,4,84516.68,2021-01-19,36,7.62,499
6405,5456,39012,2,44335.43,2024-02-13,12,8.77,1388
6406,12216,18602,1,17019.04,2024-01-28,36,5.4,947
6407,10728,10126,1,49586.55,2022-04-18,48,5.07,630
6408,10180,23920,1,47661.46,2022-02-05,60,7.14,1769
6409,5789,5063,3,96082.91,2022-06-01,60,5.39,1223
6410,4051,10683,2,24692.44,2020-10-06,48,5.36,718
6411,14520,17114,2,6346.65,2021-11-01,36,3.73,1437
6412,1557,3489,3,2670.49,2023-05-20,36,5.45,339
6413,11300,39767,2,62922.52,2021-11-26,24,5.19,659
6414,19286,8116,4,20179.77,2022-06-03,48,4.08,962
6415,139,35046,1,35669.39,2021-09-06,24,5.16,1961
6416,2721,11169,3,87161.03,2020-12-11,24,4.63,429
6417,6331,9387,4,75607.41,2021-06-26,36,4.14,1807
6418,18954,22325,2,23231.35,2024-06-16,24,5.02,899
6419,10571,12737,4,81872.13,2022-09-06,12,9.79,139
6420,768,33562,2,67024.74,2023-06-08,60,6.95,1717
6421,5719,18459,4,49177.82,2021-07-28,36,9.89,942
6422,14175,37811,3,83909.24,2020-07-19,24,4.57,542
6423,2440,10061,1,87296.65,2023-02-09,12,8.71,57
6424,16912,12593,3,84714.32,2020-11-08,24,8.81,1256
6425,15453,6443,4,63548.42,2023-06-15,36,7.76,658
6426,18390,8467,4,14259.65,2024-06-11,60,4.45,435
6427,8784,33167,4,81758.62,2023-02-18,48,5.36,384
6428,9019,29851,1,28788.83,2021-12-20,12,8.98,560
6429,19247,12652,3,53610.35,2023-06-16,12,9.57,194
6430,518,30449,1,24094.19,2024-05-11,48,6.37,1760
6431,189,35151,3,32721.85,2023-01-19,12,8.29,1672
6432,14296,27014,1,26057.34,2023-06-22,48,5.65,534
6433,947,30936,3,58875.44,2020-10-30,36,4.38,518
6434,1231,22531,4,56506.77,2020-07-18,48,9.34,716
6435,9368,17268,3,50713.19,2020-08-15,60,8.75,751
6436,5338,39288,3,24803.49,2022-10-01,12,7.93,185
6437,7845,25047,4,78212.6,2023-07-08,60,5.86,1896
6438,3172,78,3,24404.46,2020-10-12,24,9.88,292
6439,2658,25696,4,87659.92,2021-01-02,48,4.67,1359
6440,1522,10479,4,50482.47,2021-02-12,60,4.9,732
6441,9995,28134,1,15131.75,2021-12-25,48,5.07,116
6442,1082,2322,1,14061.11,2022-05-15,48,3.9,825
6443,14672,16774,3,14043.1,2021-10-30,12,8.64,1073
6444,3556,17820,3,86965.01,2024-04-15,12,9.36,685
6445,15737,15092,4,14852.39,2022-06-13,36,4.57,82
6446,8298,17433,4,82123.08,2021-09-02,48,3.77,834
6447,18302,35954,4,30455.48,2023-05-29,24,9.08,333
6448,15368,39634,3,64685.16,2024-05-22,36,9.54,557
6449,10254,17417,4,77388.82,2023-10-01,36,4.62,335
6450,4309,20625,4,55803.99,2023-05-04,36,8.55,532
6451,11357,19705,1,48858.3,2022-02-21,48,6.16,1984
6452,29,18674,1,89311.56,2023-04-22,36,4.71,221
6453,15285,26031,2,37988.9,2021-05-16,36,8.52,635
6454,15934,36972,2,16137.46,2022-02-24,12,4.09,1770
6455,5061,35764,2,1159.0,2021-03-26,48,4.85,1757
6456,13003,33316,3,50348.89,2021-05-02,12,9.53,323
6457,13585,36754,3,54377.76,2022-02-07,36,9.28,1875
6458,7017,26042,4,83184.32,2024-05-13,12,8.99,3
6459,18840,38857,3,78823.05,2020-07-05,48,3.17,1718
6460,19543,4185,1,63787.06,2024-06-20,36,8.53,206
6461,4037,29457,2,9092.19,2023-11-22,24,9.34,1856
6462,17278,37808,1,18054.8,2022-11-02,48,8.51,40
6463,12392,32171,1,11919.03,2024-02-18,48,6.87,59
6464,12767,3190,4,19274.57,2023-02-04,12,8.12,951
6465,12902,32333,2,45634.78,2021-05-13,12,4.74,574
6466,2082,33269,3,44218.29,2020-08-11,12,6.37,644
6467,18066,6231,4,88377.21,2023-02-05,24,7.33,1531
6468,10195,29488,4,19769.29,2021-03-02,24,7.71,1596
6469,3047,244,1,35336.31,2020-10-27,36,9.61,1908
6470,19017,19650,3,13987.96,2024-06-27,48,6.12,843
6471,10506,8304,4,10120.05,2022-12-23,12,3.55,1146
6472,4783,18042,4,82182.15,2024-02-18,36,4.97,1503
6473,3587,9539,3,66884.75,2023-02-15,36,7.14,619
6474,16066,12699,1,36809.2,2022-04-22,12,8.94,96
6475,7143,23618,3,74980.03,2021-08-10,24,5.41,1883
6476,6443,15121,1,63193.29,2023-11-26,60,5.32,1438
6477,10656,4310,1,50116.19,2021-04-03,24,6.67,1259
6478,9788,14557,2,73380.18,2020-08-31,12,8.19,898
6479,10563,25102,4,22394.44,2020-10-26,12,8.63,1086
6480,5491,27644,4,88476.77,2020-07-19,12,9.84,1280
6481,11866,3897,4,67544.46,2020-07-29,60,5.17,561
6482,2253,16166,3,60300.95,2023-01-26,48,6.4,905
6483,5897,12158,1,40534.09,2020-12-13,60,4.76,348
6484,8832,16440,4,66041.3,2020-12-27,36,7.91,671
6485,18154,35225,4,79568.96,2022-05-10,24,7.65,1148
6486,13828,25406,4,38846.88,2021-02-04,36,3.76,1506
6487,18694,15984,1,2239.81,2022-11-11,48,6.87,317
6488,10806,13471,4,82234.4,2023-04-25,36,4.26,1528
6489,12218,16707,4,61754.1,2021-05-24,36,9.31,719
6490,10232,31462,2,50185.9,2021-01-16,24,5.46,1072
6491,9289,974,4,81847.43,2022-11-10,60,3.37,1433
6492,9269,8981,1,69932.53,2023-04-04,48,9.06,1956
6493,2471,15299,1,56712.09,2023-07-08,12,7.02,1160
6494,10509,1553,1,30075.63,2023-12-24,12,6.91,1225
6495,10520,32711,1,42801.73,2024-06-09,48,8.74,250
6496,19060,27724,4,58919.11,2023-09-18,12,9.39,314
6497,15062,28652,3,37830.34,2023-03-05,12,6.5,1893
6498,1959,24201,4,2308.25,2020-11-02,36,8.03,1392
6499,4258,36222,3,75805.98,2021-02-24,36,5.36,1453
6500,5721,21135,2,6930.74,2023-05-18,12,4.1,1854
6501,13559,3693,3,74710.99,2022-09-20,12,7.78,807
6502,301,37011,1,39785.83,2022-02-21,12,9.54,1504
6503,16149,19837,2,69463.75,2024-05-30,36,8.7,1338
6504,19985,4429,1,69784.67,2021-11-06,12,3.66,1524
6505,6999,30352,2,61811.97,2022-04-21,12,7.14,1745
6506,2134,24955,3,4265.79,2020-11-20,36,4.5,1379
6507,14122,1150,2,85527.99,2022-09-02,48,7.23,485
6508,7322,21183,3,62128.95,2022-01-11,24,3.61,1235
6509,16937,26021,1,84861.66,2024-02-06,60,6.9,1728
6510,2990,24578,1,32512.94,2023-02-23,24,9.17,44
6511,14146,16652,4,42187.3,2020-08-24,36,6.12,1565
6512,398,7864,2,24613.4,2023-01-21,60,9.3,571
6513,14246,14309,4,68020.18,2021-01-19,60,4.08,583
6514,4262,13301,4,75552.13,2023-04-14,12,9.7,1116
6515,11162,3185,2,52474.25,2021-07-26,36,6.88,1289
6516,11558,178,4,17186.61,2022-04-01,24,6.26,895
6517,1683,24198,4,4592.46,2021-08-28,36,9.35,220
6518,11183,1481,2,37459.4,2023-01-18,36,9.21,1926
6519,1350,3914,2,68026.13,2021-06-19,24,3.25,925
6520,12989,20887,3,12582.0,2023-05-23,36,7.46,1466
6521,591,2167,4,29491.59,2022-01-07,12,5.96,401
6522,15952,21294,4,98867.24,2022-01-15,24,8.08,1424
6523,9406,27937,4,73310.93,2023-08-12,24,9.96,727
6524,12065,30473,1,5619.61,2024-04-15,36,8.25,991
6525,19330,6310,2,88278.61,2021-01-24,24,6.08,899
6526,3116,33196,2,86860.33,2023-10-29,60,3.3,1813
6527,6610,15211,4,9452.24,2021-04-28,36,7.81,1600
6528,12876,24986,2,53858.19,2020-11-01,36,9.12,858
6529,13801,28089,1,33917.63,2022-02-01,48,4.16,804
6530,10994,9495,2,65908.07,2020-07-10,24,5.34,490
6531,19664,21389,3,8306.81,2023-09-13,24,7.38,1509
6532,10870,17189,3,33372.97,2023-06-23,12,7.57,1781
6533,12406,24319,1,42923.63,2022-11-15,48,5.6,1494
6534,8917,11565,2,86767.59,2020-07-19,60,9.02,1598
6535,8519,18401,2,90650.33,2021-07-20,60,3.2,938
6536,13995,24835,3,8382.15,2022-09-17,12,3.53,844
6537,18354,39720,4,98966.69,2023-10-30,60,6.65,1706
6538,15184,712,2,20190.68,2024-01-28,60,7.78,1469
6539,3631,29385,3,82072.73,2022-06-02,36,7.65,1293
6540,15342,38859,3,27826.77,2020-10-13,48,6.6,267
6541,1009,32713,1,25060.38,2020-12-08,24,8.85,54
6542,11093,4557,2,62692.01,2023-02-21,12,5.95,528
6543,7730,22601,4,33580.36,2023-02-21,12,8.17,1544
6544,13768,9319,1,17609.63,2022-03-16,60,4.43,616
6545,8145,21681,1,23912.79,2023-08-12,60,5.41,1083
6546,10594,15752,3,29968.09,2023-08-20,36,3.73,1849
6547,14236,38050,1,4123.17,2021-10-29,12,6.46,1064
6548,14570,12237,4,6179.09,2021-01-03,48,3.55,1261
6549,10671,38497,4,28017.58,2022-05-19,60,8.53,955
6550,2038,24495,3,17746.46,2022-03-05,48,9.41,386
6551,10262,31230,1,37418.27,2021-02-16,60,4.33,1630
6552,6144,10334,3,86556.36,2021-07-20,36,6.23,734
6553,662,28801,4,53344.0,2022-03-27,48,3.44,716
6554,12551,33062,1,78963.98,2020-10-29,36,5.79,650
6555,11141,11607,2,58795.01,2021-04-27,24,8.65,300
6556,4913,31520,1,88553.63,2022-02-18,36,5.89,395
6557,12033,2130,3,71372.88,2024-02-16,24,3.45,1231
6558,19738,37411,3,63589.76,2021-01-19,60,9.52,1360
6559,10794,7535,1,38212.6,2024-05-30,36,8.82,593
6560,10839,3853,4,24351.52,2020-12-12,24,7.58,1754
6561,6231,5084,4,24557.73,2021-03-21,24,7.27,514
6562,13825,3931,2,13717.58,2020-08-21,48,3.1,1202
6563,381,19523,2,38373.45,2023-11-12,24,9.2,396
6564,2716,39795,3,4873.93,2022-02-16,36,8.88,371
6565,8200,5961,3,42625.89,2020-07-17,12,5.81,858
6566,12557,26517,1,68780.02,2023-12-01,36,4.5,791
6567,18741,34735,3,91985.7,2024-03-30,12,4.02,658
6568,5171,3025,2,4282.0,2022-04-18,60,7.58,1342
6569,13099,31277,3,81234.14,2023-08-06,48,3.91,736
6570,16380,5707,3,28670.71,2021-12-01,60,3.92,1393
6571,18070,22180,3,38326.19,2022-09-29,36,5.92,384
6572,14820,21443,3,33266.2,2022-12-16,60,4.69,62
6573,17268,29783,2,66410.69,2022-07-07,24,3.68,1830
6574,19100,39542,1,28012.92,2021-03-25,24,7.25,505
6575,4464,22295,1,14836.04,2022-05-23,48,9.94,239
6576,16144,1456,2,55311.02,2023-01-11,60,7.51,195
6577,6041,38525,4,59653.98,2021-04-13,60,8.0,678
6578,9967,24292,2,19628.91,2023-11-29,60,7.24,1987
6579,17535,19675,4,70511.27,2022-03-27,12,9.25,1246
6580,4727,35815,1,61120.97,2021-10-30,12,9.39,61
6581,3345,23265,3,42340.55,2022-01-14,24,8.7,1153
6582,13765,27995,4,60317.96,2024-04-06,12,6.69,990
6583,17022,31727,2,85960.05,2022-02-08,60,3.61,685
6584,4727,3264,4,24735.8,2023-08-22,24,4.76,156
6585,17613,30656,3,87681.18,2023-01-26,60,5.37,1941
6586,5908,35411,2,84340.47,2023-10-04,60,9.08,1402
6587,3492,39360,4,37554.64,2022-05-03,60,4.18,1646
6588,14946,35109,4,12664.76,2023-09-13,60,5.82,1805
6589,1398,15900,3,58526.36,2021-07-14,12,5.77,923
6590,1790,5193,2,95903.98,2021-05-25,36,3.47,868
6591,17479,29164,4,4339.87,2021-12-31,12,8.13,903
6592,4722,39301,1,67661.45,2023-03-15,48,3.59,1814
6593,13408,4371,3,66783.53,2022-10-08,24,3.21,1610
6594,10323,19302,4,17749.4,2023-10-23,60,5.91,999
6595,14283,39010,3,10467.7,2023-12-01,60,6.39,1461
6596,19080,39934,4,66266.45,2024-03-20,12,5.72,975
6597,13357,1483,1,62194.44,2023-07-19,36,7.56,1231
6598,12057,30874,1,9808.52,2020-09-26,36,5.37,388
6599,6869,3244,1,19359.53,2021-11-21,60,8.04,1504
6600,13393,11803,2,78730.63,2021-09-23,48,8.88,1815
6601,14722,24764,4,56378.14,2023-02-27,60,7.21,887
6602,19214,19369,3,30800.67,2023-08-06,24,9.93,838
6603,17066,12676,4,73800.85,2021-07-24,24,4.65,1364
6604,267,34960,3,4225.6,2021-04-18,24,5.99,1893
6605,12623,35948,1,25445.68,2022-03-05,48,5.2,340
6606,824,3472,3,63501.36,2022-07-01,12,7.85,204
6607,5604,24771,2,45869.74,2021-10-17,12,9.8,161
6608,6580,22337,2,33920.36,2021-07-25,24,3.8,1564
6609,13962,21700,3,47000.57,2021-12-30,36,5.61,392
6610,10656,14999,4,49041.1,2022-10-31,12,9.59,769
6611,5477,24104,4,27801.25,2024-01-02,48,6.35,1701
6612,4149,25125,4,63710.04,2023-11-09,24,8.15,575
6613,4971,13370,3,27202.43,2023-07-22,36,4.3,534
6614,12382,38507,3,44290.14,2022-10-30,48,7.27,1094
6615,3935,4484,3,19902.29,2021-06-21,60,8.53,893
6616,11381,4140,3,55133.73,2022-09-16,24,5.95,405
6617,14651,11596,3,71330.53,2022-08-16,48,8.3,608
6618,13748,31829,1,1553.13,2023-01-26,36,6.88,1699
6619,18086,10343,1,94374.15,2024-03-03,36,6.41,1615
6620,1340,17405,3,44866.82,2021-09-07,48,5.05,1541
6621,392,31335,4,73993.32,2020-12-01,12,5.95,828
6622,16759,33866,4,12653.01,2022-12-09,60,9.77,1144
6623,12069,31803,2,18811.52,2024-03-30,24,5.26,1838
6624,5522,32859,4,17901.26,2021-07-06,36,9.82,690
6625,2535,32788,2,42349.14,2024-06-15,48,4.74,1712
6626,5227,14783,4,51862.42,2022-12-18,48,8.33,902
6627,18171,10424,3,6991.65,2022-10-23,24,9.94,1241
6628,18943,12236,2,81460.55,2022-04-23,36,8.14,56
6629,5315,28326,2,25942.98,2021-07-01,36,3.28,366
6630,5526,35619,2,5118.71,2023-01-27,12,9.81,1723
6631,13591,6487,4,83167.21,2024-06-06,12,3.4,1528
6632,8243,15956,3,37418.02,2021-12-26,12,4.95,1768
6633,4961,16561,1,34923.95,2022-10-21,24,5.14,1791
6634,13577,10314,2,34655.0,2024-02-06,24,4.12,1949
6635,17451,28594,1,8060.23,2022-06-10,36,5.58,455
6636,5480,28527,1,7629.37,2023-01-21,24,5.97,104
6637,3396,37350,1,22050.23,2021-10-16,12,4.19,77
6638,16161,36982,2,50745.79,2020-08-23,36,4.87,230
6639,5430,23575,3,96383.61,2024-03-24,12,7.9,1938
6640,5309,27405,3,97971.33,2023-10-20,36,3.61,1282
6641,1764,18041,4,39547.96,2024-02-06,48,7.56,1288
6642,2509,36694,1,12767.98,2020-11-08,60,9.34,331
6643,12655,30449,2,67675.74,2022-06-30,60,5.55,1206
6644,9827,22423,1,52493.0,2021-09-24,60,3.15,893
6645,15466,7011,2,43584.48,2020-10-08,24,8.03,1792
6646,6921,22918,4,54083.44,2024-01-14,48,9.67,1574
6647,19776,29118,2,35462.56,2023-09-21,60,9.85,688
6648,284,10849,1,69598.5,2022-06-18,36,4.72,27
6649,15425,16632,2,61386.89,2022-06-21,24,3.43,1300
6650,3698,632,1,78065.08,2022-03-20,12,9.51,1676
6651,2703,938,3,85734.88,2021-08-26,36,6.96,299
6652,14853,1457,2,77195.09,2023-06-20,48,6.88,957
6653,585,657,2,65795.51,2024-05-08,36,4.39,799
6654,3938,23924,2,44880.5,2021-02-25,24,4.74,1115
6655,3743,16393,1,40686.91,2022-05-10,24,3.66,480
6656,11753,21946,3,86680.17,2023-04-15,12,9.33,573
6657,4383,2993,1,2413.0,2022-01-03,24,3.93,458
6658,11949,37122,4,97736.76,2020-09-01,12,8.85,1475
6659,15002,9604,2,98389.19,2021-08-10,24,3.78,365
6660,10715,16623,4,49274.07,2023-01-26,48,5.27,859
6661,8350,6797,4,6717.52,2022-03-26,48,9.06,1699
6662,19120,12894,2,90314.38,2021-08-23,24,9.44,351
6663,9419,29873,4,39389.23,2021-05-10,12,3.27,1679
6664,11094,39553,3,27959.1,2021-04-23,60,7.07,1424
6665,7903,3517,2,65460.4,2023-06-27,60,8.76,253
6666,18306,26309,3,50221.68,2023-05-26,24,3.14,781
6667,9381,22834,1,13288.34,2024-03-11,12,7.02,1905
6668,7579,7240,3,45505.94,2023-07-05,36,6.52,803
6669,299,10179,1,35290.88,2023-01-05,36,8.29,1012
6670,7430,32836,2,88242.18,2022-07-28,48,6.2,459
6671,6541,31405,4,6679.66,2021-11-26,60,4.04,1723
6672,4157,26695,4,43920.71,2020-10-10,48,6.95,917
6673,18250,2823,1,53357.55,2021-10-23,24,3.99,499
6674,3522,8765,3,53338.4,2024-06-23,12,9.68,950
6675,532,27869,4,35190.5,2022-06-10,48,5.28,1995
6676,9506,25102,4,13955.86,2023-07-03,36,9.43,1950
6677,355,20029,1,6070.49,2024-04-19,36,7.16,508
6678,381,24055,3,2935.66,2022-07-26,24,4.73,1328
6679,1084,14250,4,2128.88,2023-11-01,48,3.93,501
6680,14419,37634,1,66649.23,2023-03-13,48,3.28,803
6681,1934,20707,2,28228.33,2021-08-19,24,7.98,598
6682,8193,35252,4,89104.65,2023-08-31,12,7.84,166
6683,6197,28109,2,47525.92,2020-12-14,60,8.21,1439
6684,5170,33511,1,20882.71,2023-05-04,24,9.62,462
6685,17539,1146,4,42563.42,2023-06-15,12,4.75,920
6686,19283,38627,2,82204.72,2021-12-09,36,6.57,114
6687,12931,25791,4,96217.63,2020-12-24,48,6.38,1457
6688,14001,10380,3,47544.5,2021-08-20,36,8.14,992
6689,17565,7296,1,29710.67,2021-06-20,60,6.1,1380
6690,10901,2317,1,70564.78,2022-11-28,36,9.63,1952
6691,19605,7252,3,22607.81,2023-10-14,60,7.53,1719
6692,16767,5946,2,8642.97,2023-10-08,24,8.83,207
6693,3242,679,2,97862.43,2021-10-11,48,3.45,1792
6694,17433,15809,3,66375.37,2021-05-23,12,9.95,1259
6695,3391,1994,4,24519.14,2023-10-03,24,8.62,1466
6696,12690,1496,3,89213.33,2020-11-23,60,4.76,1379
6697,6908,22869,4,50340.67,2023-06-26,48,3.83,515
6698,12060,31161,3,87242.67,2022-02-07,24,4.72,1232
6699,7855,32648,3,38246.28,2023-08-05,36,9.23,709
6700,16170,34508,2,59979.91,2023-01-07,24,9.46,1877
6701,11395,33459,4,94118.54,2024-01-11,48,7.43,1149
6702,15458,10600,1,72471.41,2022-04-03,12,9.7,138
6703,12528,25408,1,44908.39,2024-02-01,48,5.28,339
6704,1384,34076,3,3565.22,2022-01-05,48,4.36,537
6705,1395,35693,4,24060.75,2022-01-19,12,5.36,68
6706,4976,28324,1,40808.6,2024-04-16,36,9.97,1597
6707,18391,38583,4,31059.23,2023-06-19,48,5.77,1565
6708,15009,4400,2,76284.33,2022-10-04,12,8.95,383
6709,1972,32946,4,5656.8,2022-01-25,36,4.4,19
6710,732,33429,4,3515.78,2021-12-03,48,5.69,683
6711,5302,25470,1,54940.69,2023-03-14,24,3.93,1474
6712,12899,29616,1,2933.59,2022-02-01,36,7.22,74
6713,11683,21702,1,17431.23,2020-08-18,12,8.39,573
6714,6746,32834,4,91604.01,2020-10-23,60,9.51,939
6715,12399,31001,3,11452.84,2021-04-03,36,7.76,1689
6716,7997,29792,3,52115.74,2021-09-04,12,5.03,1300
6717,16863,27997,4,71653.85,2023-08-25,12,8.16,1072
6718,19906,25033,3,90204.06,2024-05-10,48,6.25,211
6719,6871,18474,1,34846.43,2023-05-19,24,6.33,855
6720,19373,3579,1,15167.69,2020-07-26,60,7.28,1944
6721,5866,32630,4,42639.9,2022-05-06,60,8.91,651
6722,14270,13210,2,13015.34,2020-12-15,12,7.2,1646
6723,16706,36558,4,85962.81,2022-03-16,48,9.58,994
6724,342,18768,3,94125.73,2021-08-29,36,5.23,695
6725,16924,14503,3,92605.85,2021-11-07,24,4.57,540
6726,3432,37225,1,91837.5,2022-01-24,36,9.57,1733
6727,8331,16075,3,18715.28,2022-09-02,60,3.31,1215
6728,17466,33832,2,39735.41,2020-10-15,36,7.1,1339
6729,9010,30532,3,48601.7,2021-02-23,24,5.28,901
6730,4066,35144,2,82657.88,2023-02-07,60,9.19,1587
6731,11920,38323,2,34944.08,2022-09-14,12,9.76,1685
6732,154,32883,4,24015.1,2022-07-06,36,9.28,780
6733,10267,6801,1,62400.38,2023-02-22,48,6.07,1586
6734,1841,4365,1,56622.46,2022-11-03,60,5.02,1924
6735,17562,18481,3,80900.03,2021-08-27,48,9.14,1782
6736,3424,27427,4,69393.58,2021-06-29,24,4.8,1137
6737,11657,560,2,98600.51,2022-05-22,48,6.64,170
6738,773,32732,3,22985.21,2022-05-28,24,5.54,1492
6739,16159,34466,3,47970.03,2022-11-11,36,8.09,1702
6740,5372,37334,1,97674.24,2022-07-30,12,6.08,1945
6741,6899,29882,2,84039.39,2024-03-31,36,6.47,1038
6742,7765,22154,3,80413.89,2022-05-06,24,6.51,1739
6743,243,31180,3,92781.28,2020-08-08,60,4.75,288
6744,3401,12188,2,63201.93,2023-02-03,60,3.57,1931
6745,18008,36063,4,36817.04,2022-09-01,24,8.73,189
6746,1050,8986,2,24078.81,2021-11-27,24,7.39,914
6747,17226,12543,2,86155.63,2022-08-24,24,8.26,1179
6748,6308,22166,1,32689.4,2021-09-20,12,6.65,1591
6749,14096,37642,2,1147.03,2021-09-12,60,4.66,694
6750,3156,15041,3,90514.13,2024-06-06,12,8.81,1746
6751,4005,32319,1,73384.87,2020-07-20,48,3.1,888
6752,17013,2553,2,46799.28,2020-07-13,48,7.24,471
6753,19641,1551,3,94084.9,2021-10-21,24,5.51,1099
6754,1861,3756,3,88677.24,2024-04-25,12,8.73,277
6755,18017,34473,4,73648.21,2021-05-31,24,4.19,940
6756,15691,25147,2,19370.43,2023-01-26,60,3.22,1669
6757,5261,6176,1,11832.0,2022-07-23,12,9.19,1367
6758,6759,24796,1,2452.47,2021-10-05,24,7.43,1449
6759,13114,22819,1,12174.07,2020-08-02,24,5.19,571
6760,1329,2992,4,2669.49,2020-10-24,48,5.68,1535
6761,7466,21939,4,20658.81,2023-12-25,48,7.76,857
6762,19689,4251,3,23382.58,2022-12-07,24,3.81,1001
6763,7602,4543,4,81243.72,2023-12-30,60,9.98,1206
6764,12849,34476,2,97318.12,2022-05-17,48,7.24,458
6765,17196,13876,1,16478.33,2024-01-29,36,3.87,918
6766,13876,30706,3,69312.94,2020-11-12,36,7.76,1875
6767,13482,9470,2,56269.71,2022-10-11,36,5.3,833
6768,17810,514,3,71011.37,2022-02-12,36,8.57,1088
6769,5472,10128,3,44148.66,2023-04-29,12,8.17,839
6770,17180,2899,3,12297.21,2023-08-09,60,4.08,1284
6771,5286,10599,4,52477.94,2020-11-21,60,9.61,193
6772,11500,39824,4,14735.72,2022-03-18,36,8.65,1679
6773,7930,11001,3,97103.66,2021-04-01,12,7.14,616
6774,7707,12171,3,38758.32,2024-05-31,60,9.3,1996
6775,17023,7865,4,66310.98,2020-08-07,36,9.48,406
6776,1971,2184,2,58823.88,2022-07-10,60,6.98,1750
6777,7209,3752,2,4075.02,2022-08-09,12,7.5,1778
6778,3950,23324,4,70761.29,2020-11-21,12,8.84,943
6779,3108,23866,3,43352.44,2024-01-24,24,3.19,721
6780,14148,27606,2,64401.41,2021-11-13,12,4.47,93
6781,17891,21510,1,38017.78,2020-12-18,60,5.64,430
6782,8504,16369,1,94668.32,2021-09-02,60,5.61,654
6783,4659,27202,2,39728.72,2024-06-13,60,5.01,1458
6784,10529,14634,2,65742.16,2022-09-19,36,7.63,1428
6785,11913,9379,1,61201.73,2022-02-18,48,6.64,434
6786,4804,27242,1,3756.08,2021-10-15,36,6.03,1136
6787,15565,26290,2,73183.82,2021-07-25,12,3.06,1953
6788,13938,8104,1,10145.75,2023-07-16,60,9.63,375
6789,3743,29788,4,32896.33,2021-05-03,60,6.59,1083
6790,13724,16575,1,31349.77,2022-07-21,24,8.78,1067
6791,17057,17219,3,51214.38,2021-12-29,36,8.71,207
6792,17079,35138,3,62085.71,2023-05-13,48,5.68,780
6793,11996,26947,4,36476.77,2022-07-18,60,4.74,1320
6794,13586,17691,4,42899.21,2021-12-07,24,7.37,1142
6795,15897,19655,1,18063.63,2020-11-22,60,9.53,532
6796,17924,29380,4,18999.65,2023-02-16,12,5.5,1246
6797,7661,20491,1,30594.26,2022-04-03,24,5.37,166
6798,17629,35702,2,20884.37,2023-12-22,36,3.2,643
6799,17900,36502,3,79598.64,2023-10-18,24,5.04,1180
6800,12227,1964,4,48279.11,2020-12-15,48,4.39,1208
6801,2036,36153,1,18200.48,2021-07-03,24,7.4,90
6802,4349,32707,1,30083.09,2023-11-09,36,4.07,1118
6803,12507,11334,4,24820.5,2022-09-28,12,8.52,13
6804,17765,15884,2,96503.56,2023-09-23,24,4.93,973
6805,10026,2010,3,7582.46,2021-05-17,48,8.39,1858
6806,5866,15382,1,26350.85,2023-06-03,12,3.8,805
6807,6949,37421,1,10323.88,2023-09-10,48,4.12,945
6808,19879,26437,3,79478.87,2021-11-16,48,4.76,742
6809,17813,6899,3,32843.87,2023-08-17,24,4.97,1858
6810,15915,31915,4,91258.84,2021-11-13,48,3.79,1828
6811,5453,24702,3,88664.26,2021-01-04,24,3.5,1462
6812,19259,20356,2,44174.27,2022-09-11,48,8.25,1562
6813,19686,30446,4,46368.43,2021-04-27,12,7.56,1611
6814,10064,38626,1,77111.25,2023-08-01,24,3.81,1992
6815,19708,15302,4,27018.87,2023-11-14,36,4.41,876
6816,19756,20457,3,25889.41,2023-04-01,24,4.25,1960
6817,11803,11100,1,89150.57,2021-11-09,24,8.52,1835
6818,10761,18539,4,93612.34,2023-03-19,60,6.35,1174
6819,11156,9797,4,98673.54,2023-03-11,12,6.72,660
6820,13899,29849,4,12103.11,2022-04-17,60,4.85,1032
6821,11568,24161,1,22064.98,2022-07-06,12,6.51,1053
6822,5802,10647,4,98031.4,2021-06-19,12,8.4,296
6823,4783,38196,3,36028.23,2021-08-14,60,3.38,986
6824,299,23425,4,35588.15,2021-02-09,48,4.22,926
6825,11980,22751,1,14076.8,2023-04-12,36,9.01,1745
6826,15102,18229,2,61143.09,2023-10-14,36,6.34,640
6827,17962,33937,1,20325.09,2021-02-07,48,8.14,340
6828,13579,10500,1,15988.42,2022-12-05,36,4.5,628
6829,15849,36395,1,13840.23,2023-01-01,48,7.29,439
6830,6413,26555,4,61834.53,2021-08-03,48,7.51,1168
6831,4645,25369,2,30714.29,2020-08-12,24,5.43,942
6832,826,5251,1,4454.79,2021-12-07,60,9.41,830
6833,998,9975,4,30770.31,2024-04-11,12,5.42,1771
6834,5376,5604,3,99112.22,2020-08-15,24,3.69,519
6835,7057,36924,3,6432.19,2023-02-09,60,4.53,976
6836,13037,38299,2,42450.48,2023-02-05,60,3.7,1069
6837,13910,27560,2,60991.95,2021-12-15,12,6.9,955
6838,15972,4902,2,21935.43,2022-10-07,12,7.15,1263
6839,12987,22778,1,61661.34,2023-04-15,60,9.53,952
6840,8632,4948,3,43835.0,2021-04-29,36,4.15,944
6841,15553,27346,1,89695.52,2023-07-19,48,4.31,155
6842,7819,37943,1,32035.35,2024-03-14,24,9.66,1205
6843,7760,23689,1,25309.64,2023-05-19,24,8.91,1239
6844,16283,37389,4,49239.21,2023-04-23,12,9.73,88
6845,14218,31214,1,91786.34,2020-07-19,24,6.68,1280
6846,11005,18131,3,43451.76,2022-07-09,24,7.25,1535
6847,2921,9715,2,87674.76,2022-01-18,12,5.62,1097
6848,16261,33010,4,41855.51,2021-06-30,48,3.34,931
6849,9869,23334,2,81073.17,2020-11-24,60,7.32,179
6850,12612,15294,1,27220.62,2023-08-25,48,3.49,212
6851,18071,8956,4,62917.97,2024-02-12,36,8.6,1829
6852,5000,31612,2,97581.03,2021-10-22,60,9.51,1258
6853,7727,31467,4,21827.92,2022-01-04,24,8.57,465
6854,1253,22140,3,85664.86,2024-06-28,48,9.75,1775
6855,3694,270,1,58859.09,2022-02-03,24,7.14,1247
6856,15693,16918,2,15358.37,2021-02-09,48,3.39,631
6857,13063,6717,2,63752.0,2023-08-01,60,5.33,825
6858,12218,10741,4,3485.76,2020-07-16,36,9.94,1288
6859,17506,36115,2,98422.0,2024-06-29,36,3.79,1231
6860,2930,36092,3,22923.21,2022-08-02,60,9.96,607
6861,1,36750,4,31798.82,2023-02-26,60,3.48,885
6862,2134,14677,1,35996.93,2024-04-07,12,6.28,1758
6863,11913,29553,3,57045.23,2020-09-09,60,9.73,366
6864,8756,39311,4,30945.03,2024-04-29,48,7.25,276
6865,4410,36259,4,8650.78,2021-10-24,36,4.66,380
6866,9078,29853,4,32660.37,2021-12-31,12,5.36,1767
6867,12632,18171,1,55253.35,2023-08-22,24,6.86,1333
6868,6988,11718,4,21692.58,2024-05-10,60,8.39,1655
6869,1639,34360,1,13382.3,2024-04-04,60,6.24,1292
6870,2618,29269,1,9776.57,2022-11-12,48,9.84,945
6871,2682,27074,4,20649.95,2022-10-29,36,3.73,1809
6872,6650,17197,3,83376.86,2020-10-14,24,7.42,1088
6873,3012,26871,3,36378.92,2023-07-23,24,9.01,810
6874,15720,12225,3,82659.29,2022-12-08,24,8.21,1374
6875,17685,33396,3,65907.95,2023-03-29,24,7.01,925
6876,985,8051,4,73488.14,2024-01-21,48,3.95,1939
6877,772,25867,2,98822.9,2023-12-22,36,6.12,494
6878,12041,3981,2,36259.76,2023-08-31,48,6.32,1547
6879,9940,22440,1,84870.7,2023-08-01,12,4.37,1122
6880,5391,38147,4,13793.66,2021-06-30,24,5.01,1970
6881,7338,17713,2,3179.85,2021-11-02,12,9.49,1095
6882,8206,5973,3,80815.75,2022-10-06,24,6.13,364
6883,418,6313,2,12941.04,2023-10-31,36,3.04,570
6884,19010,13594,3,96458.89,2022-11-01,48,8.76,1826
6885,14754,13050,1,1759.12,2024-04-27,36,6.01,763
6886,6352,9972,3,92816.55,2022-03-07,48,7.13,276
6887,6756,31123,4,91252.1,2022-01-30,36,6.23,50
6888,12830,4291,3,70707.06,2021-05-15,12,8.87,1382
6889,10169,8035,3,31604.08,2024-01-02,48,7.38,728
6890,17737,32573,1,79474.83,2022-12-24,12,9.21,906
6891,8039,15911,1,33920.56,2021-08-13,48,6.75,928
6892,7218,20359,2,53170.43,2023-11-17,48,8.81,564
6893,14376,20100,2,82354.58,2021-08-02,48,3.03,783
6894,12616,30901,4,64540.42,2021-08-24,12,9.77,485
6895,9299,24069,1,50152.88,2023-10-17,24,4.69,1108
6896,7691,35139,4,83243.6,2021-05-07,24,4.1,1923
6897,10842,35648,1,89374.18,2021-08-31,36,8.46,1829
6898,9573,22591,2,23156.34,2022-03-08,48,3.68,1662
6899,4310,38065,2,9185.84,2023-01-01,36,6.38,1832
6900,11993,39943,1,41289.75,2024-02-27,60,9.51,584
6901,1058,14745,3,94981.24,2020-09-01,36,6.72,1320
6902,3318,15274,3,66578.75,2023-08-13,24,4.89,236
6903,2804,35700,2,59241.28,2022-01-03,48,8.69,56
6904,9632,17421,1,99112.58,2023-07-12,60,5.08,1943
6905,14424,17014,2,68014.66,2023-05-22,36,7.49,360
6906,16218,29117,2,32958.3,2022-05-31,12,4.6,1931
6907,6912,38293,1,64114.63,2024-02-11,60,9.08,110
6908,3306,18488,2,97889.49,2024-04-20,12,8.99,192
6909,7811,11055,2,4584.96,2021-11-27,24,8.07,904
6910,17776,20084,2,79440.98,2021-05-22,60,7.43,1117
6911,5777,30810,2,2689.98,2020-08-08,36,9.57,862
6912,13850,31562,3,61544.25,2023-03-28,12,9.74,568
6913,12644,21090,2,53572.43,2023-10-01,60,6.62,1084
6914,13928,23861,4,23063.17,2022-12-28,60,5.54,650
6915,1404,2916,2,71039.08,2022-03-03,48,6.38,39
6916,5557,20105,1,38613.55,2022-04-30,60,7.08,1564
6917,7154,16969,3,44775.98,2021-05-10,12,3.32,1073
6918,3777,20226,4,53645.82,2023-02-10,60,4.28,1444
6919,5924,20995,3,11980.63,2023-02-25,12,3.12,637
6920,844,10748,2,13398.33,2022-03-04,48,9.91,1037
6921,4309,24496,4,62805.56,2022-04-07,12,7.71,36
6922,9957,28460,4,53686.95,2024-04-30,24,6.4,101
6923,9490,20683,4,3160.73,2023-10-17,36,7.52,1818
6924,11431,6773,2,79754.47,2021-05-07,12,3.43,1110
6925,17356,12494,2,52465.08,2021-08-25,60,4.25,1540
6926,12884,26609,4,39467.82,2021-11-07,60,3.05,1247
6927,10632,27208,2,90560.69,2022-06-23,48,6.02,1362
6928,17508,14887,4,90928.69,2024-05-13,24,3.71,1984
6929,1677,28459,3,23977.78,2023-08-23,36,6.81,166
6930,4553,14054,3,42330.09,2023-04-27,48,8.66,383
6931,2898,3101,4,83287.64,2023-12-11,36,3.75,1880
6932,13504,14092,2,2721.6,2024-04-15,48,8.98,1919
6933,4283,22462,2,19980.08,2022-01-17,24,3.37,1400
6934,2163,39188,4,21025.66,2024-06-02,48,7.4,1495
6935,2162,25163,1,56292.62,2022-06-28,48,4.64,790
6936,6735,25962,1,29789.22,2024-02-15,60,6.05,1666
6937,5841,37568,4,35148.75,2021-10-04,24,4.55,31
6938,6372,11948,2,22247.16,2020-12-23,12,5.2,1399
6939,2485,37878,2,43118.71,2023-03-29,24,3.92,11
6940,2196,20017,4,36614.16,2023-08-20,12,8.31,1326
6941,9664,20509,3,91945.37,2023-11-22,12,7.83,96
6942,16000,24799,3,15144.81,2020-10-16,60,7.67,1214
6943,8309,654,4,3563.34,2024-02-01,12,9.69,453
6944,12747,33716,1,80776.25,2020-08-13,48,6.73,192
6945,15602,9274,4,40898.62,2023-10-20,36,9.51,486
6946,718,31038,3,50347.02,2024-04-07,24,5.52,1290
6947,11640,13347,4,6428.68,2021-10-22,48,5.76,1448
6948,1262,15625,1,56774.15,2023-01-27,36,6.77,1152
6949,6779,533,4,96350.07,2020-08-13,24,8.71,238
6950,3361,4058,4,3888.64,2023-01-02,24,7.84,1944
6951,17756,38845,3,6430.99,2021-10-17,60,4.69,1379
6952,17156,17759,2,92994.78,2021-07-11,36,6.15,1964
6953,1758,14528,2,49733.43,2023-08-07,36,4.81,1136
6954,13287,8730,4,89501.23,2022-04-22,12,8.77,1852
6955,15778,23815,4,23246.94,2022-11-14,60,5.64,1470
6956,10128,39721,4,52632.01,2022-08-05,12,6.77,1367
6957,16964,19866,4,13609.57,2021-02-01,60,9.4,1169
6958,15959,33715,2,72287.14,2021-06-26,48,5.07,1089
6959,5768,16871,3,41945.95,2022-11-25,24,7.99,1271
6960,2240,1205,2,25166.75,2024-06-11,12,7.74,735
6961,13308,11848,3,10955.92,2022-08-20,48,5.32,991
6962,5146,26067,3,7733.36,2021-08-23,48,5.24,1514
6963,6525,20394,4,56157.43,2023-05-11,24,5.0,825
6964,15644,34175,4,31543.82,2022-01-05,48,9.64,1463
6965,5501,15125,4,4773.29,2022-01-18,24,9.78,106
6966,9675,23215,3,15754.05,2021-10-07,60,7.51,181
6967,16973,4903,3,30724.53,2021-07-07,60,9.86,184
6968,16252,32969,1,75720.2,2021-12-15,36,6.64,226
6969,14491,30715,3,16858.41,2023-11-13,60,3.67,777
6970,6828,12050,1,41980.46,2023-11-18,60,5.12,790
6971,3011,25286,4,16305.68,2023-10-02,12,4.05,1933
6972,13249,22711,3,14020.13,2021-04-25,48,5.01,1113
6973,3581,39979,2,58876.19,2023-10-24,36,4.93,688
6974,7217,29334,1,73332.36,2021-05-25,12,3.12,530
6975,5572,18264,1,28137.61,2022-05-18,48,4.66,1395
6976,14649,22757,2,81790.41,2022-07-27,48,5.58,972
6977,9021,26655,2,93073.15,2021-09-15,24,7.36,936
6978,15566,23611,1,74656.79,2022-09-05,48,8.81,1937
6979,2435,35594,2,19199.89,2023-11-26,24,7.07,1423
6980,3230,16994,1,96230.02,2022-02-25,12,5.4,106
6981,974,25733,3,23450.39,2021-11-27,12,5.71,1295
6982,6733,14107,4,90025.27,2021-08-25,24,5.22,1999
6983,16002,25612,3,62988.73,2020-12-28,12,5.26,831
6984,14258,13308,3,48464.02,2023-11-25,60,4.64,1527
6985,1412,29060,3,67556.07,2020-11-04,24,5.62,679
6986,7461,27276,1,8292.03,2021-07-18,48,8.25,1549
6987,3088,1237,1,8674.1,2022-10-23,60,3.14,849
6988,18149,21765,2,23049.2,2022-12-23,36,5.87,1056
6989,16114,9389,1,22450.03,2021-12-17,24,9.04,393
6990,18968,8437,4,66812.21,2020-09-21,24,3.1,40
6991,15738,28662,1,62460.12,2023-01-19,48,3.7,660
6992,19486,4825,1,46605.21,2024-01-05,24,8.4,1242
6993,7972,25823,3,18972.33,2022-03-03,24,3.14,1755
6994,4798,33797,3,69837.23,2023-04-27,48,7.33,981
6995,5224,33332,1,10061.97,2020-08-29,36,4.72,1106
6996,6591,4439,3,88289.4,2024-05-15,12,5.79,845
6997,7304,24845,3,62570.99,2022-10-10,36,5.87,1744
6998,9045,3230,3,63892.85,2022-08-17,60,4.95,201
6999,19662,21263,2,31603.89,2024-03-10,48,9.24,447
7000,18167,33689,3,66661.86,2020-08-12,60,8.84,1868
7001,11824,14495,3,29332.03,2021-02-16,12,5.75,1452
7002,15717,30271,4,14104.35,2020-10-07,24,4.06,1062
7003,6553,2567,4,27899.2,2022-10-29,12,4.63,1235
7004,11997,15593,4,5891.98,2020-09-09,12,3.93,444
7005,4851,37274,4,2814.44,2023-07-08,36,9.78,1351
7006,3,10291,3,3894.77,2024-02-28,48,3.13,761
7007,10509,22196,2,55924.73,2022-01-12,36,6.65,227
7008,1013,22223,2,25653.15,2022-08-30,36,7.38,48
7009,18846,33576,4,63819.24,2021-06-18,24,4.26,1042
7010,7436,14135,3,92223.28,2023-04-02,60,4.12,912
7011,767,4786,1,96757.26,2020-08-10,36,4.47,1463
7012,13306,8862,2,92107.88,2022-10-05,36,6.12,1831
7013,10763,7189,3,59753.03,2021-08-05,24,7.05,1732
7014,7000,35590,3,58644.41,2022-08-04,48,3.9,187
7015,4106,2809,1,49125.77,2021-05-05,36,7.99,345
7016,14078,39237,1,47845.55,2021-11-04,12,4.76,224
7017,15670,18438,2,91276.88,2021-09-02,36,6.56,830
7018,1865,15033,1,92481.85,2021-03-01,48,8.83,488
7019,9338,37463,1,80156.96,2020-11-03,36,7.68,1933
7020,9309,18101,4,52583.13,2022-12-20,12,8.78,877
7021,15434,24254,3,19454.1,2024-01-01,36,4.98,849
7022,5540,2465,1,12540.53,2021-08-21,36,3.92,1253
7023,11382,9473,3,77619.84,2023-08-22,36,6.75,1414
7024,19835,15966,1,39623.74,2022-08-18,60,8.6,979
7025,9092,7192,3,28492.58,2021-07-13,60,5.29,1613
7026,15523,11635,1,43457.96,2022-03-02,24,8.78,1017
7027,11282,8328,1,12459.29,2024-06-27,24,8.94,188
7028,8678,28259,1,56954.34,2022-07-06,24,3.92,1882
7029,11210,31769,3,26846.22,2021-11-15,12,9.23,270
7030,5985,6443,3,65816.56,2023-12-13,24,8.47,1631
7031,19432,19150,3,83286.9,2020-10-08,12,6.35,310
7032,15655,16204,4,39477.53,2023-11-29,60,7.12,1156
7033,9679,6759,1,46091.44,2022-04-13,60,3.66,1575
7034,10441,17945,2,53547.85,2023-04-05,24,6.05,1096
7035,15675,19277,1,96418.32,2023-09-02,60,5.03,1817
7036,13052,6224,2,67359.42,2024-06-14,36,8.02,845
7037,14658,37794,2,15468.37,2022-10-30,36,9.86,1696
7038,16506,39488,2,85244.19,2020-10-29,48,7.74,1211
7039,2552,26195,1,80481.98,2022-05-16,36,5.51,486
7040,2060,23326,2,78654.39,2022-08-05,48,8.95,1215
7041,19740,17830,4,23075.12,2021-01-06,24,4.53,1446
7042,1317,17812,1,4897.89,2020-12-21,60,9.6,120
7043,11979,17053,1,70376.23,2022-01-11,24,7.22,220
7044,12748,12183,1,66451.88,2021-09-17,48,3.14,53
7045,5451,9292,3,58091.81,2020-07-30,60,8.86,1758
7046,17101,21482,2,88357.69,2022-07-30,12,5.86,1475
7047,13858,14998,1,50353.13,2024-02-09,60,4.01,1436
7048,6661,5622,4,24724.61,2020-09-21,48,5.03,1667
7049,19308,17527,2,69450.65,2022-05-01,48,4.85,1261
7050,10538,20525,4,77108.33,2023-02-02,24,4.07,758
7051,14589,30328,1,71532.59,2022-11-15,12,7.8,738
7052,4721,3863,3,89682.84,2023-03-03,12,6.17,720
7053,5391,26643,1,10139.26,2024-05-23,36,9.17,406
7054,11355,23650,4,12464.21,2022-07-23,48,8.57,608
7055,8385,38971,3,2066.64,2021-11-23,24,5.39,1021
7056,17542,11335,4,28596.63,2021-09-12,12,5.85,422
7057,13440,28145,4,30172.83,2022-02-01,12,8.72,712
7058,12248,10699,3,21161.52,2020-11-24,36,9.01,247
7059,19990,30062,1,98394.6,2023-04-10,24,7.85,72
7060,2567,20582,2,69055.21,2020-09-10,36,3.19,1854
7061,6491,7826,3,4206.24,2023-05-25,12,3.16,185
7062,15990,19130,3,41086.6,2020-08-04,48,3.38,6
7063,6725,1468,2,94366.28,2022-03-21,60,3.04,1230
7064,3684,32940,1,94258.9,2022-03-31,12,4.94,1568
7065,19646,20633,1,31977.67,2021-01-20,24,5.55,1635
7066,1637,26074,2,10771.68,2022-06-04,24,5.77,906
7067,13410,39218,1,56875.68,2022-03-26,12,3.81,387
7068,3319,34198,1,29227.23,2021-02-01,60,9.34,1792
7069,14494,6429,2,44506.89,2020-08-08,36,3.22,699
7070,3608,3903,1,24483.5,2023-09-27,36,5.54,1100
7071,13350,3159,1,88491.4,2021-07-11,24,3.47,1201
7072,19874,25071,4,15060.7,2024-05-05,60,7.09,827
7073,7011,21955,1,74627.75,2023-06-26,24,9.83,1823
7074,7886,10735,1,50587.51,2021-11-01,60,4.11,349
7075,462,39408,1,59416.74,2020-09-20,36,6.84,1279
7076,12109,33836,3,23924.22,2024-06-25,60,9.67,1861
7077,906,35918,2,99051.77,2021-08-27,12,9.78,1726
7078,10103,6026,1,12372.83,2023-06-01,48,7.07,308
7079,7580,23122,4,60992.04,2023-06-24,36,9.7,1369
7080,8458,20906,2,78046.88,2022-05-26,48,5.27,1151
7081,6065,25589,4,52620.42,2024-01-27,24,4.37,1961
7082,9111,19006,2,14914.62,2023-08-12,60,8.13,287
7083,6013,36938,2,77074.03,2021-10-28,36,5.69,766
7084,6300,21030,4,33389.99,2023-07-22,12,7.17,725
7085,10814,13743,1,88877.34,2022-10-23,48,9.74,762
7086,10062,26939,2,1036.81,2023-03-11,60,4.84,1620
7087,6245,12136,1,2879.94,2022-01-18,36,5.71,1511
7088,1262,4931,3,41077.76,2024-01-01,60,3.14,383
7089,19767,19350,1,99103.24,2023-08-10,60,4.17,1430
7090,14340,25942,1,88954.55,2021-10-25,60,6.59,388
7091,19984,7018,2,53964.33,2022-04-17,12,3.08,525
7092,8214,16606,3,8689.62,2023-10-24,48,6.74,1581
7093,6825,7784,1,91140.3,2022-10-25,48,8.11,639
7094,15985,15710,4,79669.11,2024-03-17,60,5.13,938
7095,11066,2275,3,17996.99,2023-10-17,48,7.38,1650
7096,17111,5766,2,53252.63,2020-10-23,36,4.34,1969
7097,10838,1811,2,83880.51,2021-07-27,24,4.06,276
7098,19296,6633,3,65916.91,2024-04-03,36,6.59,500
7099,655,19405,3,59833.25,2020-07-27,48,5.9,717
7100,11493,30964,1,90329.76,2023-09-03,60,6.12,337
7101,5527,39536,4,9153.39,2024-05-21,36,7.64,1974
7102,1100,30959,2,80991.72,2021-09-06,24,5.91,932
7103,1280,6254,4,98663.13,2024-06-25,24,4.05,481
7104,14959,19327,2,59572.84,2020-09-02,36,8.4,1921
7105,16325,21980,4,69139.94,2021-08-25,36,6.44,911
7106,15321,28702,2,23309.91,2024-05-17,12,3.89,1997
7107,16234,28499,4,57037.59,2022-01-05,24,5.85,1297
7108,6406,36749,1,62131.26,2021-11-27,60,6.89,1944
7109,3585,13427,3,21835.46,2021-07-31,12,7.36,1082
7110,14173,38970,2,71360.76,2021-05-08,36,5.49,1352
7111,15784,37930,4,94630.38,2021-08-10,12,5.91,1755
7112,17008,21907,1,71270.68,2024-01-16,60,5.64,109
7113,19294,5108,1,15370.3,2021-01-01,36,6.31,1303
7114,17616,535,2,64170.06,2021-01-15,36,9.2,1710
7115,10164,17106,4,98272.3,2023-09-15,24,4.41,328
7116,4331,8450,4,92169.15,2022-12-23,60,9.58,1800
7117,6820,26105,2,44649.68,2020-12-03,48,5.92,315
7118,11101,15212,1,73087.82,2021-09-24,48,5.55,1498
7119,7272,27451,1,93547.04,2021-05-17,12,8.05,1135
7120,4073,17974,4,44786.19,2022-09-30,12,5.18,699
7121,418,10968,3,91193.76,2023-06-25,48,3.3,781
7122,4947,17360,3,62880.75,2021-11-17,48,6.92,1959
7123,16779,25013,3,2320.63,2022-09-26,36,9.43,1253
7124,3977,1917,2,15010.4,2022-11-14,36,4.95,1521
7125,15842,2238,4,6540.25,2022-03-23,48,4.14,156
7126,2798,5051,4,75017.84,2020-11-27,12,9.0,1497
7127,9004,39457,2,12595.16,2023-09-06,36,5.13,1725
7128,11132,17500,4,92255.42,2021-03-08,12,9.12,1296
7129,15236,27145,2,62981.45,2023-02-19,60,3.7,887
7130,19406,32903,3,56313.92,2022-02-09,36,4.74,1026
7131,4471,32340,1,81873.33,2021-09-01,36,8.76,758
7132,6409,38670,3,90467.83,2022-01-24,36,6.43,722
7133,9464,8816,3,33251.83,2020-12-10,36,8.46,1535
7134,515,12643,4,36220.31,2021-04-20,24,7.79,913
7135,19413,27816,4,96285.49,2023-05-28,24,4.71,1310
7136,1734,35203,2,98788.57,2024-04-08,60,7.16,871
7137,14356,30803,4,91585.26,2021-05-27,12,3.18,13
7138,10115,13718,2,38796.26,2021-08-28,36,9.64,608
7139,13583,38924,2,96999.19,2020-07-03,24,4.23,498
7140,18086,16970,1,62067.13,2020-11-15,24,8.12,1757
7141,8056,26548,4,31802.09,2020-09-12,24,8.93,238
7142,2889,29789,2,99453.32,2024-01-21,24,6.13,1118
7143,813,19554,2,15619.22,2021-10-11,48,9.45,1362
7144,18210,35274,3,21440.55,2024-06-24,24,5.55,781
7145,3722,8786,2,93980.39,2024-02-16,12,8.1,1195
7146,2,17121,2,98492.83,2021-10-12,12,8.41,606
7147,8454,34878,3,27850.45,2022-09-21,48,8.2,661
7148,15516,28215,4,74479.08,2022-12-02,36,9.7,1648
7149,7953,37981,3,11292.91,2021-05-27,24,6.31,1591
7150,12518,6769,3,19523.41,2021-10-10,24,8.95,849
7151,5436,20310,3,13646.86,2021-02-27,24,8.01,936
7152,146,310,1,28597.25,2021-04-24,12,7.81,1491
7153,11782,33599,1,59116.03,2024-04-27,36,9.75,628
7154,13523,18884,3,66569.45,2023-02-09,48,4.97,143
7155,8217,936,1,16957.12,2023-04-23,12,6.94,1225
7156,19976,14078,2,48066.96,2021-06-04,24,8.88,1204
7157,19919,6348,3,1440.93,2022-02-13,24,5.52,714
7158,12068,33653,4,52228.11,2023-03-15,12,6.96,1388
7159,10246,34859,4,67134.89,2021-06-01,36,5.82,479
7160,8380,9736,3,42366.63,2023-08-17,48,9.31,565
7161,13127,36599,2,95743.51,2022-05-18,24,6.51,471
7162,18471,34805,1,10988.03,2020-07-18,36,8.45,384
7163,9140,17474,3,14986.53,2022-03-06,48,5.42,1716
7164,6806,1044,2,83391.39,2022-01-11,36,4.56,926
7165,4231,5447,1,65870.03,2024-07-02,48,8.42,417
7166,3834,9937,4,64981.16,2020-10-08,24,9.66,1849
7167,9527,23087,3,23584.54,2021-10-14,24,6.64,308
7168,14424,23716,4,73113.24,2023-01-07,24,5.14,649
7169,18486,20664,1,52458.12,2024-03-30,48,9.14,1718
7170,3825,34254,3,11323.16,2022-12-22,36,5.47,1391
7171,4260,24613,4,89556.79,2021-03-12,12,5.09,1025
7172,11170,36534,4,83731.21,2022-12-02,24,7.02,1068
7173,12015,24575,2,20858.72,2023-02-28,48,9.46,739
7174,9072,13598,1,18071.38,2021-12-15,24,8.87,1867
7175,11139,11242,2,86820.04,2021-03-24,12,5.11,1122
7176,7563,6260,3,5009.2,2022-01-03,48,6.55,1744
7177,5046,33621,2,54577.41,2020-09-02,36,3.12,1289
7178,18332,10166,3,39810.02,2024-02-20,36,6.67,1824
7179,16976,5852,2,89864.56,2022-12-23,48,5.8,1807
7180,3715,38758,2,8019.19,2022-12-16,60,9.9,140
7181,8628,29578,2,6159.39,2024-03-11,60,6.02,1505
7182,14460,26285,3,64184.34,2023-10-29,24,5.64,1261
7183,10574,38743,2,2531.29,2024-02-28,24,4.8,974
7184,11482,37961,1,18776.09,2023-02-11,12,6.98,1017
7185,11945,13912,4,36675.87,2020-10-06,60,5.58,953
7186,12759,22688,2,27794.54,2023-10-14,48,9.83,904
7187,10680,15738,2,11424.03,2023-03-07,12,5.42,72
7188,11724,14766,3,58811.68,2023-10-07,60,3.47,1691
7189,2428,24307,2,2096.42,2022-08-12,36,3.78,1214
7190,11379,15400,2,16442.48,2021-01-07,24,3.36,1292
7191,3653,20618,3,47634.53,2024-06-01,24,7.89,1345
7192,9345,23781,4,14228.68,2022-01-25,24,9.6,107
7193,18873,27129,3,35656.15,2023-09-01,60,8.54,1256
7194,3267,36619,1,27566.69,2024-05-29,36,5.41,1066
7195,4340,3309,3,52133.98,2021-07-22,36,8.27,1726
7196,1401,16009,1,74805.86,2020-10-28,24,6.22,883
7197,12010,37391,3,6267.02,2024-06-09,48,7.57,139
7198,10499,11995,3,69563.53,2022-02-25,48,4.07,615
7199,12728,27951,1,51006.81,2023-06-07,24,4.97,1707
7200,4110,13994,3,55941.16,2022-07-28,48,4.68,863
7201,18874,38560,2,72581.32,2022-12-27,12,9.94,273
7202,271,31758,4,74544.1,2023-09-17,12,6.19,1505
7203,2344,2757,3,29454.98,2022-08-02,12,8.84,416
7204,3990,27747,2,52237.89,2024-06-17,36,8.03,506
7205,7284,1867,3,2077.72,2021-01-24,60,8.97,733
7206,18738,24093,3,19477.28,2022-01-21,24,8.49,1749
7207,17224,34317,1,36387.05,2022-12-01,48,3.55,1877
7208,12225,30889,3,3226.17,2023-02-16,12,5.9,424
7209,13295,39242,4,20946.43,2022-07-20,24,6.51,1431
7210,4226,9377,2,22327.93,2021-02-20,48,7.89,1592
7211,8596,6401,3,40308.34,2022-09-06,48,6.07,390
7212,7803,28147,3,18866.4,2022-03-27,36,8.45,342
7213,2826,31085,2,44209.95,2021-02-22,48,9.18,946
7214,14772,31586,2,37558.75,2024-03-29,36,9.24,614
7215,6307,977,3,21314.26,2020-10-18,36,3.25,1957
7216,18430,13251,4,95217.05,2022-06-18,48,6.84,493
7217,12464,31347,2,98822.31,2021-10-10,12,3.43,192
7218,3834,21183,3,86857.33,2024-02-25,48,4.54,499
7219,2031,26057,3,31797.36,2024-03-26,60,5.88,822
7220,5391,17215,4,40162.22,2021-09-12,12,5.28,1736
7221,2892,33937,1,62516.3,2020-10-23,24,9.25,1257
7222,6735,35306,2,64985.01,2022-02-17,36,4.03,1969
7223,18489,11633,1,64023.93,2023-05-08,60,9.56,227
7224,18518,37996,4,60583.73,2021-08-23,24,4.26,1395
7225,5997,8428,1,65315.04,2020-08-30,24,9.9,139
7226,8608,10625,1,20448.13,2020-07-21,60,7.09,856
7227,18557,5579,1,58840.21,2021-12-17,12,5.94,817
7228,15478,27289,1,65926.7,2024-01-29,24,7.14,1173
7229,14377,11322,2,68004.49,2022-04-29,36,3.02,1139
7230,4794,17231,3,78142.83,2020-09-27,60,4.02,1474
7231,17354,33763,1,62695.52,2022-09-03,24,5.8,1087
7232,12924,16089,1,9326.24,2024-01-02,36,6.04,104
7233,2196,30286,4,70968.8,2021-08-07,48,7.34,1875
7234,2287,2231,2,63817.97,2024-04-01,60,4.82,871
7235,3852,10198,1,54242.14,2020-09-22,36,9.19,668
7236,3101,34160,2,5664.73,2022-09-08,60,3.26,273
7237,12250,440,2,73344.57,2023-09-05,48,6.89,1030
7238,5494,779,1,79979.74,2022-08-03,36,8.17,1171
7239,794,24796,1,42857.67,2023-03-24,48,8.71,184
7240,12722,17884,1,57534.34,2021-07-12,48,8.78,1052
7241,13085,14177,4,78373.44,2023-10-15,60,7.73,1986
7242,7152,35688,4,89150.08,2022-02-13,24,9.51,1574
7243,483,2540,2,10519.12,2021-03-25,48,3.79,1143
7244,14844,16131,2,82151.99,2024-05-05,60,7.8,293
7245,14171,28649,3,59634.95,2022-06-15,48,6.85,1395
7246,18070,33917,1,16214.6,2021-04-28,12,7.28,1268
7247,3285,16118,3,77893.46,2024-03-29,60,6.23,1604
7248,3582,7674,4,65035.63,2023-07-02,60,4.93,1750
7249,1731,13305,4,11813.0,2020-09-10,24,7.39,1242
7250,15426,9560,2,92781.13,2021-03-08,36,5.61,177
7251,14285,10895,3,99851.35,2022-08-13,24,5.88,1323
7252,1345,13560,4,68500.63,2023-01-12,60,8.27,1700
7253,7457,9138,1,51210.75,2023-11-06,60,6.97,58
7254,6995,10058,1,39363.48,2021-02-17,60,7.24,1293
7255,4205,37130,2,74971.04,2023-07-20,60,8.01,308
7256,6974,7488,3,60899.01,2021-10-06,24,8.81,1594
7257,17259,36094,4,85795.99,2020-09-04,12,5.35,1312
7258,9546,7359,4,49898.15,2024-03-11,36,3.91,977
7259,3401,32898,4,47557.6,2021-03-06,12,9.85,1129
7260,17879,39549,1,63174.66,2021-08-12,12,3.86,1252
7261,9832,12010,3,23841.04,2024-01-18,36,3.92,1271
7262,5667,18320,3,33891.74,2023-05-26,48,9.18,700
7263,1216,36051,3,17443.82,2020-09-13,12,3.37,1518
7264,2645,16611,1,21484.73,2022-11-20,36,4.88,83
7265,3006,37806,2,80741.84,2022-04-03,12,3.61,1210
7266,783,26318,4,76124.28,2021-11-17,60,4.37,252
7267,17929,27486,1,14043.86,2024-04-08,48,5.93,1379
7268,15694,11218,2,86096.5,2020-12-04,12,5.63,1774
7269,13242,31441,1,14264.13,2024-06-28,36,8.54,1896
7270,16577,1637,3,1097.74,2022-02-25,24,7.86,1720
7271,17760,7890,4,48822.96,2022-06-24,60,6.88,796
7272,15969,24709,2,15937.68,2020-10-20,12,5.52,897
7273,16023,29067,1,76753.76,2024-05-25,36,6.88,1962
7274,759,777,2,35697.29,2020-10-07,36,4.32,210
7275,3619,21780,4,18529.02,2020-10-12,60,8.17,816
7276,17395,20585,3,91591.08,2022-07-15,12,4.06,1832
7277,2590,29662,1,75119.23,2022-10-21,48,6.38,609
7278,16115,5573,4,98277.93,2020-12-01,36,5.4,447
7279,17542,17754,2,40667.46,2021-11-10,60,9.94,460
7280,16296,20458,1,24145.82,2023-01-19,60,6.18,968
7281,17110,591,3,77530.02,2020-11-21,48,4.88,472
7282,7494,8746,2,21151.22,2020-12-23,48,5.18,1744
7283,15353,7402,2,93367.25,2020-11-21,24,5.73,370
7284,13097,38339,1,88493.35,2023-06-08,24,4.96,900
7285,1435,20228,3,21292.97,2022-11-17,60,3.37,1958
7286,1524,5748,4,21475.48,2022-04-05,12,6.65,1516
7287,12842,35991,2,98491.24,2024-03-16,60,6.09,923
7288,9234,33523,4,66287.59,2024-06-24,60,9.53,137
7289,18399,1833,2,93052.45,2020-11-01,36,8.89,367
7290,14965,21544,2,12062.7,2023-05-22,36,7.58,912
7291,17830,21854,3,31844.89,2020-10-15,48,6.67,184
7292,10280,10970,3,59136.3,2022-05-01,48,3.74,1612
7293,3699,23674,4,99929.36,2023-06-14,12,6.8,1311
7294,2201,15342,1,83690.4,2022-03-07,48,8.76,472
7295,11304,16327,1,26369.63,2024-02-15,60,4.65,1399
7296,13118,5744,1,63520.39,2022-10-31,60,3.69,654
7297,540,6877,4,17708.09,2024-01-01,60,5.65,749
7298,17837,6776,1,88869.89,2022-10-30,12,3.8,537
7299,16824,25623,2,61809.54,2022-12-02,60,9.24,1535
7300,6221,11385,3,46235.63,2024-03-12,24,8.03,802
7301,14552,19945,2,29105.19,2020-08-21,60,5.12,1603
7302,1132,21418,3,50435.44,2024-03-05,24,5.69,1274
7303,5572,19437,3,70436.64,2022-02-12,12,4.08,920
7304,2216,26160,2,24068.39,2023-09-02,36,7.46,510
7305,3436,37079,2,93365.7,2022-01-23,12,5.96,630
7306,732,12084,2,4751.92,2023-07-06,48,4.67,1002
7307,15634,34518,4,5202.82,2021-11-12,24,4.01,1097
7308,18296,23103,4,86126.36,2021-07-21,60,6.31,1306
7309,15265,25161,1,29618.43,2022-10-19,24,8.99,916
7310,10965,29638,3,64681.24,2020-10-24,12,3.2,1984
7311,13001,17519,3,63841.07,2022-04-05,12,6.16,1384
7312,10461,16383,2,19326.57,2021-12-19,24,7.0,1034
7313,13943,9106,2,93707.36,2020-08-21,24,8.29,1235
7314,6592,38929,2,91518.21,2023-02-01,12,5.21,1859
7315,5513,17569,2,2079.61,2021-03-20,48,9.23,152
7316,9465,22532,2,98151.96,2021-11-13,60,6.29,1029
7317,17127,9056,2,93164.72,2022-04-29,24,6.29,1219
7318,772,10645,1,79569.39,2020-07-06,48,6.08,1978
7319,9391,21331,3,42448.81,2024-05-24,36,8.8,1307
7320,17287,31422,1,61773.33,2023-05-21,48,8.17,464
7321,8816,32446,4,48976.21,2020-08-29,60,3.2,1137
7322,6226,29619,4,81659.7,2022-05-10,48,4.75,271
7323,7545,15513,1,44223.66,2024-05-14,60,5.14,1187
7324,8931,9556,2,85546.11,2022-11-08,24,5.29,460
7325,2415,28990,1,40226.94,2022-12-04,24,9.24,105
7326,15173,36714,2,64445.9,2024-02-05,36,6.43,1717
7327,1788,18876,4,87391.13,2021-10-22,12,8.79,1580
7328,8924,33794,2,68617.58,2020-11-29,36,9.05,1306
7329,18793,6297,4,39903.46,2021-02-28,36,6.89,1711
7330,12740,30840,1,69635.29,2023-04-12,60,5.41,162
7331,5332,36571,4,4154.7,2024-05-03,12,3.24,351
7332,15487,9436,1,47412.03,2023-08-06,12,3.57,434
7333,2849,19320,2,78819.33,2023-07-24,12,5.55,852
7334,11523,20316,3,10763.9,2021-06-27,12,4.13,140
7335,5402,18260,3,6597.96,2024-02-07,12,7.52,1495
7336,1345,9416,2,55099.92,2023-08-01,48,4.51,1156
7337,12883,33418,1,41258.46,2021-09-06,36,6.98,87
7338,10162,17301,4,41278.69,2022-08-08,48,5.52,1712
7339,14263,28520,2,99240.44,2021-03-19,36,8.24,183
7340,13284,18231,3,74192.53,2020-10-26,12,4.78,368
7341,971,38926,3,39208.69,2023-05-26,60,8.99,129
7342,5724,14489,2,1031.84,2022-11-06,60,9.02,1270
7343,10896,25740,2,8689.68,2024-05-02,24,6.54,1625
7344,8238,12255,3,24859.91,2023-12-12,60,4.06,1602
7345,15710,37683,4,58368.12,2023-06-03,60,8.54,670
7346,5755,7314,2,29656.95,2024-05-23,12,5.0,1923
7347,5836,34943,2,22843.73,2021-05-21,36,5.99,1402
7348,1468,19190,2,32022.9,2024-03-28,12,5.44,149
7349,624,30360,1,65871.67,2022-05-23,24,4.83,985
7350,9443,15881,2,76645.15,2020-09-18,12,6.38,852
7351,4180,27800,1,27636.95,2024-05-12,60,5.83,1457
7352,7030,14335,4,82966.51,2023-04-14,36,5.05,628
7353,1387,3413,4,33178.15,2021-02-09,60,8.53,1750
7354,2762,5108,4,8017.23,2022-10-28,36,7.39,1493
7355,6245,8178,2,98039.68,2022-12-23,48,5.22,446
7356,11811,9633,1,66732.54,2023-10-06,36,8.56,1505
7357,7368,21629,4,70730.64,2023-04-12,24,5.39,884
7358,13719,15449,3,23167.19,2022-05-04,12,7.68,294
7359,2706,16336,4,35799.89,2020-07-22,48,8.91,1789
7360,14830,18449,4,25328.41,2022-06-21,48,5.93,1167
7361,2344,26213,2,15496.3,2023-07-12,24,5.24,250
7362,4868,35577,3,93292.88,2023-11-22,24,4.77,878
7363,12426,33001,1,66503.27,2023-10-02,36,7.21,948
7364,10650,11731,2,69462.48,2021-07-28,48,5.28,975
7365,16940,4945,4,41572.36,2020-11-26,60,7.03,1326
7366,12552,7962,3,54866.16,2020-08-26,48,8.25,1049
7367,10127,1476,4,4760.43,2023-11-13,60,5.76,789
7368,11284,82,1,45072.82,2024-03-31,12,5.19,984
7369,6669,23819,3,8143.52,2021-07-16,12,6.05,889
7370,1141,38921,3,72635.27,2024-05-03,36,8.58,890
7371,13428,23159,4,14721.8,2023-05-27,12,5.17,1925
7372,17300,9596,2,37201.44,2022-10-11,60,3.44,70
7373,4833,22828,4,83202.48,2022-05-31,12,5.95,625
7374,4274,22921,1,55257.46,2023-12-26,48,3.51,875
7375,7251,10607,2,56855.02,2023-05-29,24,4.1,1136
7376,11013,19242,1,60223.55,2020-09-12,24,6.36,1388
7377,15465,26885,1,66345.37,2021-02-24,36,5.73,1327
7378,19456,35511,4,69075.26,2024-01-21,36,7.18,471
7379,17308,6690,1,64106.63,2022-05-28,12,7.5,1988
7380,10705,21995,2,86411.68,2022-01-11,12,3.55,91
7381,11251,16807,1,1384.78,2022-10-02,36,5.41,530
7382,17671,10682,2,52604.19,2021-02-23,60,3.32,661
7383,11499,15315,4,1389.19,2022-04-25,60,6.58,739
7384,13496,35781,2,68792.46,2024-04-03,24,9.74,726
7385,7889,30630,2,89388.05,2020-08-16,24,9.24,872
7386,15268,3764,1,11216.16,2023-01-07,36,6.64,1687
7387,19437,24186,3,53188.92,2024-05-22,36,7.62,192
7388,8820,14088,3,98972.47,2020-08-07,60,6.17,1987
7389,7861,6632,4,11740.77,2024-05-07,24,8.33,1576
7390,11156,7270,3,79397.77,2021-07-18,60,4.97,1266
7391,14037,7496,4,36211.52,2022-08-11,60,4.63,138
7392,7662,11212,1,69884.7,2024-03-19,12,7.18,345
7393,7699,6197,2,20798.1,2022-05-14,60,7.07,1204
7394,18689,32618,3,14138.4,2023-01-09,60,9.9,1009
7395,6711,32210,4,54584.57,2022-06-22,48,7.28,1736
7396,124,21837,2,37436.8,2022-09-11,24,3.03,503
7397,16727,13179,1,36289.19,2022-08-15,48,7.42,203
7398,5862,12097,1,34328.88,2023-03-07,60,9.66,573
7399,17243,2219,3,80404.05,2023-11-18,24,8.08,192
7400,18563,16462,4,28491.77,2020-10-14,60,6.71,5
7401,5778,11782,4,63553.49,2022-12-31,12,7.59,1914
7402,5173,7774,3,28219.66,2024-03-26,36,5.78,1261
7403,12647,35931,3,85852.18,2021-11-22,12,9.0,1717
7404,15370,7015,1,56070.36,2021-02-04,36,4.55,311
7405,9861,31897,1,1099.01,2021-02-19,36,4.75,549
7406,2221,17666,2,58619.02,2023-11-10,36,8.52,56
7407,9187,32542,3,98502.51,2024-03-03,60,4.61,443
7408,7503,11507,1,48649.74,2021-07-27,12,6.78,1261
7409,4440,5419,3,85968.76,2021-09-28,12,7.39,870
7410,18816,33015,4,40892.45,2021-06-24,36,3.87,1885
7411,16698,32070,4,86158.74,2022-10-29,48,4.02,1221
7412,4637,7213,1,84931.1,2021-11-01,60,7.26,585
7413,14668,295,1,18399.78,2023-09-04,60,6.5,1595
7414,7104,17963,2,8024.16,2024-06-02,12,6.3,752
7415,6896,2854,1,82105.29,2022-11-16,48,5.4,1538
7416,4599,29533,1,12334.02,2023-12-31,48,5.54,1473
7417,13279,17972,4,64463.68,2021-06-15,24,7.07,360
7418,17140,18563,3,73473.58,2024-06-28,36,4.49,1724
7419,1751,39017,3,24138.68,2022-06-01,12,9.72,819
7420,5294,13319,4,46972.79,2024-01-03,60,5.41,30
7421,3236,12417,2,33679.25,2022-09-24,12,8.04,1803
7422,5747,17631,3,96223.08,2021-10-22,36,4.45,108
7423,8816,33600,1,96117.52,2022-03-22,60,5.21,844
7424,11670,4769,2,82824.42,2021-10-05,60,3.39,1959
7425,9085,28187,1,1699.97,2021-10-24,24,7.91,1626
7426,11248,28062,4,13108.75,2022-05-21,60,3.48,717
7427,6138,35248,3,94001.66,2020-12-23,60,9.41,891
7428,16620,1521,1,33149.45,2021-08-18,60,7.67,1992
7429,4229,12796,2,82838.26,2021-01-29,12,4.93,1983
7430,8950,27939,3,69555.28,2023-11-20,24,9.91,960
7431,14747,8219,1,21686.24,2022-01-18,12,5.95,1469
7432,6741,14311,2,58480.1,2022-12-07,60,9.48,893
7433,7791,12604,3,89957.58,2023-02-27,12,7.28,1462
7434,2682,12696,2,83099.98,2023-09-28,60,4.61,732
7435,14149,28145,1,83840.68,2020-12-06,24,5.78,1914
7436,12654,37788,4,23568.03,2020-08-26,24,5.94,606
7437,16643,23225,3,94157.36,2021-02-27,48,8.0,457
7438,18735,26873,1,63661.02,2021-10-23,48,4.19,615
7439,1840,11354,3,80065.13,2021-07-15,12,8.65,1759
7440,12809,26335,1,71074.44,2021-07-26,36,6.48,698
7441,13014,36193,4,24823.06,2021-12-05,36,4.85,1720
7442,8725,20472,4,27729.72,2023-02-26,36,3.14,1519
7443,15929,24412,3,51709.32,2022-03-26,36,9.02,674
7444,18460,8475,3,1870.11,2023-11-28,60,5.0,1271
7445,14390,8651,2,80741.69,2022-02-02,12,7.62,543
7446,19555,3059,4,25074.03,2024-04-12,12,3.05,1588
7447,14327,20970,1,13162.98,2023-07-15,12,5.42,857
7448,17045,2278,1,76012.33,2020-07-06,36,7.79,1612
7449,18398,6204,1,51991.27,2021-06-15,36,8.35,897
7450,16004,24482,1,2554.14,2023-03-21,48,3.82,1463
7451,3137,33339,1,54564.17,2021-03-18,24,6.39,278
7452,17230,17899,4,87432.73,2022-03-27,12,4.37,552
7453,2344,20729,3,58880.05,2023-12-04,36,7.74,1637
7454,4424,35489,2,63250.85,2020-08-24,24,4.7,111
7455,10533,23230,2,93836.44,2020-07-05,48,5.13,385
7456,11545,23102,2,17310.13,2021-09-28,60,8.07,1857
7457,17128,31007,1,48758.34,2021-10-28,60,6.93,761
7458,4106,34756,2,97894.16,2020-12-31,48,5.36,1215
7459,17427,33029,1,20522.89,2021-09-23,12,7.71,1514
7460,4726,11171,3,31001.02,2021-11-01,12,7.67,694
7461,5480,31089,4,10956.78,2022-06-08,24,5.85,1450
7462,1433,15990,3,90233.25,2023-05-23,24,3.94,405
7463,12884,2625,3,75034.73,2023-05-20,48,3.27,1359
7464,16814,2650,3,85906.79,2020-08-24,24,5.87,1233
7465,15240,7161,3,99996.32,2023-07-28,12,9.87,22
7466,3352,25621,3,99808.69,2021-03-26,24,9.69,678
7467,4879,28635,1,48900.51,2023-06-23,36,7.02,611
7468,5610,28499,3,77311.65,2023-11-28,12,5.49,1232
7469,2432,20736,4,74414.75,2023-04-22,60,8.99,8
7470,5390,29862,1,71140.62,2022-03-13,24,9.78,702
7471,8596,27258,1,90999.76,2024-03-25,48,3.48,1711
7472,13486,11458,1,68149.45,2023-06-17,48,7.15,1809
7473,6408,11275,1,37271.45,2021-10-30,24,8.21,529
7474,16154,26582,3,7936.45,2022-11-25,12,5.76,602
7475,6799,32674,1,5239.68,2022-10-10,12,5.98,1677
7476,14079,23247,1,2728.59,2021-09-20,36,4.37,657
7477,6196,11386,4,85686.88,2023-02-03,48,8.94,166
7478,7513,22129,4,48466.37,2021-04-08,12,8.0,849
7479,13952,4231,4,98827.69,2021-10-26,36,7.12,496
7480,451,28320,1,90586.94,2020-12-30,48,8.33,590
7481,13563,27886,4,50074.24,2021-06-14,60,3.52,429
7482,9647,31675,4,5085.81,2020-08-28,48,9.04,774
7483,2877,23982,3,60737.25,2023-01-03,36,4.38,163
7484,18760,15352,1,45607.19,2022-06-16,24,7.07,366
7485,15037,35026,4,8854.18,2022-09-25,60,9.99,1550
7486,14499,19339,4,29387.99,2021-12-14,24,8.75,1263
7487,16174,10753,4,90888.13,2023-06-07,24,7.2,72
7488,5430,18082,1,61110.68,2021-07-12,60,4.64,1469
7489,15757,37193,2,38225.2,2024-03-17,48,6.5,655
7490,8486,26729,1,2139.48,2020-10-04,12,7.91,1846
7491,16587,24214,1,97676.0,2020-09-26,48,8.6,1533
7492,7594,21502,4,51512.64,2020-10-19,24,4.43,1819
7493,15852,4356,4,29418.92,2021-10-11,60,6.29,269
7494,3403,21197,3,62979.29,2023-09-06,24,9.02,1777
7495,16777,38957,4,57246.43,2021-01-28,48,3.81,415
7496,18830,28758,2,39433.25,2022-11-12,24,5.4,1269
7497,3733,2622,2,94125.48,2021-08-01,60,4.25,1016
7498,234,29632,2,29119.41,2022-01-27,12,9.39,675
7499,2512,12233,3,77177.01,2020-12-27,36,7.8,1084
7500,9972,22068,4,26661.57,2022-12-02,48,5.7,6
7501,13282,19196,3,39730.35,2020-10-04,36,6.66,1733
7502,5654,3208,3,34990.3,2021-08-22,24,9.3,982
7503,11324,35050,4,52587.51,2022-07-16,48,6.96,570
7504,8231,38404,2,4681.89,2022-12-10,48,5.81,1841
7505,19019,30840,2,20119.75,2024-05-29,24,8.29,407
7506,14529,12217,2,55256.57,2024-04-17,24,4.58,1241
7507,12270,20199,4,92760.16,2022-08-22,24,7.68,1954
7508,15559,15929,3,22243.54,2024-04-10,24,6.95,26
7509,19823,11252,1,91042.69,2021-10-04,36,7.5,1839
7510,14017,30581,4,21052.6,2021-05-11,36,7.5,1029
7511,4864,16357,1,27064.26,2023-03-30,48,6.56,986
7512,5330,22327,2,74150.57,2020-09-06,12,6.05,1556
7513,14831,35890,3,81859.02,2022-03-29,48,3.96,390
7514,19677,24293,1,50812.82,2020-11-15,48,7.19,710
7515,10159,17933,2,64975.44,2020-08-31,60,7.31,571
7516,2224,13079,3,30308.97,2021-12-06,36,3.57,1472
7517,16144,17193,2,17602.27,2020-08-23,48,3.8,754
7518,12766,17100,4,11678.47,2022-09-13,36,6.78,146
7519,1188,33967,3,22451.27,2022-09-07,24,4.72,1412
7520,15681,9830,2,72039.32,2023-08-18,60,9.54,785
7521,7909,19440,1,3338.58,2024-02-23,48,4.8,1273
7522,15806,36148,3,89062.35,2022-04-25,36,9.76,526
7523,7158,35510,1,13103.96,2024-04-20,12,6.71,1486
7524,2500,10362,3,32257.03,2023-12-11,48,7.43,13
7525,893,5160,4,9319.46,2023-11-27,60,6.84,903
7526,17785,442,2,94406.64,2024-03-25,60,4.69,384
7527,11898,31793,1,23459.87,2023-02-07,12,5.05,556
7528,1303,22559,4,44325.05,2021-10-25,36,6.05,887
7529,12101,5081,1,71785.41,2020-08-14,36,6.71,1423
7530,246,28713,3,30400.39,2021-03-13,48,3.62,19
7531,13172,5382,1,60546.1,2022-02-12,24,8.56,575
7532,9005,2112,4,30900.48,2024-05-23,48,9.55,1515
7533,8407,5391,1,18477.85,2023-10-04,48,4.99,751
7534,19384,1616,2,15230.15,2022-04-23,36,5.69,1004
7535,14055,607,1,49565.48,2020-09-01,48,6.39,419
7536,16250,18888,1,81572.89,2020-08-25,12,8.65,1361
7537,18489,7487,1,78394.99,2020-09-07,48,5.59,419
7538,19743,26275,3,57364.82,2022-05-22,60,3.97,1939
7539,16828,20312,2,12532.91,2021-03-15,60,8.99,1940
7540,10564,37500,2,97397.71,2021-08-19,12,9.11,1636
7541,2195,15997,3,15561.28,2023-10-25,36,7.2,1699
7542,18468,30826,4,25254.21,2023-04-14,60,9.88,1952
7543,15753,19069,3,55487.57,2020-10-08,48,8.03,122
7544,9183,20074,3,60054.25,2023-07-10,24,4.51,432
7545,12617,34467,4,16586.68,2020-12-02,24,3.25,44
7546,10003,19505,3,39266.83,2021-03-21,12,4.12,1896
7547,16071,5289,1,25782.74,2022-10-31,12,3.35,1944
7548,5621,25030,3,80668.34,2021-05-05,36,7.23,1341
7549,1019,12254,4,89661.3,2022-06-01,24,6.04,381
7550,12460,4685,3,87819.94,2023-01-15,12,3.55,145
7551,12047,38836,2,19047.86,2024-05-09,36,6.19,1351
7552,19121,14031,1,17776.27,2020-09-12,60,4.19,363
7553,12803,21769,4,15488.6,2024-03-30,48,7.09,1074
7554,12396,24330,3,31506.12,2021-07-30,48,9.76,1089
7555,11632,2293,2,58683.96,2021-06-18,60,5.97,355
7556,7099,29588,1,70570.67,2022-11-02,12,6.97,800
7557,12016,22203,3,25633.67,2022-12-28,60,5.39,1188
7558,8492,13780,1,79511.14,2021-07-20,24,8.79,1165
7559,8469,16839,3,30847.93,2021-08-09,48,6.66,1990
7560,13622,23473,2,33245.72,2024-03-18,12,3.52,826
7561,18854,33982,4,80473.99,2024-03-11,36,3.87,1152
7562,7524,1971,1,84536.51,2023-11-28,48,3.58,398
7563,8351,3788,3,18326.21,2022-04-30,60,8.94,1957
7564,11464,23297,4,50185.65,2024-05-08,48,5.64,880
7565,14429,23344,1,48399.57,2023-07-04,24,6.29,463
7566,15763,36786,4,18068.43,2023-05-09,60,6.89,1775
7567,18085,10566,3,91933.54,2024-03-04,24,5.98,1860
7568,8170,38838,4,58842.89,2022-02-26,48,5.32,808
7569,2345,16446,2,54894.14,2021-07-07,48,7.34,187
7570,92,16587,1,4061.39,2023-11-08,60,7.81,1744
7571,15003,33854,2,98632.88,2021-04-10,36,7.18,732
7572,14867,7019,4,68415.12,2021-06-09,36,3.7,1936
7573,12625,13711,3,7034.95,2022-12-09,48,8.17,1214
7574,7652,10801,1,48542.78,2022-12-23,24,8.89,1412
7575,11415,15265,3,18147.4,2024-01-22,24,5.02,429
7576,3825,1740,2,38431.94,2021-11-26,48,7.42,858
7577,12553,8059,2,38424.4,2024-06-26,24,6.74,1308
7578,10723,31141,1,71422.8,2022-11-18,24,5.08,1888
7579,19385,24339,4,93943.11,2020-12-25,12,8.14,237
7580,9814,19592,4,64825.57,2022-07-16,12,8.22,1218
7581,963,10344,3,80811.48,2022-10-28,36,4.02,1311
7582,11884,6079,4,39723.89,2021-08-14,48,4.79,771
7583,15362,2313,3,41808.34,2024-06-03,48,3.03,758
7584,12815,7392,4,27711.35,2020-07-27,24,3.14,136
7585,17791,1811,2,4417.99,2021-06-25,60,8.83,792
7586,5540,10886,4,15569.63,2022-11-06,24,4.17,1807
7587,5776,33422,1,34787.6,2022-10-09,12,6.13,171
7588,8826,23389,3,79996.53,2020-11-29,48,5.5,159
7589,9113,4141,1,77140.37,2020-12-13,36,9.31,201
7590,15904,29909,1,82048.24,2023-09-26,36,4.03,1511
7591,817,32818,1,18198.71,2023-08-06,12,3.94,1581
7592,11889,18008,3,9672.36,2020-09-24,12,3.4,962
7593,1619,1334,3,21036.35,2022-08-04,60,6.45,1800
7594,16033,4881,3,24120.58,2020-07-17,36,5.66,583
7595,2686,19528,4,85577.61,2023-11-14,48,3.24,1528
7596,16044,2678,4,26521.52,2020-10-03,36,8.8,876
7597,5002,18013,3,29683.34,2021-12-03,48,5.98,371
7598,17726,17754,4,12818.19,2022-05-03,36,6.84,103
7599,16510,15047,1,74409.09,2023-05-20,12,9.18,1002
7600,5312,36469,3,19063.97,2021-02-08,24,5.97,1149
7601,18250,1265,4,87276.18,2020-08-02,60,9.96,1337
7602,6802,29177,2,77163.35,2022-05-07,36,9.53,976
7603,15280,34824,2,13618.19,2024-02-13,60,6.77,798
7604,4557,9334,2,3346.83,2024-01-01,36,6.45,1482
7605,8423,14691,1,17875.34,2024-01-08,24,7.93,1254
7606,3766,8349,2,24206.11,2022-10-04,48,9.87,658
7607,17341,36038,3,93587.96,2023-11-08,60,3.45,882
7608,4980,39035,3,34693.75,2023-01-21,60,4.19,1221
7609,16848,24749,2,1228.93,2021-06-08,36,8.37,1909
7610,1931,13658,1,95428.62,2023-09-28,12,9.44,733
7611,2121,2049,2,51283.61,2023-01-16,60,4.41,423
7612,9731,6738,2,66267.49,2022-09-08,24,9.89,572
7613,16819,17258,3,94120.46,2021-07-08,48,8.75,1634
7614,14448,26191,2,28989.09,2023-09-18,12,7.27,171
7615,5174,27994,1,72209.05,2021-09-25,48,3.25,1406
7616,12942,18460,4,69788.5,2024-06-16,12,6.17,173
7617,13753,8688,1,77562.52,2024-06-30,24,7.85,663
7618,14858,38945,1,14078.44,2023-12-30,12,7.04,453
7619,2370,18003,3,92189.69,2021-06-08,48,8.23,350
7620,2120,604,1,39023.6,2022-06-04,60,4.98,1926
7621,18998,37682,2,62944.12,2020-09-20,48,6.33,1976
7622,8967,5145,2,29583.59,2021-09-20,48,3.31,1658
7623,12382,7512,2,22459.67,2021-06-09,48,9.86,494
7624,4944,5720,2,61192.3,2022-06-18,48,5.44,620
7625,1943,8900,3,50408.54,2023-12-08,48,7.24,1028
7626,17683,3117,3,91584.85,2021-04-09,24,3.18,1117
7627,396,35299,1,53704.15,2021-09-28,36,8.75,919
7628,15996,26324,1,71259.23,2021-12-22,60,6.55,6
7629,169,23258,4,82330.13,2022-10-24,48,8.5,288
7630,18488,11725,3,54865.16,2023-03-25,36,3.57,1642
7631,1353,24950,2,34757.42,2023-09-02,24,3.92,1170
7632,11489,3924,4,48149.55,2023-02-09,24,3.94,1807
7633,7905,14706,1,3951.7,2020-11-12,36,6.1,1448
7634,14622,8567,4,25585.35,2021-04-26,48,9.85,1914
7635,16175,6238,3,95256.25,2023-01-10,60,8.12,608
7636,1735,20767,2,7773.21,2021-10-17,36,6.72,457
7637,9664,26590,1,50005.15,2021-05-08,36,5.16,1765
7638,5716,18349,4,40634.77,2021-03-20,24,8.08,1226
7639,18761,9978,4,26584.05,2022-06-17,12,5.47,1236
7640,8832,8034,3,25990.74,2021-06-23,24,6.72,1030
7641,16046,36290,2,22414.19,2023-06-22,48,4.46,624
7642,5147,12903,3,72097.86,2021-06-06,12,6.69,376
7643,10668,35697,1,32934.99,2021-01-11,48,6.66,1915
7644,16985,22472,3,42233.3,2023-10-21,12,5.03,447
7645,16922,11074,3,88097.33,2022-05-04,60,3.47,835
7646,3858,3781,4,94934.91,2024-02-01,48,5.95,1130
7647,15480,2549,4,82832.43,2022-11-06,24,5.1,1675
7648,17810,10237,4,3569.05,2021-11-19,36,3.13,811
7649,3079,394,1,65203.75,2023-07-21,36,3.26,1425
7650,12238,30430,4,35229.65,2023-06-05,48,3.23,1120
7651,1387,31465,1,19322.45,2022-01-19,12,3.58,1412
7652,10294,18835,3,15606.07,2024-05-25,12,8.04,959
7653,9910,21502,3,45817.92,2022-04-02,60,9.75,1476
7654,7092,21396,2,85796.6,2023-05-28,48,3.58,849
7655,17822,25674,1,89156.21,2021-11-20,48,7.41,809
7656,16585,26197,1,62420.88,2022-06-03,12,9.28,979
7657,5921,39811,1,61565.78,2020-07-17,24,3.0,1925
7658,542,16969,2,83438.92,2022-09-24,12,9.78,416
7659,295,22817,2,59882.12,2022-03-14,12,6.87,726
7660,11161,2752,3,19037.96,2021-12-04,12,5.55,1528
7661,5852,3281,3,85206.07,2023-03-24,48,9.76,454
7662,10190,21459,4,72003.34,2024-04-04,12,9.26,1315
7663,9483,16794,2,16299.14,2023-11-14,60,8.81,1558
7664,18008,28529,4,18548.4,2022-12-23,24,6.34,1217
7665,19440,24700,2,25846.99,2021-08-08,48,5.13,150
7666,274,30816,1,43848.13,2023-10-04,12,9.28,1904
7667,1216,21940,4,2938.21,2024-01-29,60,8.93,759
7668,516,13651,2,81489.83,2021-03-25,60,5.65,779
7669,4167,5948,3,70767.57,2022-10-07,36,8.86,973
7670,12138,20527,2,28492.26,2021-09-06,48,7.6,763
7671,5254,23896,3,73507.68,2021-05-15,24,8.91,1002
7672,4926,39872,4,8573.83,2023-02-08,60,6.95,1539
7673,2856,11517,3,9873.05,2023-12-06,24,9.76,1417
7674,9426,5677,3,55056.94,2022-07-02,24,6.8,1340
7675,16883,3612,3,10899.25,2022-06-07,36,4.05,76
7676,5697,37825,3,91755.71,2022-10-26,36,5.9,599
7677,13276,651,2,84441.74,2020-09-24,36,5.15,1294
7678,18020,32446,4,37020.51,2022-11-01,48,7.48,225
7679,3397,23297,2,79469.88,2022-09-06,12,7.49,1554
7680,6455,2022,1,1841.02,2021-10-03,12,6.54,113
7681,762,17707,3,32817.08,2022-03-23,60,3.05,251
7682,19112,3476,1,24743.83,2024-01-24,48,7.27,1257
7683,6638,10409,2,74958.63,2023-05-06,24,5.88,841
7684,15569,1855,1,20456.16,2024-04-01,24,3.86,1815
7685,15454,37931,4,16944.06,2024-06-19,24,9.37,714
7686,6607,31126,2,95367.01,2022-11-20,48,3.43,1107
7687,6329,13840,4,64371.75,2022-02-22,60,6.58,125
7688,11710,29532,3,99015.8,2022-03-02,36,3.08,1199
7689,9190,19776,4,47456.23,2024-04-13,48,8.86,1093
7690,18441,13042,2,3807.73,2023-09-14,12,8.35,1071
7691,2924,36943,1,65083.79,2020-10-22,48,5.85,884
7692,14467,14370,3,12219.09,2022-07-17,12,6.05,1280
7693,3743,30446,4,53258.6,2021-08-13,48,6.56,1751
7694,16617,3026,4,30739.68,2022-03-11,36,8.92,30
7695,3084,20562,3,7393.88,2023-11-17,24,5.5,281
7696,10190,2508,3,20758.5,2024-03-31,24,9.08,924
7697,10109,19447,4,50918.1,2021-09-12,60,3.68,1261
7698,329,16732,3,18010.75,2021-02-04,36,7.82,1272
7699,1637,37252,3,74364.49,2024-04-24,48,5.15,368
7700,2085,19818,2,19120.21,2021-10-10,24,7.64,495
7701,948,17530,2,68704.27,2024-01-04,60,7.4,1049
7702,12515,33303,2,7587.4,2021-03-31,36,9.79,1610
7703,7196,25106,4,86190.48,2021-09-10,12,8.08,718
7704,16502,38428,2,9951.35,2022-12-03,60,8.89,1514
7705,2671,803,1,97681.03,2021-01-16,36,8.39,1017
7706,5424,13447,2,37091.9,2021-02-27,36,3.0,1518
7707,1070,18230,3,86361.52,2020-08-12,36,5.83,1338
7708,14866,16975,4,56203.36,2022-06-21,24,8.47,606
7709,1446,22598,4,88111.55,2023-03-24,48,7.84,375
7710,18365,12976,1,62932.51,2021-11-09,36,6.88,639
7711,4599,23730,1,71537.72,2020-07-09,48,7.21,1961
7712,4565,33301,4,66903.66,2023-11-21,60,7.3,1049
7713,3606,14998,3,37540.05,2020-12-12,48,7.04,1358
7714,12801,25947,4,55988.17,2021-05-05,60,5.38,1379
7715,8503,33458,4,97000.74,2021-07-09,36,4.04,116
7716,4358,3081,2,20755.29,2020-11-22,24,7.3,48
7717,13537,3837,1,47454.66,2022-06-30,60,4.44,1762
7718,3916,33426,2,37995.49,2024-05-21,48,3.89,1802
7719,4892,29792,4,92560.6,2023-05-14,60,9.27,99
7720,2827,10968,2,81436.94,2023-12-08,48,4.38,1483
7721,8510,30207,1,67860.42,2023-12-01,36,5.34,1547
7722,14827,16944,4,69682.31,2022-06-13,48,7.24,1621
7723,16310,37246,1,92905.57,2023-04-27,24,4.65,405
7724,19278,25197,3,8267.34,2021-04-26,48,7.08,1238
7725,19037,29840,2,37302.53,2023-06-14,24,5.26,685
7726,11601,29225,3,79197.5,2021-10-13,48,9.57,903
7727,6242,15313,2,24848.38,2021-02-25,24,6.03,503
7728,12601,30584,1,47712.88,2022-07-04,48,7.81,1745
7729,1051,21719,1,11929.09,2024-06-13,48,5.49,1472
7730,1814,27025,3,55855.95,2022-06-10,12,4.8,894
7731,13525,25940,1,29440.66,2023-11-19,36,4.39,1600
7732,11731,26480,4,42849.64,2022-12-25,12,3.34,258
7733,18984,28571,2,23513.74,2021-12-24,48,4.0,844
7734,15297,27951,3,64913.71,2022-04-01,24,3.68,121
7735,2632,31288,2,8770.46,2023-05-31,36,5.77,810
7736,8480,1323,3,53759.34,2023-12-22,12,4.65,978
7737,14553,16889,4,18682.45,2023-02-02,48,5.75,54
7738,6376,8112,4,20860.61,2021-01-18,48,8.08,1019
7739,7212,28256,4,3678.47,2021-03-06,60,7.8,1355
7740,13479,25524,1,28577.48,2024-01-12,24,8.12,784
7741,5807,6436,1,50307.82,2020-09-14,24,6.24,241
7742,17121,22726,1,68602.34,2023-05-17,60,4.38,1779
7743,6157,38342,3,8550.52,2023-06-07,24,9.09,1554
7744,5909,38465,2,68272.8,2021-08-07,12,6.01,483
7745,4324,20267,2,89874.29,2023-01-05,36,3.97,1013
7746,7277,22566,4,74595.86,2021-01-11,48,8.06,187
7747,18857,17012,2,73503.58,2022-04-02,48,5.09,1882
7748,11379,30485,1,91388.87,2024-06-25,36,5.97,656
7749,5156,34723,2,76701.32,2022-12-13,12,9.69,262
7750,18244,30886,2,70932.3,2023-11-05,24,7.38,953
7751,18539,26748,4,38119.83,2021-09-02,60,7.46,1388
7752,3165,12194,3,37518.12,2021-12-07,24,7.83,491
7753,3399,25019,2,53555.12,2021-07-28,12,3.23,431
7754,16296,26158,1,81491.47,2024-04-16,36,5.78,239
7755,4751,33344,1,6140.14,2022-12-20,36,3.21,304
7756,3762,20778,4,1689.06,2022-10-07,12,5.05,298
7757,5700,21106,3,77753.93,2023-02-18,48,4.27,76
7758,2170,22744,3,61300.3,2022-12-08,24,4.78,1724
7759,17736,11666,4,84936.34,2022-08-14,36,5.2,1357
7760,14244,35402,1,64115.44,2021-04-26,24,5.66,1924
7761,6863,33874,4,96498.28,2020-09-22,36,9.4,999
7762,3686,19594,2,56649.88,2021-05-14,36,8.28,1782
7763,3367,8007,3,28148.71,2023-03-18,60,8.33,642
7764,3259,21244,3,10870.16,2023-08-07,24,7.35,1498
7765,16556,30139,2,50215.6,2023-07-12,60,9.78,827
7766,11981,5932,2,12703.77,2021-08-14,48,6.29,1947
7767,8975,578,3,59819.15,2021-02-05,36,3.55,283
7768,11866,8619,1,28953.29,2022-04-14,12,5.69,591
7769,9799,37435,3,71999.08,2024-04-08,12,9.07,72
7770,15994,22652,2,94901.64,2021-05-06,60,6.62,1287
7771,14609,1395,1,69571.25,2021-01-26,12,9.13,703
7772,12820,5865,3,41209.26,2023-10-23,12,4.8,1903
7773,18771,3418,1,86442.45,2021-12-05,60,6.62,1911
7774,13958,17804,4,13364.47,2024-02-27,24,7.61,1966
7775,13294,8969,1,32793.73,2022-11-24,48,9.23,575
7776,17284,32394,4,45244.88,2023-06-11,60,5.64,1000
7777,13760,11720,4,73374.93,2024-06-02,12,8.34,892
7778,3349,18024,2,71480.55,2024-04-07,60,6.25,12
7779,7847,17045,2,22739.71,2020-10-03,24,5.89,141
7780,219,37261,4,82382.36,2023-07-20,12,5.67,1790
7781,4166,24744,2,17986.62,2022-07-05,24,4.94,1579
7782,18893,23233,3,15287.54,2022-04-16,24,4.87,17
7783,10627,37081,4,10119.19,2021-04-05,60,7.33,1087
7784,17272,13230,1,96910.12,2020-09-18,12,9.76,253
7785,14312,10844,2,3173.05,2024-04-19,60,6.14,465
7786,15541,26645,2,93972.86,2021-08-22,48,6.98,376
7787,2157,37255,1,5339.02,2021-02-26,48,4.18,1828
7788,1991,14818,2,85524.92,2023-07-14,12,5.97,981
7789,6708,3161,4,57478.59,2021-01-02,12,8.02,520
7790,2739,37644,4,60732.27,2022-02-23,36,7.88,1861
7791,18425,8950,2,77446.77,2022-10-24,36,4.82,90
7792,540,7959,3,29408.0,2022-11-10,36,6.85,720
7793,13385,24467,3,92569.93,2023-05-02,48,7.88,804
7794,10571,22125,2,53116.54,2023-10-13,36,9.16,796
7795,9622,8310,3,85179.45,2021-05-15,12,9.51,630
7796,13060,16931,3,71234.05,2023-07-26,12,9.25,1885
7797,19044,30785,4,45708.12,2021-03-24,12,5.05,1199
7798,18997,22367,4,42902.81,2022-07-01,24,5.94,76
7799,8570,16454,4,83958.67,2022-06-01,24,9.65,1637
7800,16571,24584,2,73644.4,2024-02-01,24,4.91,926
7801,3163,31828,3,14098.68,2023-08-21,48,9.91,1687
7802,14612,38363,1,7795.16,2020-10-03,48,8.56,400
7803,18005,36149,4,28022.12,2021-11-04,48,9.4,1806
7804,19206,10115,4,98722.53,2020-08-05,36,5.11,970
7805,5568,4860,2,20634.25,2022-11-22,60,3.66,1095
7806,1324,7435,2,62913.69,2023-02-13,60,7.97,1204
7807,4483,24245,3,13502.45,2020-10-08,60,8.62,1148
7808,13405,39001,4,93158.59,2023-12-20,60,6.95,1405
7809,14053,17737,2,31770.07,2023-02-16,36,4.55,1317
7810,3850,38822,4,59437.92,2022-09-17,60,7.42,797
7811,9308,23365,2,65978.06,2021-02-16,12,7.13,195
7812,5100,28568,4,91711.85,2021-01-13,48,5.15,1935
7813,16480,5841,2,92028.91,2021-12-17,60,6.14,228
7814,8603,13267,1,61654.85,2022-03-03,36,7.8,1455
7815,18589,3923,3,80456.83,2023-07-22,36,6.44,1966
7816,12507,20236,2,59363.3,2022-09-14,12,6.51,1460
7817,678,23775,3,4629.03,2021-05-06,48,9.45,1811
7818,16416,33382,1,36381.87,2024-03-27,36,7.2,461
7819,5504,22185,2,84465.83,2022-08-28,24,3.03,618
7820,19600,17734,3,38529.99,2022-02-09,60,8.31,1045
7821,4605,29370,3,94029.7,2022-09-30,24,4.47,64
7822,10904,28574,4,26730.99,2021-10-17,24,7.74,165
7823,6796,20114,3,59189.74,2023-09-16,12,5.26,27
7824,12687,23213,2,75100.82,2024-06-23,48,7.75,1335
7825,11168,1042,1,3470.34,2021-11-20,48,6.01,1012
7826,19730,8120,3,35706.63,2022-02-17,36,9.07,285
7827,8193,19203,3,36229.92,2021-01-31,12,5.92,1684
7828,13956,29381,1,6875.37,2020-12-29,60,7.15,281
7829,19312,30397,1,53163.49,2023-12-11,36,8.71,838
7830,15909,24597,1,68605.89,2024-06-07,36,3.98,831
7831,19921,12796,1,83894.95,2023-10-09,48,4.61,1188
7832,15931,21956,1,86602.81,2021-10-08,24,6.49,1922
7833,18005,25305,2,58108.94,2022-07-25,48,7.19,918
7834,18605,24794,2,98546.21,2022-05-31,12,7.5,224
7835,381,38886,4,49503.78,2023-11-04,48,3.9,784
7836,6057,37327,1,20627.91,2023-07-17,24,5.16,1170
7837,6476,32055,2,37778.93,2023-11-05,36,5.22,965
7838,2063,30394,3,67330.74,2021-09-07,24,4.54,950
7839,6130,17359,1,42795.6,2024-04-23,48,3.33,1892
7840,19258,36107,2,44546.94,2023-03-14,60,7.26,1054
7841,113,32677,1,24503.03,2024-02-04,60,9.62,45
7842,2299,35701,1,94189.24,2020-07-05,24,5.43,1811
7843,14220,3023,3,14193.86,2021-06-18,36,6.45,471
7844,5739,3668,3,50916.83,2021-06-20,24,7.23,34
7845,13455,11705,1,3532.94,2024-04-13,48,9.56,653
7846,1887,19655,2,55359.77,2022-10-18,12,6.9,1451
7847,18673,14438,3,19233.26,2022-08-30,12,7.01,830
7848,9164,25091,4,6414.44,2022-02-06,36,7.51,1910
7849,3202,15151,1,23760.52,2024-05-01,48,8.21,221
7850,4156,16908,1,36212.56,2020-11-17,12,4.63,1892
7851,8541,29135,3,64145.58,2021-04-14,60,6.61,534
7852,12561,33382,1,1100.64,2022-03-27,60,8.77,692
7853,1119,28379,4,77578.57,2020-10-29,12,7.22,1972
7854,19785,23034,1,13950.84,2021-12-24,36,6.84,1391
7855,11177,14317,2,88988.11,2023-08-18,12,7.4,932
7856,3964,26659,2,84277.22,2024-01-28,12,7.13,841
7857,3924,19609,1,91187.62,2020-11-13,48,3.94,1767
7858,3314,27663,4,1207.96,2020-09-22,36,6.11,1011
7859,7926,17354,1,82488.29,2022-03-26,24,3.14,1939
7860,11761,39102,2,75920.63,2021-01-13,36,9.98,1574
7861,16786,24130,3,42069.83,2022-05-31,24,7.12,582
7862,16552,28101,4,16228.8,2022-05-04,60,5.1,1140
7863,6538,19744,1,10894.57,2023-09-26,12,7.82,239
7864,15124,16739,2,76993.2,2022-07-07,24,8.49,1359
7865,2081,16062,1,19064.78,2024-02-21,24,9.03,441
7866,12278,20581,3,18255.69,2021-02-18,36,9.98,148
7867,6336,31389,4,28056.67,2023-04-21,24,3.81,1033
7868,8478,27414,4,4091.63,2021-03-06,36,8.43,1312
7869,15077,25092,2,70004.37,2022-02-04,36,6.26,388
7870,16152,5796,2,75068.03,2022-10-15,60,5.66,1074
7871,18784,31207,1,79372.07,2022-10-02,48,9.64,1874
7872,5598,34830,3,61013.31,2024-02-24,60,6.19,1541
7873,11663,25488,4,36161.13,2021-09-03,24,3.16,916
7874,7053,34003,4,43386.69,2022-03-28,12,8.11,1879
7875,14096,1346,1,88137.11,2021-08-24,48,4.04,638
7876,17096,4266,2,72335.45,2022-09-29,48,9.64,1611
7877,16872,9449,1,25345.89,2021-05-01,24,6.21,1701
7878,9102,25321,3,41456.44,2021-10-11,60,3.12,278
7879,10797,33853,2,42954.61,2021-03-13,60,9.59,1978
7880,7895,31352,4,95993.73,2021-12-07,48,7.05,1860
7881,4232,9608,2,48257.35,2021-11-17,48,4.24,989
7882,13617,22371,2,63136.91,2020-08-10,36,8.07,1324
7883,13558,4339,2,81725.23,2021-07-23,60,4.18,1826
7884,4342,718,3,57641.59,2022-11-02,60,7.84,589
7885,15974,28689,1,93360.93,2022-08-20,24,5.17,1834
7886,8601,34611,3,45048.45,2024-05-11,12,6.29,649
7887,15899,6971,2,15329.39,2023-11-19,48,3.76,618
7888,10724,38910,3,41638.39,2021-12-03,12,6.59,1631
7889,15274,17261,2,97643.03,2023-10-22,48,9.73,135
7890,12207,18262,3,85275.49,2021-08-12,48,7.94,580
7891,17013,94,3,7372.05,2024-06-10,24,3.15,1171
7892,12359,7555,1,60414.19,2024-02-25,36,7.6,490
7893,11210,6058,2,8440.09,2021-04-08,24,3.9,478
7894,2042,35341,4,58860.28,2024-05-03,24,7.06,1183
7895,2388,32055,4,41105.86,2024-01-22,48,3.32,384
7896,5971,8645,3,11613.31,2021-10-30,48,4.34,163
7897,3891,31959,3,74737.24,2023-04-11,24,5.18,441
7898,10358,30367,3,35177.59,2024-02-03,36,5.33,1877
7899,13862,1711,2,27745.52,2022-04-04,24,6.48,1213
7900,10893,36102,4,27548.49,2023-03-25,36,8.01,415
7901,9621,2616,3,93660.09,2021-03-21,36,7.37,1363
7902,9004,14024,2,61630.55,2022-08-31,24,8.98,1631
7903,4442,23479,4,94975.22,2021-02-12,12,9.16,1205
7904,13714,920,2,81881.91,2020-12-08,36,8.66,288
7905,8778,29644,4,40883.22,2023-12-12,48,6.3,1858
7906,9912,37439,1,88078.38,2022-09-25,36,3.43,187
7907,18665,14230,4,77360.65,2020-09-23,60,6.66,1908
7908,12551,23561,3,63434.08,2021-04-13,60,6.68,1162
7909,13258,20971,4,12256.6,2021-04-22,60,3.61,130
7910,17296,17717,2,56716.96,2023-05-23,12,7.17,194
7911,9390,25633,4,16734.31,2023-05-24,48,6.49,316
7912,13705,19980,4,51076.64,2023-02-21,48,6.31,1809
7913,10898,30553,2,56785.5,2021-07-06,12,9.34,1888
7914,7976,29482,1,57646.72,2023-01-22,60,3.28,144
7915,5297,24678,2,96471.83,2022-08-06,60,9.65,16
7916,16200,24421,2,81190.84,2021-10-11,48,5.41,1326
7917,3667,29254,3,68662.96,2021-09-04,36,9.14,423
7918,18127,32214,3,17393.78,2021-06-02,12,7.88,245
7919,8984,21884,4,64243.57,2021-07-05,48,8.63,927
7920,17733,30117,3,97107.8,2022-07-06,36,6.71,1131
7921,9902,9383,3,61085.99,2022-09-30,12,3.48,1112
7922,4713,25718,2,32491.39,2021-07-13,60,7.7,129
7923,6738,9282,4,3905.51,2023-11-15,12,4.34,907
7924,16225,12992,3,41053.71,2022-06-26,48,4.28,887
7925,14204,9567,1,55579.01,2022-05-13,36,9.91,341
7926,15317,14390,4,99565.62,2020-08-13,24,5.57,4
7927,8356,284,4,26507.76,2023-04-07,24,3.82,1351
7928,4045,16706,2,78929.99,2021-10-20,24,7.83,1434
7929,15773,4847,1,30472.2,2023-04-02,12,7.4,1903
7930,18014,22978,4,68644.03,2022-10-13,36,5.46,306
7931,17087,4369,2,5331.98,2023-06-07,48,7.92,908
7932,7806,13454,1,36259.64,2024-04-28,36,8.42,607
7933,2137,7160,4,78323.47,2023-10-25,36,6.21,1745
7934,16176,18625,1,9786.53,2022-01-11,48,6.69,1249
7935,17990,3272,4,11106.83,2021-02-08,36,4.99,1995
7936,4970,9046,1,98751.51,2022-11-01,24,6.94,1372
7937,15366,4280,3,93093.15,2021-09-14,60,8.28,992
7938,10348,27063,1,45287.33,2023-10-25,48,4.62,321
7939,8711,26590,1,96619.71,2022-08-28,36,5.37,559
7940,8371,16973,2,96664.09,2021-07-20,24,9.15,1205
7941,18361,15355,2,32195.41,2024-05-12,12,8.61,618
7942,1385,3989,4,57733.0,2020-10-06,12,7.69,711
7943,14929,7587,1,89798.84,2023-03-25,12,6.5,1410
7944,14786,22178,3,17863.14,2023-10-12,12,5.58,1642
7945,8888,28780,3,90603.49,2020-07-15,48,6.83,1816
7946,13020,7269,1,45279.61,2023-08-09,48,6.64,1796
7947,13488,19481,2,11380.55,2023-01-24,48,8.67,1132
7948,5868,36163,1,76752.23,2021-07-30,24,6.21,531
7949,17794,15101,3,87283.08,2020-11-08,36,3.48,410
7950,2728,21499,1,76842.15,2023-02-20,24,4.06,1995
7951,3531,21039,4,26219.44,2023-03-20,12,5.99,1320
7952,13369,28590,1,28453.41,2020-12-12,60,4.67,818
7953,9933,23215,4,40442.83,2022-07-16,36,6.72,1195
7954,9744,26593,2,71457.33,2022-05-31,12,5.87,1355
7955,15029,28825,2,85530.51,2021-10-29,60,9.73,493
7956,5253,33610,2,80685.67,2021-07-18,60,8.65,1219
7957,18674,31306,1,13578.65,2023-01-02,12,6.85,12
7958,12193,189,2,52220.03,2021-08-10,36,5.68,195
7959,9101,20581,1,74653.12,2023-02-16,24,3.6,490
7960,5835,14852,1,37801.65,2024-04-28,12,6.34,795
7961,16248,3904,4,52844.74,2021-11-21,12,9.73,881
7962,11081,31642,3,71145.05,2020-08-29,36,9.74,182
7963,8458,23695,4,54116.42,2022-06-19,36,4.61,962
7964,9223,14624,2,20233.86,2021-07-18,60,8.35,1841
7965,3842,37889,3,89341.41,2020-12-22,60,6.93,656
7966,19546,30482,1,29255.81,2022-02-06,12,3.55,1922
7967,17467,5659,3,88105.99,2022-06-09,24,4.38,1340
7968,12611,15436,4,73325.5,2023-04-08,60,8.29,694
7969,12078,32630,3,67131.79,2024-01-27,12,7.84,30
7970,15613,12757,1,24261.4,2022-04-01,48,6.22,1620
7971,17564,18976,2,40790.0,2021-04-10,60,7.88,1702
7972,4874,17015,1,37825.84,2022-03-19,48,6.17,1820
7973,17217,9695,1,81823.16,2023-04-24,24,5.12,1817
7974,11687,31749,4,19720.01,2022-10-05,12,3.55,1120
7975,19977,35325,1,88469.47,2022-09-16,12,5.9,1405
7976,9532,35193,1,96766.38,2020-09-13,12,7.38,778
7977,14076,12908,1,68106.37,2023-01-21,36,9.43,444
7978,4202,4077,4,87720.37,2022-12-30,24,3.25,298
7979,8007,13681,2,57762.71,2022-11-10,24,9.65,808
7980,18866,8655,2,13104.03,2022-11-16,12,7.96,1761
7981,2166,18468,4,10065.67,2024-06-22,36,6.09,845
7982,6873,1471,4,88137.67,2022-07-06,60,3.96,1016
7983,3239,16341,2,23727.39,2022-11-15,24,7.75,1385
7984,11943,22581,3,33736.09,2022-05-23,48,4.23,1398
7985,9581,29648,4,33682.5,2022-11-17,36,6.61,554
7986,230,38747,4,50476.06,2024-04-21,12,7.7,303
7987,2432,15480,3,65841.53,2020-10-03,36,6.71,421
7988,10341,31627,2,66484.82,2023-08-01,36,3.96,1270
7989,12071,8709,1,86480.46,2021-06-23,48,7.02,1744
7990,5905,19249,1,46960.08,2023-12-19,12,3.59,1261
7991,654,141,2,29988.6,2022-10-02,60,9.98,1558
7992,17494,8973,3,93111.19,2021-01-13,48,3.23,185
7993,1192,33794,4,42939.24,2023-04-10,36,9.01,468
7994,9285,13991,3,36727.03,2021-12-26,48,7.11,754
7995,6154,21661,3,15106.37,2021-06-23,60,9.65,363
7996,14912,20625,2,81951.69,2023-07-07,36,6.19,1307
7997,7234,1640,3,53496.55,2022-10-19,12,5.68,1577
7998,9625,33313,4,81756.21,2020-11-16,48,8.24,336
7999,14180,20498,2,10031.3,2021-05-21,24,7.58,162
8000,6925,27282,3,34487.97,2020-09-14,48,4.21,1184
8001,8708,31048,2,6665.67,2023-08-18,60,9.21,1498
8002,6710,27134,1,24140.88,2024-04-22,60,4.56,1625
8003,13088,36460,4,69651.91,2021-06-28,36,9.79,1346
8004,14365,38772,3,80247.59,2021-12-31,36,7.63,12
8005,18837,2985,2,96283.31,2021-10-04,60,8.11,1448
8006,3904,15638,1,19320.63,2022-12-03,48,4.95,1097
8007,2211,31934,1,75139.25,2022-09-13,48,8.23,588
8008,305,39688,3,68077.83,2022-09-12,24,5.56,1882
8009,2614,21268,1,79220.4,2023-04-17,48,7.63,201
8010,3813,4185,3,35580.32,2022-05-03,24,7.84,522
8011,3704,26823,2,49621.28,2024-06-19,60,5.21,1888
8012,8208,17955,4,8861.42,2023-02-08,12,4.11,505
8013,13369,13998,1,4554.07,2023-04-13,48,4.45,1762
8014,2741,7818,4,55524.59,2024-03-21,24,9.56,1712
8015,10982,12933,2,81897.14,2020-08-01,48,9.63,788
8016,8702,15759,4,53239.91,2022-10-19,12,5.09,1063
8017,4966,28613,3,33514.08,2020-12-26,12,8.9,60
8018,6282,35897,4,35928.38,2024-06-28,24,5.64,578
8019,16789,489,2,71548.09,2023-06-16,12,5.74,321
8020,10974,34585,2,71564.93,2022-03-05,24,4.84,1459
8021,4093,8127,3,89287.87,2022-08-30,12,6.99,1660
8022,7618,4313,4,38897.39,2020-11-18,24,4.18,1700
8023,12168,36065,3,77318.72,2024-06-01,60,7.17,1432
8024,14246,39872,3,82718.24,2023-04-02,24,8.61,923
8025,9056,37031,4,48838.2,2022-11-11,36,7.47,1410
8026,7153,16123,3,77636.7,2020-10-01,60,4.78,1695
8027,6227,1048,4,97375.91,2022-07-19,36,3.72,569
8028,14860,11080,1,41821.3,2023-10-16,36,9.5,1102
8029,8464,28539,2,30247.76,2021-04-24,48,8.69,1218
8030,9038,27213,3,20811.76,2023-11-14,36,5.45,1309
8031,17080,20935,3,55349.89,2024-03-26,24,8.24,527
8032,9848,6849,1,69451.72,2021-10-13,36,3.73,524
8033,344,5312,3,39730.93,2024-05-09,24,5.56,613
8034,11425,23763,3,90322.41,2021-10-19,12,3.71,1180
8035,12023,34023,1,73028.26,2024-01-28,36,3.72,1364
8036,17418,37546,1,12910.8,2024-05-13,36,6.22,125
8037,13868,21462,1,45258.79,2023-03-08,60,9.1,871
8038,9695,36453,4,64854.61,2024-02-13,36,9.67,280
8039,7677,6213,4,39447.92,2021-01-28,12,6.76,917
8040,7066,4880,4,32227.93,2022-01-06,24,4.36,1930
8041,18988,26002,4,86387.97,2022-02-09,36,4.72,622
8042,2759,27790,4,25611.35,2020-10-13,60,7.22,846
8043,4240,36548,2,5160.94,2022-02-16,48,8.33,1893
8044,13925,7365,3,57309.83,2022-10-07,36,6.59,1682
8045,5292,37389,3,44820.28,2021-07-15,36,6.17,1752
8046,8412,27987,2,34267.61,2023-08-22,24,6.08,1934
8047,9443,4484,4,87316.68,2021-10-04,48,7.39,674
8048,3255,27676,4,91485.85,2021-03-09,36,6.25,1152
8049,7700,16684,2,61279.73,2022-01-12,60,8.58,314
8050,4320,14146,4,89723.87,2022-09-29,60,9.74,332
8051,6496,20571,3,31549.36,2022-05-06,12,6.85,1174
8052,12972,5625,1,42268.41,2021-06-06,60,4.2,1478
8053,311,19480,1,64900.69,2021-09-28,12,3.99,36
8054,9031,10726,1,15576.86,2022-11-05,48,3.12,1709
8055,6729,29559,4,39443.04,2024-04-09,36,4.13,1444
8056,2519,4955,2,89301.71,2021-06-04,48,3.55,1046
8057,14024,37402,4,60640.94,2023-10-05,60,6.56,206
8058,8920,27261,4,23585.46,2020-08-24,60,3.72,639
8059,5800,22343,4,79950.99,2022-01-31,48,7.91,848
8060,354,10964,1,85788.8,2022-10-03,36,8.46,1981
8061,6576,30733,4,7955.61,2022-09-12,48,4.75,1380
8062,19846,13002,1,32308.69,2024-06-05,60,5.81,440
8063,12203,13151,2,45085.92,2023-12-09,60,9.86,729
8064,18528,38251,3,95247.61,2021-08-01,12,9.98,1120
8065,3700,2374,2,87707.23,2022-12-14,60,6.41,1953
8066,19632,22709,4,29748.8,2021-11-23,36,6.94,941
8067,12865,37182,4,43790.25,2022-02-06,24,3.95,164
8068,5292,23105,2,77647.18,2021-03-07,60,7.01,148
8069,13271,14522,2,75853.3,2020-11-02,48,7.38,1554
8070,12364,12807,2,46822.3,2023-08-23,36,4.35,294
8071,12919,20394,1,46438.67,2022-09-06,12,5.95,195
8072,7832,39611,1,3100.94,2023-05-31,24,4.21,663
8073,3222,33334,3,5240.39,2022-09-16,12,9.36,480
8074,8158,31874,3,83546.3,2023-08-20,60,6.62,1901
8075,8405,15280,4,2493.35,2022-10-31,60,4.25,123
8076,17300,15130,3,74186.52,2021-05-18,48,5.91,1424
8077,11203,34315,4,50563.94,2020-08-30,36,7.55,699
8078,8579,6194,4,64899.87,2020-09-25,12,7.27,965
8079,14765,32723,4,37559.21,2023-09-12,36,3.25,1476
8080,12482,20894,2,91798.04,2022-09-25,60,6.91,661
8081,3266,12947,3,64572.5,2022-04-08,12,8.95,1128
8082,19543,18468,3,41509.61,2021-07-27,48,9.55,1779
8083,7261,25095,2,81297.83,2022-02-14,24,8.88,1486
8084,10078,15798,4,73536.08,2023-02-18,60,8.68,1767
8085,18377,6538,3,59621.12,2024-06-10,36,9.26,1742
8086,13581,31867,1,59657.8,2021-08-18,48,8.82,710
8087,966,22227,3,6758.35,2023-12-13,24,6.75,396
8088,5187,29794,1,5804.55,2022-12-24,48,5.43,912
8089,2513,31163,2,71857.92,2023-11-18,48,6.4,1361
8090,15336,32116,4,22298.3,2021-01-28,60,9.74,1005
8091,4227,29668,3,82135.56,2021-12-06,36,4.63,1623
8092,15196,23982,4,61153.64,2022-11-13,24,9.2,1166
8093,3385,17789,2,17984.77,2022-08-01,48,9.68,317
8094,12250,12888,3,69075.06,2023-04-22,24,9.79,1735
8095,1584,5080,2,48320.02,2021-06-07,12,4.77,1582
8096,1928,37736,4,16561.62,2020-12-19,12,7.17,1824
8097,3519,15220,1,1120.86,2023-04-05,48,4.88,1551
8098,2386,11209,1,75336.54,2024-01-06,36,3.13,1580
8099,14031,2320,1,74583.57,2020-10-07,12,5.73,1425
8100,12980,20618,2,87256.8,2024-05-22,48,4.2,681
8101,1865,14165,1,33376.45,2020-11-19,12,3.83,1334
8102,312,23743,3,10409.73,2022-05-25,48,5.67,495
8103,11026,12230,4,85644.33,2022-07-23,12,5.42,556
8104,10299,39823,1,90411.01,2023-05-31,60,8.98,610
8105,4651,1034,4,32829.46,2020-07-21,24,7.59,1797
8106,2968,18553,1,78074.11,2020-08-17,24,4.12,109
8107,6674,8404,2,21676.36,2023-04-17,36,7.15,1819
8108,9535,12697,4,16693.8,2022-04-28,36,5.95,372
8109,5624,1256,3,99019.11,2023-05-11,60,8.68,855
8110,14930,11051,2,27206.64,2022-09-21,24,8.76,616
8111,76,19617,1,58615.91,2020-12-29,24,9.92,768
8112,852,5128,4,96837.17,2020-10-22,12,4.55,1915
8113,7679,4583,1,21656.07,2022-08-29,12,5.3,206
8114,6183,29339,2,31186.17,2024-01-25,60,8.33,847
8115,19165,31921,4,73015.25,2020-07-06,12,3.4,43
8116,18895,2053,1,68542.91,2022-05-11,48,8.55,865
8117,3713,20864,4,88999.28,2023-11-16,12,3.05,1269
8118,15921,19933,1,99485.41,2023-09-09,60,9.84,1311
8119,10080,37337,3,57615.67,2021-12-28,60,4.18,1379
8120,6915,32984,4,19680.96,2022-11-08,48,7.88,785
8121,3918,32743,1,70315.62,2021-04-29,24,4.61,476
8122,16258,23942,3,27777.56,2023-06-17,12,9.66,83
8123,11897,2942,1,59506.52,2021-06-27,60,6.71,1134
8124,1804,27185,4,1598.73,2022-09-15,12,5.2,1974
8125,993,6209,2,26934.95,2023-10-26,60,4.76,190
8126,11866,33513,1,29514.93,2023-10-16,36,5.07,800
8127,16176,21810,2,17427.76,2021-11-04,24,8.38,936
8128,17255,32094,3,22362.08,2021-04-11,24,3.04,1933
8129,9255,22084,3,66123.69,2023-12-03,36,8.78,251
8130,3310,7883,1,79751.51,2021-06-08,12,3.41,1748
8131,19513,18908,4,66764.53,2022-01-09,24,9.97,291
8132,11967,33872,3,55452.6,2022-07-22,24,5.86,1669
8133,4289,12687,2,95979.4,2021-03-22,36,7.22,1225
8134,17347,7510,4,42349.15,2022-10-28,12,7.36,1821
8135,10497,2329,3,91150.57,2023-06-23,24,6.79,326
8136,5451,17389,3,69086.01,2021-02-12,24,6.57,1535
8137,9612,17793,3,26371.96,2021-02-17,12,5.74,1433
8138,16991,29078,4,55133.79,2021-01-02,48,5.59,1631
8139,2568,7643,3,53946.99,2024-05-24,12,8.69,1814
8140,3791,17178,4,91757.05,2020-10-20,24,5.31,1986
8141,15614,39974,1,80105.15,2023-01-23,12,8.82,1965
8142,9432,12573,1,96466.92,2022-08-22,48,5.64,837
8143,16015,25967,4,28358.02,2021-08-20,36,7.94,508
8144,16836,38720,2,42512.88,2024-03-28,48,8.82,731
8145,17843,22396,1,20970.18,2023-04-09,48,7.37,1625
8146,16117,1384,4,3472.07,2020-11-10,12,6.24,72
8147,19387,22263,3,98664.39,2021-12-25,36,3.53,1271
8148,6209,38220,3,28028.79,2020-09-22,24,5.57,641
8149,14528,16631,2,56556.57,2020-07-27,12,3.59,1748
8150,16529,38885,3,20477.61,2023-07-28,24,3.6,940
8151,1749,30758,2,99562.01,2024-02-09,48,6.06,1879
8152,375,13483,4,36807.28,2022-11-01,60,3.15,608
8153,18957,10692,4,9827.49,2022-09-28,36,7.06,1611
8154,10889,5121,2,61968.52,2023-03-09,24,3.67,1959
8155,12357,38355,2,66214.47,2020-07-11,60,7.55,566
8156,19558,406,3,88906.78,2024-01-09,48,5.24,1368
8157,1756,13516,1,78220.48,2020-10-14,24,8.65,1995
8158,15569,21703,2,96744.64,2022-08-10,24,5.28,1949
8159,8364,37473,1,59246.09,2020-12-18,48,4.46,54
8160,1513,3790,2,65424.47,2021-05-14,24,8.45,1754
8161,18952,12064,1,65383.64,2022-02-01,48,7.83,528
8162,4876,5226,1,16400.31,2024-06-03,60,5.03,611
8163,10454,26157,1,85237.62,2021-11-15,36,8.62,1556
8164,16110,1644,3,85774.59,2021-03-17,48,9.64,1582
8165,3688,11600,4,75440.36,2022-06-10,12,3.7,1987
8166,16368,6834,2,94604.44,2024-01-04,48,9.08,193
8167,9618,30034,4,58793.32,2024-01-02,12,8.42,1919
8168,19392,19594,4,27876.47,2021-01-23,12,5.57,58
8169,13635,11488,2,17849.19,2022-09-27,12,8.12,1461
8170,3236,16695,4,69433.2,2022-05-14,36,3.74,1135
8171,14713,25863,3,76238.7,2023-11-22,48,8.24,129
8172,1392,27485,3,70338.29,2022-11-12,48,8.08,1873
8173,5171,12268,1,35573.78,2021-08-16,24,3.57,706
8174,17755,32574,4,57211.09,2021-05-19,36,8.73,1949
8175,3566,8710,3,8130.8,2023-11-02,60,7.15,852
8176,11936,7256,4,43546.25,2021-01-16,36,7.9,1350
8177,6394,15087,4,85894.78,2024-02-15,12,8.25,8
8178,14022,29193,4,60383.01,2023-01-22,12,7.26,29
8179,512,9663,4,73969.19,2021-05-14,60,3.73,1136
8180,18157,36279,3,99702.11,2023-03-06,48,9.27,947
8181,8917,36318,2,74304.28,2021-04-04,48,7.23,1697
8182,7588,10026,4,70628.33,2021-10-29,36,5.62,131
8183,16167,16923,3,41066.14,2020-12-26,60,5.04,188
8184,13156,38645,1,68574.81,2020-11-29,36,9.29,1699
8185,791,24334,3,75120.32,2023-06-18,60,3.56,709
8186,17127,12238,2,28300.99,2023-07-30,48,7.14,1499
8187,2378,21137,2,57193.54,2022-03-09,48,7.76,1388
8188,4967,30719,2,96734.51,2020-10-18,12,7.71,1228
8189,8739,7438,2,25371.24,2021-02-05,24,3.48,212
8190,16063,12375,2,66421.18,2021-09-13,24,5.04,1645
8191,5981,590,1,70168.95,2024-05-15,60,8.23,276
8192,2323,24602,3,5414.66,2023-08-09,48,5.66,1097
8193,14942,1048,4,26445.99,2024-03-24,60,5.02,1703
8194,19731,4094,2,99066.6,2021-12-21,12,9.86,1796
8195,18290,23449,1,19558.99,2020-09-14,60,4.54,243
8196,19630,27341,4,22552.52,2024-05-01,24,7.41,1811
8197,8552,35433,2,20203.92,2023-12-02,60,3.96,1126
8198,11977,24750,3,99632.34,2021-08-31,24,5.02,987
8199,17780,25830,2,66650.88,2022-05-22,48,4.11,685
8200,14457,38254,3,41490.52,2023-08-11,12,3.69,171
8201,883,11187,4,9442.55,2020-08-22,36,4.6,653
8202,19354,25454,2,76593.0,2022-10-27,60,3.81,1933
8203,15087,11018,2,2640.71,2024-07-02,60,8.25,188
8204,4156,13052,2,59326.12,2024-03-06,60,7.22,1465
8205,5674,27000,2,92349.32,2022-11-17,36,8.6,1110
8206,8883,23910,1,97586.5,2023-08-10,24,4.92,1500
8207,14565,5678,1,60669.08,2022-06-14,12,7.64,52
8208,5431,8721,1,98989.09,2022-04-23,60,9.66,111
8209,2140,9794,3,17420.72,2023-04-09,60,6.77,1973
8210,1633,20988,1,93481.32,2024-01-17,24,4.89,877
8211,10854,38146,1,58239.41,2021-04-03,24,6.66,1878
8212,9895,8084,1,57474.18,2021-05-10,60,6.16,1067
8213,3661,20213,4,3479.54,2020-09-14,12,9.99,211
8214,19327,23251,2,67179.98,2021-12-06,12,4.19,1992
8215,6645,5330,2,49917.63,2022-07-26,24,6.96,1224
8216,2317,22815,4,7677.39,2022-07-12,48,9.85,1834
8217,10627,14919,3,15121.12,2023-09-15,60,7.15,858
8218,6167,13135,3,68522.23,2022-10-15,12,7.62,1776
8219,10303,828,3,45659.06,2022-11-30,60,6.25,627
8220,3692,30305,2,24819.23,2020-08-19,60,7.03,1050
8221,3225,29123,4,84077.56,2021-10-20,12,4.1,1943
8222,19527,29766,2,6642.14,2023-03-26,36,7.62,299
8223,306,16531,4,27126.44,2024-04-24,12,9.04,1101
8224,12647,25289,3,73132.39,2022-06-08,12,4.54,924
8225,908,35402,1,34235.75,2024-04-26,48,8.1,137
8226,3748,36553,3,84452.51,2022-06-08,36,3.18,1044
8227,19474,5423,4,59136.6,2020-10-12,36,6.29,440
8228,16415,35646,3,58479.68,2021-07-07,36,7.31,211
8229,15719,33034,2,80446.21,2021-06-06,36,7.03,752
8230,15463,29374,4,62258.9,2022-06-05,24,5.26,1575
8231,19029,16756,4,82305.73,2021-11-16,48,5.12,435
8232,17548,20290,4,9765.43,2024-02-08,60,4.11,780
8233,12197,1417,3,16454.93,2021-12-18,36,8.13,1231
8234,16967,29656,4,72284.05,2021-05-27,12,8.45,439
8235,16417,32830,1,46377.39,2022-12-14,48,5.78,1998
8236,1848,25669,1,96398.67,2023-05-04,48,6.62,1803
8237,18701,19010,1,61301.46,2023-02-10,24,7.81,666
8238,14880,38508,3,52710.85,2022-03-19,48,3.55,1066
8239,14921,9546,1,1541.8,2024-05-02,48,4.46,411
8240,17105,35825,2,55696.81,2021-01-18,36,6.82,1547
8241,2893,17540,3,9634.16,2022-06-10,24,9.24,806
8242,5334,5410,1,44206.07,2020-11-18,60,7.05,610
8243,14198,38629,3,86589.45,2020-09-18,24,5.28,427
8244,13346,31170,3,87642.61,2020-07-12,48,9.09,1299
8245,1971,18494,1,14250.43,2024-05-21,36,8.49,1472
8246,2681,26077,3,71134.73,2023-03-04,36,3.02,902
8247,19063,1666,1,1901.67,2023-03-16,12,9.81,942
8248,11770,8553,3,38844.05,2020-11-25,12,8.84,1908
8249,9154,26521,2,71636.92,2020-09-12,48,6.29,742
8250,5510,38935,4,25324.18,2024-02-17,12,5.99,1393
8251,6716,8707,2,28493.16,2023-02-21,60,4.81,1962
8252,7372,6554,2,86172.5,2022-06-30,48,8.53,1244
8253,7092,21405,3,92980.92,2021-11-11,12,3.29,1601
8254,14487,1104,1,85243.69,2023-05-23,60,3.23,1891
8255,13097,30098,4,1490.07,2023-12-19,24,4.05,1256
8256,13341,25863,1,47864.41,2023-10-27,60,3.27,328
8257,17409,39238,4,97240.1,2020-08-19,12,9.14,1467
8258,18142,16330,3,35120.04,2020-08-24,12,9.83,52
8259,3507,10701,4,25635.18,2023-03-23,24,6.14,1910
8260,11944,21758,1,12141.67,2021-06-21,48,8.94,1967
8261,12422,13871,3,58977.19,2024-05-23,12,6.05,376
8262,18269,15553,1,76153.85,2022-11-25,12,9.01,263
8263,11777,27649,3,43599.43,2021-12-19,48,3.83,267
8264,980,36246,1,93080.93,2020-09-02,60,8.05,359
8265,5225,25582,2,56435.96,2021-01-11,12,9.61,1341
8266,5379,24274,3,34554.21,2022-03-13,60,6.82,1348
8267,8524,30215,1,55878.27,2021-03-12,60,6.78,1945
8268,10152,4895,2,96772.42,2023-02-24,36,9.7,1932
8269,18401,29312,1,93806.2,2022-08-06,36,4.15,1690
8270,12796,27504,3,20513.25,2024-02-03,24,5.04,1894
8271,15953,6524,3,73661.74,2021-10-14,48,4.89,1902
8272,10062,12631,4,24475.83,2023-11-21,48,3.11,652
8273,14199,6167,4,58202.72,2021-09-15,12,7.35,1963
8274,11568,30674,3,58659.54,2022-03-04,12,7.68,1587
8275,15295,16478,2,82781.51,2021-09-19,12,5.85,1653
8276,11901,20305,1,54479.05,2024-04-09,48,3.68,1445
8277,21,8443,2,96667.24,2021-06-30,12,9.34,46
8278,19347,6424,2,10343.92,2021-03-22,48,4.68,1845
8279,5132,11938,3,69702.16,2022-01-14,48,5.4,600
8280,8634,2628,3,24409.44,2024-01-10,12,8.17,720
8281,11546,4502,2,70683.96,2023-09-20,60,4.36,1913
8282,8002,6673,1,12199.59,2020-07-31,60,4.75,1293
8283,6929,8157,2,79014.13,2023-04-14,48,5.47,601
8284,4203,20681,1,34504.87,2020-09-10,12,5.81,381
8285,17607,31784,2,48506.71,2022-03-29,24,7.03,118
8286,688,19698,4,22038.7,2023-07-25,36,9.05,1590
8287,11315,17888,1,8564.74,2021-06-18,24,5.19,1977
8288,3444,23752,1,40148.74,2021-03-29,48,8.59,116
8289,923,36941,4,48544.98,2022-08-01,60,3.96,1654
8290,18909,36431,4,45355.46,2023-02-16,12,9.55,260
8291,15144,34488,3,57164.4,2023-10-06,24,7.1,1099
8292,17737,335,4,1582.23,2020-10-02,36,6.43,1504
8293,12332,29263,2,2079.23,2021-12-04,60,6.09,305
8294,8692,36816,4,21061.32,2021-07-21,12,9.89,7
8295,9081,39505,1,87211.65,2022-11-20,48,6.62,366
8296,18856,6869,3,21989.36,2022-12-01,60,6.15,1658
8297,1995,1261,1,73031.65,2021-10-15,36,4.78,523
8298,10930,28256,4,19942.75,2022-12-07,36,8.0,1372
8299,3655,11420,1,27243.28,2020-11-11,24,7.29,1462
8300,6621,7951,2,36038.04,2022-08-16,60,4.04,1239
8301,2048,35200,1,23546.26,2023-12-26,24,9.13,429
8302,16123,30981,4,53093.29,2020-07-22,24,9.23,791
8303,140,35196,1,1004.0,2022-10-12,48,3.82,1522
8304,2917,22262,3,21326.08,2020-12-16,24,3.69,1564
8305,6346,13073,4,2853.4,2023-09-06,36,7.56,747
8306,7783,23265,4,99171.45,2024-01-13,48,3.44,367
8307,17494,5941,4,20442.43,2023-06-17,48,7.24,313
8308,12958,9490,3,57111.67,2022-03-17,48,7.16,538
8309,15453,27176,1,86925.42,2022-03-07,48,7.84,921
8310,12821,9838,4,89425.87,2024-02-21,60,4.89,1078
8311,18566,2152,3,78509.46,2023-05-18,48,3.34,1565
8312,10076,7790,3,34515.15,2024-01-11,24,9.52,1491
8313,10461,3240,3,37909.39,2022-05-30,36,5.33,865
8314,5799,15690,4,80414.81,2022-02-20,48,5.13,1188
8315,10106,5206,3,19638.35,2022-10-09,12,4.67,782
8316,16777,11368,3,41752.58,2024-03-29,36,9.27,334
8317,956,4934,3,28021.67,2021-02-23,60,8.64,1571
8318,9618,10488,4,23029.78,2022-07-11,12,6.89,798
8319,11617,81,3,46938.95,2020-08-12,24,6.04,348
8320,4667,37033,3,24656.21,2022-03-18,24,9.81,273
8321,17081,25264,4,50263.77,2021-08-12,12,9.71,963
8322,13227,14957,1,32789.18,2021-12-13,24,5.13,720
8323,18404,23624,4,41856.59,2022-08-28,48,4.86,1774
8324,8743,22646,4,42073.63,2022-08-16,36,5.73,1438
8325,17678,20129,4,24065.79,2024-04-20,48,3.39,500
8326,5535,30823,3,67241.14,2020-10-14,60,3.15,1117
8327,2004,21238,2,27563.21,2023-03-02,48,8.11,685
8328,12259,8467,2,5154.54,2020-12-27,36,9.28,79
8329,14882,15244,3,14295.48,2021-10-23,12,7.67,622
8330,11274,6185,1,88967.48,2021-11-24,36,5.88,1241
8331,733,30624,1,65852.73,2021-09-29,60,4.5,947
8332,18326,6442,4,17247.29,2021-02-22,48,8.44,358
8333,15829,20682,3,47306.76,2023-11-15,48,8.07,618
8334,11136,10757,2,33257.33,2020-09-22,48,7.79,507
8335,9476,19183,4,31745.32,2021-07-31,48,8.13,1583
8336,19177,13624,2,67159.9,2020-10-16,60,9.99,1205
8337,7706,8643,3,20680.81,2021-09-22,48,3.32,576
8338,19982,20818,2,78483.73,2020-08-21,36,9.94,1270
8339,11489,22973,4,68315.69,2023-01-17,60,6.94,244
8340,682,38049,1,32366.46,2021-08-20,60,7.85,506
8341,10389,6818,1,33286.7,2020-12-06,36,5.23,422
8342,10081,25793,2,42206.74,2021-10-21,24,6.81,1344
8343,8281,19175,1,47898.04,2022-03-11,36,5.28,1111
8344,1754,10031,1,96304.95,2022-12-07,24,4.91,217
8345,18591,33191,1,27415.36,2021-04-10,48,8.57,1514
8346,9987,1094,2,96370.92,2022-02-11,60,9.61,1543
8347,10090,22300,4,84003.16,2020-08-07,24,7.63,1302
8348,8786,21418,4,33269.57,2021-02-21,60,4.4,1873
8349,3452,7218,4,19292.82,2024-04-29,12,3.19,1746
8350,2757,34374,3,96067.73,2020-10-08,48,8.97,1009
8351,1617,14379,1,92475.35,2022-10-13,60,4.55,1193
8352,15220,12922,1,25337.74,2021-04-08,48,4.12,330
8353,8552,36438,3,43095.64,2021-01-22,12,3.13,650
8354,18506,19920,1,61611.94,2022-05-04,12,3.43,1465
8355,15664,13090,1,28558.09,2023-12-21,12,6.44,391
8356,13737,14311,1,93878.15,2021-06-06,48,5.09,1520
8357,3368,3224,2,86795.75,2023-05-17,48,4.6,381
8358,13241,38575,3,7229.46,2024-07-02,12,3.51,1330
8359,17194,7863,3,46822.9,2020-09-15,12,3.2,742
8360,5334,34988,4,80121.22,2020-07-23,24,5.27,820
8361,2352,17250,4,24587.67,2024-06-11,24,4.52,673
8362,16548,6687,2,82618.98,2021-02-20,36,7.92,513
8363,3980,7356,2,85636.13,2024-05-07,48,7.15,1772
8364,18295,16793,1,72485.78,2023-03-20,36,6.19,949
8365,10929,25146,3,15526.89,2021-12-11,60,4.32,1212
8366,14781,31011,4,94037.35,2021-07-25,60,4.16,930
8367,4180,36124,1,78874.85,2021-04-12,60,6.9,1540
8368,3992,16984,2,7082.67,2023-09-09,60,8.86,913
8369,19852,25007,3,15808.06,2021-12-15,48,8.06,644
8370,18545,15321,3,50204.78,2024-05-24,12,7.47,427
8371,5744,21125,4,23829.36,2023-04-09,36,5.14,502
8372,18325,20731,2,42268.94,2021-10-19,36,4.8,730
8373,18060,31747,2,12360.35,2021-01-16,48,4.75,1284
8374,650,18401,1,80107.29,2023-06-28,48,4.85,1537
8375,625,21509,2,22740.12,2023-10-09,24,6.94,71
8376,2779,26165,4,63336.14,2024-02-13,24,5.42,478
8377,8299,24828,4,86145.52,2022-05-22,48,7.52,1202
8378,7278,28468,4,10610.23,2021-03-25,36,3.23,457
8379,11711,34679,4,2371.23,2022-05-21,48,4.42,189
8380,5323,7815,3,73907.44,2023-09-19,48,3.5,291
8381,8751,20742,3,69489.81,2023-12-12,36,8.11,1544
8382,12827,10727,4,55494.41,2022-11-02,60,9.71,1789
8383,2282,10922,4,96822.46,2022-09-30,12,3.04,920
8384,5027,12480,1,26765.13,2023-08-05,12,4.13,292
8385,14450,9725,2,3704.98,2022-10-16,24,6.23,1970
8386,17873,29434,3,24560.25,2022-06-03,48,3.98,756
8387,1466,30475,4,85954.0,2024-03-22,60,8.98,1659
8388,9194,12139,1,74751.57,2023-03-07,24,6.65,1835
8389,17005,23575,2,87811.86,2023-12-18,24,8.13,1307
8390,3685,36153,4,96763.59,2024-02-10,48,8.74,1568
8391,8174,4470,4,41874.74,2020-11-18,60,5.78,1870
8392,13302,24524,4,96734.37,2020-10-25,36,8.04,377
8393,15067,535,4,89213.15,2024-02-04,48,9.86,1682
8394,17293,37349,4,66930.97,2024-03-05,12,3.59,1180
8395,2717,23628,2,69565.42,2022-04-15,36,6.91,508
8396,7700,10079,3,46399.51,2024-06-08,24,9.13,1437
8397,16998,34926,1,4585.56,2020-12-21,36,9.81,528
8398,17505,39378,2,71096.46,2021-10-08,48,7.13,1379
8399,14334,22500,3,47425.85,2023-10-18,60,3.27,559
8400,4629,9298,4,27356.59,2024-04-03,48,9.74,1787
8401,2937,26685,2,26045.76,2023-12-05,24,9.05,1211
8402,7467,22766,4,60969.75,2021-02-20,24,4.97,1055
8403,4853,12085,2,42040.57,2022-02-08,48,4.55,260
8404,3567,14033,3,68819.67,2023-04-01,36,8.18,421
8405,14876,34960,4,62826.47,2022-05-23,24,6.4,1553
8406,1918,3228,4,94497.67,2021-03-19,36,8.78,1575
8407,4446,16398,3,51698.63,2023-01-14,24,4.18,304
8408,6556,10841,3,75780.64,2022-01-29,24,7.39,942
8409,12244,22848,4,63695.28,2023-04-13,48,7.21,1968
8410,11907,14634,2,40769.62,2020-09-09,60,9.7,1063
8411,6338,33276,4,1115.09,2021-04-19,60,7.66,1513
8412,10531,518,3,6522.33,2022-05-17,60,3.17,1668
8413,15140,26726,3,82740.22,2020-08-09,24,9.7,542
8414,348,34760,2,9658.22,2022-10-18,36,4.27,1694
8415,9638,8644,1,59207.16,2021-01-03,60,4.8,1302
8416,16663,23880,1,34373.0,2022-03-21,24,6.14,1227
8417,4873,33193,2,88487.46,2023-10-15,60,5.16,1090
8418,1890,29816,1,28950.44,2022-04-07,60,5.87,108
8419,13190,26482,1,18189.03,2022-11-24,12,8.74,268
8420,18714,22174,2,71805.37,2021-07-27,36,5.12,222
8421,1892,24318,2,27711.32,2023-11-19,12,3.19,1828
8422,10643,29025,3,97911.44,2022-03-23,12,6.05,1554
8423,16709,22986,1,54503.35,2023-05-01,24,3.39,1114
8424,5842,32077,4,28628.49,2020-08-12,48,3.87,693
8425,18195,27651,3,71118.25,2022-10-09,48,4.29,255
8426,6875,18954,1,9100.29,2022-01-18,12,9.49,1479
8427,2731,22384,4,2579.6,2024-03-10,24,5.29,253
8428,7467,1755,2,92294.59,2022-10-16,36,8.3,257
8429,1487,23521,3,36712.96,2020-08-19,12,3.21,383
8430,17577,30037,1,62769.94,2020-09-21,36,9.6,442
8431,13433,8591,4,12007.19,2022-02-16,36,6.68,1882
8432,2645,11467,2,55324.08,2021-03-19,24,3.93,599
8433,4783,31585,1,93480.41,2022-06-23,24,4.38,1114
8434,8629,13700,3,60161.37,2024-06-07,12,8.8,1773
8435,11749,14364,4,89322.21,2021-06-15,12,5.87,390
8436,13022,7689,3,79527.49,2022-01-10,48,7.73,582
8437,15370,12845,2,66408.38,2024-02-26,36,6.73,1068
8438,6283,19586,1,36416.6,2020-08-31,60,3.85,1736
8439,10678,26919,4,96345.23,2022-02-15,24,4.87,1688
8440,5838,2522,3,8931.09,2023-08-08,48,4.63,598
8441,1030,33043,2,85037.46,2021-06-26,48,7.13,19
8442,9462,5027,3,98091.61,2021-04-18,24,3.22,1125
8443,19894,13948,2,11267.08,2023-02-05,24,9.64,1938
8444,9575,26539,3,75533.45,2022-10-26,36,7.8,607
8445,6566,30600,4,87125.15,2023-02-07,12,3.39,1790
8446,15303,22203,2,72008.31,2021-07-31,48,5.04,1381
8447,7037,34588,2,70700.77,2021-07-04,60,3.31,1566
8448,13498,2210,2,99184.6,2022-05-11,12,4.04,1785
8449,986,19946,4,40792.33,2023-07-14,36,3.23,1962
8450,2238,7958,2,43237.56,2020-12-11,24,6.06,33
8451,12736,3982,3,16464.65,2024-05-12,60,5.54,1994
8452,12656,25482,3,11746.52,2023-01-20,12,6.92,1253
8453,5133,36206,2,98260.45,2022-08-11,24,8.23,1548
8454,17116,34180,2,17874.18,2021-11-19,12,3.29,1654
8455,5227,37630,3,32629.85,2022-08-21,12,9.36,862
8456,13541,7166,1,43505.91,2021-04-12,36,9.36,155
8457,16592,16507,1,12203.85,2021-07-18,24,6.61,1447
8458,18262,9087,4,11805.7,2023-03-17,12,5.46,905
8459,17835,38897,3,93937.39,2022-10-03,12,8.98,1270
8460,3215,22071,1,7551.55,2020-08-14,60,9.38,405
8461,4601,1731,2,12845.93,2022-07-05,12,7.88,844
8462,5538,36347,2,69615.26,2022-01-05,36,9.65,1783
8463,7315,39605,1,89258.98,2023-10-29,24,8.36,1565
8464,1180,24618,3,65930.58,2021-07-15,48,9.01,1185
8465,11642,33747,2,61901.86,2021-01-06,48,6.7,747
8466,6959,16236,4,82824.41,2023-09-15,60,6.92,1726
8467,4645,744,2,31155.2,2023-07-16,36,9.39,1141
8468,12628,26937,2,22587.91,2023-05-20,60,7.9,271
8469,3603,22321,3,88255.61,2021-11-28,12,8.6,770
8470,5736,15231,4,9293.83,2021-09-03,60,7.37,1716
8471,10,3208,1,19771.41,2021-05-19,12,9.61,1511
8472,2827,35237,4,3888.0,2023-11-10,48,9.51,1909
8473,17754,30343,2,79282.25,2022-08-05,36,8.53,172
8474,3271,1682,2,12637.3,2022-06-11,12,6.25,1974
8475,16017,23430,2,70733.14,2023-08-04,48,4.78,274
8476,17923,14849,2,15172.02,2020-12-24,12,5.78,259
8477,6221,26427,2,48935.5,2022-03-25,48,7.7,1159
8478,15508,1466,1,63516.67,2022-07-24,48,6.12,1707
8479,19185,5321,3,79583.62,2023-11-20,36,6.69,1746
8480,11969,10198,4,87952.89,2024-04-21,24,9.8,1772
8481,5315,32216,4,92581.18,2024-06-03,24,5.68,422
8482,18602,29509,2,60939.13,2022-01-01,12,6.53,1445
8483,12452,13516,1,48278.59,2021-11-06,24,6.14,1210
8484,13552,14523,2,41871.29,2022-05-28,48,6.56,1953
8485,9330,32161,1,56507.25,2021-02-01,60,7.12,364
8486,1243,12361,2,28430.94,2022-04-08,48,4.78,1979
8487,19712,27819,3,70992.45,2023-12-28,12,3.24,1631
8488,18956,37915,3,67371.9,2024-02-09,12,9.63,378
8489,3041,30216,1,5589.65,2021-04-18,48,8.47,1547
8490,17315,17818,4,40324.93,2021-12-10,48,4.94,580
8491,17468,37848,3,12105.27,2020-09-14,48,8.68,891
8492,5566,33977,4,31071.61,2022-01-25,24,6.63,722
8493,8141,32917,2,6369.94,2022-05-26,48,5.66,1220
8494,8416,1691,4,20764.22,2023-04-23,36,9.69,881
8495,18048,13966,2,88997.11,2020-10-09,48,8.72,1122
8496,3374,21084,4,5675.88,2021-09-21,12,9.69,605
8497,11033,37008,2,54503.91,2023-09-29,60,4.46,22
8498,19977,4221,3,71198.22,2022-06-19,48,6.79,1474
8499,11129,2837,3,1045.24,2024-06-17,48,6.24,1196
8500,7953,6986,3,67430.06,2023-10-02,36,7.79,383
8501,12180,23897,4,10405.89,2022-01-27,24,6.88,134
8502,3544,27247,1,73881.96,2021-04-04,12,8.27,1450
8503,16552,14905,3,57963.97,2021-07-10,24,4.79,1049
8504,2655,18947,3,94482.99,2024-03-20,60,5.69,503
8505,6799,17797,3,73160.12,2021-10-01,60,6.35,1209
8506,16243,28301,3,9961.49,2021-05-07,36,8.14,1109
8507,15578,17636,3,17356.08,2022-02-28,48,7.72,1591
8508,2537,20339,2,22226.45,2023-05-21,36,4.1,1787
8509,12695,966,2,52332.13,2023-10-17,48,7.47,144
8510,7150,35915,4,39025.4,2024-01-14,24,4.64,1887
8511,10825,20544,1,24981.31,2020-08-15,60,7.61,1934
8512,284,6938,2,53615.13,2024-05-14,36,5.47,1703
8513,12022,16574,1,66246.95,2023-12-30,24,9.5,1436
8514,6984,14925,2,44804.06,2024-02-12,60,9.02,224
8515,18024,39545,1,19986.76,2023-02-01,60,6.18,220
8516,15613,32149,3,60118.72,2023-03-25,60,5.72,179
8517,19164,6109,1,71897.66,2024-01-01,24,7.89,1655
8518,2984,30587,2,65454.3,2023-04-20,24,8.08,433
8519,14754,34676,1,7239.76,2024-05-30,60,5.55,265
8520,9249,18766,2,3396.3,2022-01-24,60,6.57,954
8521,8186,19051,4,70052.27,2023-04-07,36,9.04,429
8522,18936,10450,4,41995.27,2024-01-08,60,7.99,1686
8523,5995,20352,4,68474.18,2023-04-28,60,4.71,416
8524,899,7164,1,95036.46,2024-01-31,60,7.86,1477
8525,8102,7882,3,31428.74,2023-10-21,24,8.48,727
8526,15486,6743,2,38284.56,2021-06-04,60,9.28,197
8527,8057,14417,2,35500.24,2020-12-21,48,4.55,1578
8528,17023,29491,3,2756.22,2022-05-06,24,8.34,1077
8529,9376,34821,4,60824.26,2024-06-03,48,6.37,480
8530,13462,34066,1,41632.21,2021-08-07,24,8.63,1467
8531,13668,2350,3,17729.21,2024-01-31,36,8.19,1354
8532,17636,13083,4,5685.19,2021-12-02,36,6.85,1275
8533,2222,1388,1,31959.83,2020-08-11,12,5.79,1831
8534,6460,38394,2,8477.25,2023-01-23,48,4.79,890
8535,13262,34674,3,92420.07,2021-12-03,60,3.1,1807
8536,19737,17725,2,59301.3,2023-01-15,48,8.21,1991
8537,106,3092,2,30035.97,2022-11-19,60,7.04,925
8538,2097,13095,2,70322.62,2022-02-09,48,8.74,123
8539,5681,2450,1,89708.92,2023-03-26,48,6.29,1903
8540,4127,23515,2,19976.99,2022-11-22,60,3.67,1411
8541,8057,20392,1,59889.77,2024-02-05,60,4.08,1363
8542,13590,37700,3,66476.54,2022-09-25,60,4.39,778
8543,965,16577,2,60696.74,2020-10-30,12,5.45,348
8544,10393,28274,4,77947.77,2020-09-10,24,6.49,29
8545,15912,27446,3,67160.26,2021-06-21,48,3.75,975
8546,6503,18544,1,23030.33,2023-10-16,12,8.87,35
8547,3487,20828,1,67796.55,2023-02-16,36,5.31,1542
8548,4719,10100,2,38253.95,2021-06-02,36,6.12,1420
8549,8456,14724,1,45044.1,2021-12-01,48,9.85,623
8550,10843,3963,2,78449.08,2023-05-31,24,3.76,1318
8551,5548,26004,4,87637.48,2024-01-17,60,6.56,589
8552,18037,24872,1,55491.77,2022-08-15,60,6.1,1373
8553,15278,31167,3,88613.29,2023-08-28,36,4.1,1171
8554,17130,3886,4,88194.97,2021-01-20,60,3.61,1091
8555,6921,22926,4,38064.47,2020-07-12,60,9.5,904
8556,14597,1737,1,82617.0,2023-02-27,24,7.68,520
8557,6799,22477,3,22116.5,2024-05-01,36,8.01,122
8558,770,25901,4,43553.69,2020-08-11,24,7.26,340
8559,12739,27463,4,65169.52,2022-10-12,12,3.37,175
8560,19978,24267,3,20496.22,2023-10-17,36,5.3,1924
8561,7413,34120,4,54519.08,2023-05-28,12,3.9,1715
8562,10679,3758,1,26929.86,2022-01-13,60,3.03,597
8563,12760,19547,1,44697.04,2021-08-24,12,9.39,451
8564,5776,29031,2,68752.6,2024-05-16,48,5.2,557
8565,14898,5468,1,69463.83,2023-05-05,24,7.99,1160
8566,17871,6870,3,92384.58,2022-11-17,60,3.53,1879
8567,7891,10920,4,64282.7,2022-09-21,12,8.84,1040
8568,13483,5925,1,60340.08,2023-03-02,12,5.04,1357
8569,11342,32872,2,30048.27,2022-10-12,60,6.13,1219
8570,17235,34118,4,19981.61,2023-11-22,48,4.19,1520
8571,13722,22861,2,36291.17,2022-09-24,36,9.14,9
8572,14310,24971,4,79530.71,2022-12-30,12,7.03,1852
8573,15443,7443,1,32253.78,2020-11-10,36,4.92,334
8574,17965,28470,1,5732.31,2023-09-14,24,8.77,1357
8575,3231,23504,3,59192.54,2023-09-04,12,7.72,1017
8576,17461,23247,4,25598.75,2021-03-15,36,9.94,327
8577,4675,37767,3,60735.86,2022-11-04,24,7.74,15
8578,18076,5409,2,37707.93,2023-07-11,60,3.29,839
8579,14822,35766,4,44552.08,2022-11-18,24,7.24,1638
8580,15652,17368,3,58469.61,2022-09-15,12,7.55,226
8581,16280,12069,4,20640.19,2023-10-05,60,4.54,1449
8582,14746,2042,1,21831.48,2021-09-15,48,6.8,1814
8583,19968,7452,1,47589.0,2023-02-20,24,8.09,1432
8584,15001,18905,4,93220.73,2022-10-24,36,4.2,113
8585,10362,36002,3,76095.62,2024-03-11,12,4.38,1452
8586,18393,17568,4,66227.45,2022-02-01,48,3.61,1
8587,11703,19024,2,62738.15,2021-11-17,48,8.92,266
8588,11660,11163,3,57158.72,2024-04-27,48,5.51,1515
8589,19479,38099,1,5972.64,2021-12-26,12,7.09,1232
8590,17478,39981,3,1702.11,2020-07-24,60,5.35,1646
8591,6567,19410,4,7267.28,2021-03-26,36,4.82,1736
8592,13116,11398,4,45786.86,2022-05-31,24,5.49,952
8593,16345,30943,2,40901.16,2022-01-01,24,9.94,1393
8594,4925,37515,1,56175.05,2023-12-20,12,6.08,306
8595,14139,6125,2,69044.09,2020-09-26,12,5.44,12
8596,6335,28278,1,29230.46,2024-03-11,12,3.81,1369
8597,19187,17436,2,66320.17,2022-09-06,60,5.7,1489
8598,7278,28692,4,8269.61,2023-11-27,12,5.72,1724
8599,7130,7923,3,52660.28,2024-06-28,36,9.19,1690
8600,11322,1392,3,78866.79,2024-02-26,60,9.03,1518
8601,11719,4491,1,87920.22,2024-02-02,12,4.57,1392
8602,14907,16440,3,15995.87,2023-03-19,36,6.59,1870
8603,15685,34230,2,47053.96,2021-09-26,12,5.0,937
8604,9987,26700,1,21863.75,2022-05-20,60,4.25,420
8605,13825,19542,4,51555.87,2022-04-28,48,5.21,889
8606,4566,22317,3,33139.04,2022-07-09,48,6.12,1815
8607,770,25530,3,29289.48,2022-03-24,12,3.8,171
8608,6342,11625,2,49983.7,2023-06-02,48,5.24,134
8609,8705,39752,2,98774.48,2022-09-26,60,9.4,965
8610,13102,34272,1,52517.25,2021-12-03,12,4.21,1451
8611,14895,26664,3,58538.37,2023-06-17,24,3.97,1049
8612,1200,4710,4,31266.22,2023-12-26,60,7.24,1554
8613,16966,37914,3,79916.62,2022-01-15,12,4.81,1214
8614,9826,3825,4,90979.18,2023-10-30,48,6.02,1165
8615,10630,949,3,85377.04,2024-04-02,60,3.8,1579
8616,19618,32704,2,41506.42,2023-07-08,60,4.56,1870
8617,9842,29995,4,85578.82,2021-03-14,48,7.44,1820
8618,17876,10594,2,93633.4,2023-05-01,12,9.87,658
8619,2451,4455,3,70277.32,2021-10-05,12,8.24,1339
8620,13906,7854,1,67527.97,2023-07-05,24,4.5,1468
8621,6297,7348,2,83576.68,2022-09-03,48,5.94,1343
8622,16641,15934,4,8253.23,2024-03-20,24,8.65,1465
8623,5413,25100,1,33873.89,2023-10-08,36,6.36,1116
8624,18229,21408,3,23005.45,2022-08-01,60,6.52,179
8625,6910,8757,4,88328.69,2023-05-16,60,6.41,1080
8626,16690,36977,3,17820.95,2024-05-26,12,7.87,1179
8627,5685,19560,1,40218.03,2021-09-25,12,5.84,1696
8628,18526,34160,2,85643.55,2024-03-09,24,8.82,111
8629,5697,34094,3,37983.49,2023-08-19,48,4.47,137
8630,15955,23080,1,1120.41,2021-02-04,48,8.25,232
8631,16711,5862,3,76452.98,2021-05-13,48,4.03,992
8632,12383,617,4,76897.83,2022-05-24,12,6.13,468
8633,607,34160,2,69797.88,2021-10-04,12,9.44,732
8634,10839,11255,4,2031.01,2023-10-10,24,6.76,481
8635,13044,3977,4,63211.25,2023-03-18,36,6.07,1092
8636,11800,34154,2,21444.38,2021-04-18,12,8.13,814
8637,12208,32798,1,98259.88,2023-10-07,36,6.66,1273
8638,1084,27320,4,15411.62,2022-04-15,60,4.37,994
8639,15928,14853,4,72743.73,2021-05-28,60,4.87,323
8640,13220,21927,2,81773.0,2020-08-15,24,6.68,922
8641,17444,12191,1,79046.27,2021-08-11,12,6.85,904
8642,5630,36973,2,26453.75,2020-08-02,12,6.35,1542
8643,12061,7778,1,48431.09,2022-07-09,60,3.84,2000
8644,18254,37490,2,21214.61,2022-04-16,60,5.58,1816
8645,502,26525,4,38177.99,2023-05-28,12,6.49,1456
8646,12788,37586,3,86407.31,2024-04-04,12,8.27,1511
8647,16737,35032,2,58378.07,2020-09-12,12,4.0,606
8648,10827,12213,3,45544.41,2023-02-26,36,5.41,429
8649,4570,2561,1,71444.8,2023-10-16,48,3.73,1293
8650,17020,2583,4,51260.22,2021-01-11,12,6.25,1733
8651,5145,38577,1,18007.93,2024-03-29,24,6.26,1561
8652,13305,34844,1,72405.64,2021-01-02,36,9.71,148
8653,8644,35008,3,67254.21,2022-05-21,60,4.73,1142
8654,7836,10500,1,65528.32,2022-05-22,60,4.07,850
8655,19934,31503,4,82351.17,2024-04-12,24,9.08,367
8656,16163,17174,4,53752.68,2023-10-09,60,8.65,850
8657,19870,27928,2,18257.7,2024-04-22,36,9.23,1090
8658,19188,29871,4,48685.04,2024-05-30,36,5.22,1994
8659,12478,11450,1,60455.5,2023-08-23,60,5.13,813
8660,5291,24669,2,62806.25,2022-10-05,12,5.66,1394
8661,3263,22781,4,81805.97,2021-02-04,36,3.67,175
8662,5040,15881,2,90930.13,2021-01-03,24,8.7,1855
8663,10792,1304,3,31760.29,2023-11-08,60,4.63,588
8664,3167,11775,1,60991.8,2021-07-01,12,8.52,495
8665,12002,10411,3,99288.69,2022-01-29,36,6.36,973
8666,11595,24106,4,67792.96,2022-07-05,48,3.42,1138
8667,1618,39329,2,91576.33,2020-08-08,60,6.19,1135
8668,8384,634,4,35892.99,2022-10-26,48,6.44,1785
8669,18836,12599,1,69991.76,2021-08-08,60,6.53,1463
8670,10608,1660,2,27391.93,2022-10-05,60,8.55,1739
8671,12994,27529,2,82413.07,2022-07-30,36,3.23,1171
8672,17021,13710,3,7592.41,2021-06-20,60,7.04,35
8673,7714,39766,3,1438.31,2021-04-20,12,6.35,999
8674,9392,6117,4,18809.93,2023-05-22,36,5.72,1333
8675,4798,26247,4,85735.72,2021-07-29,12,5.81,538
8676,8298,25884,2,14817.71,2023-11-23,48,3.77,750
8677,10761,21460,3,11174.52,2021-12-03,48,7.63,1038
8678,7708,17580,2,80273.35,2024-04-26,24,3.19,374
8679,9174,27190,3,83471.74,2022-05-02,24,7.45,557
8680,16274,22144,3,91899.25,2021-12-01,12,3.47,1452
8681,5806,26368,2,78424.16,2022-11-04,12,9.1,1752
8682,18345,5843,2,34277.04,2021-03-01,48,9.85,233
8683,4953,1722,4,50026.8,2022-08-31,60,4.15,705
8684,11522,6698,4,53459.09,2021-02-04,36,8.97,563
8685,4079,13298,2,38073.36,2022-01-10,48,5.71,939
8686,3415,4774,4,5678.61,2020-11-29,60,9.24,887
8687,12260,1732,1,67223.87,2022-09-08,12,9.62,726
8688,14307,13711,3,64678.26,2023-12-25,12,8.44,1687
8689,7039,25555,2,49999.76,2023-07-10,36,7.15,1464
8690,1316,28987,4,85689.07,2022-03-10,48,9.37,1526
8691,10495,16351,2,15990.61,2023-12-04,60,5.98,1299
8692,10644,12066,4,5817.6,2023-06-02,12,6.94,1874
8693,1963,22290,1,60920.26,2022-04-12,60,4.87,76
8694,8897,37063,1,27535.07,2023-09-24,12,3.7,439
8695,16821,3541,2,91736.32,2021-03-11,60,3.75,1756
8696,18664,17492,2,10425.64,2023-11-04,24,4.12,1884
8697,2192,1467,4,62203.96,2020-10-11,12,9.54,1980
8698,16072,34511,4,42085.67,2022-12-07,12,8.16,699
8699,1199,18941,2,25347.31,2021-01-15,12,8.42,1313
8700,5858,38956,1,54678.85,2024-05-02,36,8.56,915
8701,12565,8958,1,85666.29,2021-05-29,48,3.67,1564
8702,1925,34944,2,15688.32,2023-04-13,60,5.36,891
8703,18919,12850,1,1179.54,2023-07-18,12,5.67,692
8704,7189,34088,2,32850.49,2024-05-03,60,3.06,253
8705,11773,19200,2,64125.63,2024-04-29,36,5.83,1150
8706,7146,8086,2,17181.49,2023-11-26,12,7.32,1201
8707,1212,20380,1,36673.54,2022-11-11,60,9.1,1061
8708,7942,37268,2,52053.3,2021-04-03,48,3.39,410
8709,12415,23336,2,69518.53,2023-02-25,12,5.88,1635
8710,4402,24594,2,47996.54,2022-07-02,60,6.67,1634
8711,11902,30601,4,66128.86,2022-12-27,48,9.01,127
8712,18463,30981,4,97093.2,2024-05-17,36,8.13,1507
8713,16681,19057,1,78794.68,2021-03-10,60,5.31,1192
8714,13055,9861,3,71084.89,2023-01-26,60,4.19,592
8715,15860,30403,3,60607.32,2021-04-08,24,4.31,294
8716,14599,7210,2,19323.03,2020-08-10,60,5.84,1869
8717,14619,25629,4,90904.09,2021-05-02,36,7.99,1662
8718,15430,6371,4,4789.86,2022-04-05,12,10.0,1367
8719,1630,33631,2,15265.63,2021-03-02,36,4.86,1020
8720,14214,32175,2,13797.72,2021-11-11,24,5.33,310
8721,13206,36651,4,81915.97,2021-08-03,60,6.06,662
8722,8357,4210,4,63590.62,2021-07-23,24,9.19,528
8723,7079,24956,2,85242.68,2020-09-07,60,5.6,540
8724,18376,18043,3,90058.16,2021-09-26,60,7.62,419
8725,12152,33355,4,44004.6,2020-09-29,36,8.54,444
8726,15732,27163,4,85845.87,2020-10-07,12,4.84,685
8727,4985,5991,1,25799.08,2023-09-28,60,3.19,1582
8728,12446,11623,4,80836.62,2022-08-27,48,9.53,840
8729,12367,23901,4,8217.67,2023-07-19,60,5.84,236
8730,12028,6665,3,23725.53,2021-07-22,24,4.39,1463
8731,9110,38661,2,62931.94,2022-05-13,48,6.04,214
8732,14681,26818,4,92189.93,2020-12-05,36,3.24,85
8733,18756,32503,2,29747.54,2024-01-02,12,3.05,794
8734,19202,27773,3,76258.18,2022-02-04,24,6.02,1768
8735,10018,30093,3,61334.24,2021-02-23,36,9.2,85
8736,2102,9891,1,68620.18,2024-02-08,48,6.57,1945
8737,19361,26772,3,22168.68,2021-08-20,36,6.94,1513
8738,4512,24420,1,58110.78,2022-12-21,12,4.7,65
8739,5894,12063,4,13863.36,2022-02-03,48,7.4,1670
8740,19791,24589,2,73757.21,2021-11-08,48,3.02,663
8741,291,35958,4,94968.54,2021-01-18,12,5.38,627
8742,3396,26074,4,96109.21,2022-06-27,36,7.36,64
8743,19431,5271,3,83353.29,2022-06-14,60,3.97,1367
8744,6111,34130,4,47363.76,2023-08-06,36,6.8,939
8745,13834,18114,3,32524.93,2022-07-14,12,9.19,1899
8746,13332,24851,2,73206.11,2024-05-12,36,3.18,919
8747,11695,36572,2,93631.19,2022-10-03,12,9.31,1376
8748,6897,2396,2,23119.69,2020-11-21,24,9.94,1182
8749,1821,8290,2,3115.68,2022-08-03,36,4.14,1613
8750,2168,31913,2,10338.45,2023-08-03,60,9.49,491
8751,17894,16563,3,19247.29,2023-03-17,48,4.93,1682
8752,19906,31604,4,38715.76,2021-01-25,36,3.2,1879
8753,7368,1622,3,52106.13,2024-06-03,48,4.97,1487
8754,16502,15810,4,10723.55,2024-01-25,24,4.89,1249
8755,6171,1911,2,28080.84,2022-10-25,48,5.17,1941
8756,128,28109,4,6524.09,2024-01-07,24,7.41,313
8757,19666,24037,1,54079.86,2021-11-19,24,8.91,615
8758,785,13832,2,7021.78,2022-03-24,24,4.39,919
8759,7898,30314,1,8485.08,2023-02-14,48,3.14,1883
8760,15692,27834,4,78308.8,2023-11-24,48,6.12,813
8761,1362,31196,3,42681.41,2020-07-26,60,8.0,940
8762,18024,12167,2,38448.22,2021-04-13,24,4.12,1490
8763,10698,22564,1,3795.36,2023-10-19,48,4.94,1112
8764,2676,16413,2,47984.64,2020-07-13,48,5.83,1907
8765,17663,34412,4,41330.57,2024-07-02,48,6.54,1327
8766,498,7552,3,81971.28,2022-06-17,12,8.35,680
8767,16308,20480,1,38287.16,2022-08-27,60,7.37,435
8768,7564,31444,2,88262.1,2024-06-30,24,4.35,682
8769,14827,15607,3,40832.06,2021-07-17,48,3.59,1159
8770,7025,11126,1,33803.64,2024-01-03,48,9.77,1074
8771,3009,7996,3,27383.1,2021-05-24,12,9.72,1456
8772,17136,30496,3,99840.67,2022-02-24,36,3.47,340
8773,2789,16847,2,27053.38,2022-01-08,36,9.49,347
8774,8650,22047,2,54483.49,2021-05-15,60,7.35,646
8775,5119,9647,4,45424.31,2021-10-05,36,6.34,1371
8776,11690,28124,2,18632.63,2021-10-29,48,4.36,649
8777,18849,9224,1,93446.57,2021-12-04,48,9.47,245
8778,15735,12777,3,90283.66,2021-06-20,60,4.49,109
8779,775,30983,3,79047.85,2022-12-14,36,7.38,1849
8780,14560,6052,2,36362.65,2021-05-26,24,9.26,1823
8781,2519,24808,1,69746.97,2022-02-11,36,3.45,533
8782,2215,3242,4,60791.8,2022-09-25,12,5.36,1114
8783,14450,21774,3,33850.04,2020-07-06,48,7.85,296
8784,16531,12806,2,30513.07,2022-11-29,48,9.89,112
8785,4939,17562,4,63521.85,2020-07-21,60,4.69,1837
8786,16160,6956,3,86262.58,2021-04-04,12,9.04,1613
8787,3247,25446,4,53325.97,2022-06-09,36,6.53,1201
8788,7832,21058,4,8581.34,2024-04-28,60,6.42,343
8789,1269,27454,1,12370.87,2022-06-27,48,5.89,1684
8790,19385,18232,4,88241.61,2023-03-14,60,5.49,101
8791,16489,36691,4,81693.43,2021-09-26,36,3.48,1782
8792,12273,36811,2,80433.72,2022-10-28,12,3.07,629
8793,11965,13370,2,16438.33,2024-05-02,24,8.67,1628
8794,7324,1650,1,78998.07,2022-05-11,60,7.39,1425
8795,18627,22945,2,95299.81,2022-09-11,36,8.41,28
8796,14648,16811,1,40081.03,2020-08-28,60,9.42,937
8797,7149,32099,1,77509.79,2023-09-04,24,5.59,1986
8798,17726,16097,1,6326.98,2021-03-02,12,7.7,1561
8799,804,3737,2,42923.44,2021-02-13,60,3.2,58
8800,13710,29743,3,53844.14,2023-12-29,12,7.24,1522
8801,5753,14314,1,9668.98,2021-07-09,24,9.05,297
8802,8411,34814,2,30276.79,2023-10-17,48,5.99,134
8803,10208,38736,4,67148.75,2021-04-11,36,4.01,1355
8804,15578,32673,1,9984.36,2023-05-21,12,3.71,249
8805,1468,27129,2,4277.03,2020-08-14,60,6.17,1021
8806,14614,18600,4,70137.42,2022-06-29,24,5.19,550
8807,3880,12104,4,13273.93,2023-04-13,60,9.42,902
8808,14283,10424,1,85749.97,2022-07-29,36,3.06,1965
8809,3685,4850,4,63386.91,2023-04-04,24,6.17,1099
8810,15812,38028,1,87919.86,2022-11-01,60,4.65,1678
8811,5202,29920,4,66229.9,2020-07-11,24,3.33,834
8812,3738,4392,1,96890.17,2021-12-30,24,4.98,1192
8813,14339,28593,3,53922.78,2021-07-09,36,3.26,771
8814,17251,27931,4,84903.89,2024-06-30,24,7.48,1527
8815,6442,10996,2,34923.03,2024-03-10,12,5.83,1909
8816,19626,38578,3,75359.25,2021-10-08,60,4.22,1379
8817,10852,2360,3,74089.04,2022-11-12,48,8.41,1249
8818,6642,1031,1,94159.59,2021-07-01,60,6.12,1688
8819,12638,18099,3,26697.07,2022-09-08,12,7.88,1555
8820,12125,37479,1,72097.02,2022-05-23,48,8.87,146
8821,6387,35117,4,6923.29,2020-11-26,36,3.41,1984
8822,1518,30322,2,25877.41,2024-02-14,36,6.1,1265
8823,13573,10599,4,7321.65,2020-08-10,60,9.72,1908
8824,14599,18702,3,50083.66,2022-01-21,36,8.14,893
8825,3988,32923,3,9363.18,2023-01-18,24,3.21,344
8826,4649,16564,3,51981.23,2020-07-03,60,3.3,1773
8827,5185,8678,2,46992.98,2021-04-26,60,9.38,1059
8828,12649,7548,3,8861.44,2022-12-19,36,5.78,702
8829,12424,18740,3,41231.82,2022-03-07,12,4.09,1
8830,343,1350,1,3788.97,2023-01-11,48,3.28,153
8831,7118,31879,4,94464.92,2021-07-03,24,3.79,429
8832,8189,21844,2,1892.81,2023-04-24,12,4.6,1969
8833,10846,31988,4,15908.8,2020-11-09,24,4.57,508
8834,11584,2605,4,50632.93,2021-05-08,60,9.9,1150
8835,6244,2100,1,27711.67,2024-04-06,36,5.42,491
8836,2710,23459,4,18768.74,2024-05-20,60,8.91,1506
8837,7914,36847,2,4457.73,2022-05-25,36,8.01,345
8838,2342,26275,4,92851.33,2021-11-15,36,9.4,1936
8839,17828,2244,1,28790.05,2021-11-05,12,5.55,1762
8840,18370,12094,1,63832.76,2021-07-09,24,6.06,221
8841,1411,23897,4,63665.04,2022-02-28,36,7.51,1939
8842,17353,13142,1,9427.11,2022-11-25,48,5.81,1943
8843,3619,35640,2,70027.75,2022-01-31,60,3.99,723
8844,12940,3697,4,39044.13,2021-03-09,24,3.57,1049
8845,11374,34027,2,19880.42,2024-02-07,60,6.35,528
8846,12047,11813,2,66196.04,2022-06-13,36,6.52,1206
8847,4563,33700,4,18346.46,2021-01-05,48,5.24,1523
8848,5585,18375,4,25994.98,2022-02-09,24,6.23,841
8849,8879,35106,4,42743.74,2022-03-21,24,7.94,1665
8850,18500,15133,4,34130.99,2023-11-01,12,3.59,1066
8851,19478,3125,4,54385.85,2023-08-31,60,9.02,1939
8852,11793,5895,4,80281.06,2024-04-13,36,7.61,481
8853,5137,33183,4,92000.93,2023-05-11,60,8.01,930
8854,18996,22333,1,69842.54,2021-03-03,60,8.77,1872
8855,6884,20105,3,73417.87,2023-02-24,48,5.51,1772
8856,7689,28474,2,67513.49,2021-12-24,48,6.23,872
8857,1961,4704,1,88096.52,2021-02-14,36,9.22,1463
8858,1137,13344,1,79438.82,2022-11-10,12,5.23,1426
8859,592,32031,4,6766.6,2022-06-04,36,9.98,1570
8860,9848,23795,2,50147.62,2023-11-18,36,6.31,345
8861,17386,32174,4,12937.11,2022-11-13,24,4.72,1917
8862,13299,18877,1,50279.24,2023-11-20,60,3.88,45
8863,19058,37780,3,37468.74,2023-01-08,24,3.1,1670
8864,16697,16852,3,57250.93,2023-01-11,12,5.78,21
8865,14766,38669,1,80631.86,2022-05-30,12,5.8,1658
8866,11295,6521,2,15244.88,2024-06-03,24,5.12,1094
8867,19068,33125,4,36370.96,2022-12-22,48,6.53,1888
8868,15078,17331,2,39715.35,2022-08-07,24,8.27,873
8869,17204,23168,1,89319.69,2022-07-29,12,9.39,48
8870,10646,18809,1,88153.21,2021-04-16,36,9.37,1515
8871,2627,26326,1,23432.02,2022-09-25,24,4.89,551
8872,13041,9673,1,80534.87,2021-11-08,48,6.73,287
8873,10806,17281,3,42342.27,2024-03-20,36,3.86,1002
8874,10828,1047,2,56767.46,2024-01-24,60,7.31,1034
8875,11432,32810,4,10356.23,2023-03-19,60,4.51,542
8876,7982,4872,4,21733.32,2023-04-05,60,8.82,756
8877,12599,17640,3,62837.42,2022-11-25,60,5.36,274
8878,1840,31858,4,8254.74,2021-11-27,36,4.27,956
8879,1945,13950,1,56249.51,2021-08-27,36,4.72,600
8880,15021,25151,2,94437.89,2023-03-25,36,9.3,1780
8881,17049,19617,4,85498.82,2022-01-13,48,3.96,381
8882,8105,6418,2,71007.41,2022-04-21,24,8.36,1353
8883,815,26517,3,2427.47,2020-08-04,36,5.31,479
8884,1715,36445,3,9592.41,2023-06-02,12,7.6,15
8885,1443,34733,2,44220.49,2024-02-19,48,6.74,516
8886,1105,22842,1,96128.86,2024-05-20,12,5.71,191
8887,19739,14501,1,77416.27,2023-03-25,24,3.51,1192
8888,12014,24413,3,97300.1,2021-05-16,24,6.87,1545
8889,14748,27133,2,79318.44,2023-04-01,60,4.79,621
8890,4744,26320,4,10019.03,2021-05-21,36,8.73,1161
8891,129,26881,4,65551.96,2021-05-08,36,9.5,154
8892,6351,29994,4,88320.7,2024-05-10,36,3.95,1412
8893,14823,34879,4,19433.66,2023-06-08,24,4.16,1233
8894,402,35852,3,65725.93,2023-07-14,60,5.82,272
8895,17426,27087,2,48093.69,2022-11-01,12,9.39,143
8896,16500,2601,4,94492.58,2023-02-06,48,7.26,1635
8897,735,4785,1,73869.72,2023-05-23,24,4.76,1913
8898,14905,19412,4,48062.28,2020-09-08,60,7.56,1844
8899,19672,19753,1,66150.6,2024-06-19,48,8.76,1093
8900,13156,22739,2,98801.17,2023-03-26,12,8.31,247
8901,1989,1340,3,25040.19,2023-08-19,48,5.27,1285
8902,15436,24909,1,86949.9,2020-10-08,24,3.06,788
8903,4333,35526,4,72474.73,2021-02-03,36,8.62,79
8904,11129,13732,2,68187.82,2021-04-30,36,5.74,1682
8905,14154,2752,2,89666.52,2024-04-03,12,7.51,623
8906,9290,2062,4,55747.2,2023-07-19,12,7.18,1794
8907,12808,21831,1,38247.6,2023-12-26,12,7.24,1629
8908,15157,32141,1,61349.93,2022-07-02,24,8.56,525
8909,12439,13776,2,40721.58,2023-09-09,60,8.39,772
8910,878,20987,4,96162.73,2021-02-08,60,7.31,938
8911,16700,6224,4,53897.32,2022-05-20,48,3.18,1645
8912,18940,12975,2,55870.27,2020-11-26,48,7.79,1354
8913,13314,27352,1,81663.34,2021-02-25,48,3.35,1213
8914,16649,29537,3,26626.66,2022-06-11,24,4.41,1119
8915,5341,12062,1,29884.26,2022-03-10,12,8.02,617
8916,6990,10499,3,45088.74,2021-10-10,24,6.12,1032
8917,10176,6602,2,68932.94,2020-07-19,12,4.17,67
8918,15223,36425,4,73546.47,2021-02-07,60,6.47,1520
8919,18381,3151,1,61250.66,2021-08-22,48,8.83,191
8920,13975,32310,4,41115.12,2022-01-11,36,3.4,1390
8921,19441,36603,4,52593.58,2024-02-09,12,8.06,768
8922,2634,9765,3,9449.69,2022-10-28,48,8.46,521
8923,4664,9670,3,39825.64,2024-04-02,24,3.04,990
8924,15299,24580,3,64046.86,2021-09-09,36,6.25,1141
8925,524,20898,4,85787.17,2023-08-18,36,5.42,267
8926,10407,18147,1,92828.69,2021-08-10,36,5.71,1635
8927,16463,31619,2,67068.65,2023-07-29,12,7.19,485
8928,5801,3556,3,17017.99,2021-06-18,48,5.08,1533
8929,621,1514,4,83913.79,2023-03-27,60,6.47,1322
8930,5344,23507,1,66294.61,2024-04-11,48,6.29,1933
8931,13893,21511,3,10641.97,2023-06-13,12,5.03,1188
8932,17988,9442,4,20859.27,2023-09-28,48,6.68,376
8933,17445,14789,4,19436.51,2024-02-03,24,6.12,653
8934,16428,1840,1,8021.36,2022-03-28,12,5.52,1292
8935,13457,26934,2,42506.54,2020-11-22,36,4.45,549
8936,3920,4131,4,30326.09,2020-08-13,12,9.46,1098
8937,16667,20202,3,56871.68,2022-03-23,12,4.92,1532
8938,15587,13723,4,11002.3,2024-01-13,36,5.24,73
8939,15088,19648,3,49727.93,2020-10-31,36,3.58,308
8940,6512,39945,1,22058.86,2023-01-13,60,8.12,199
8941,654,11209,3,77059.03,2021-10-19,24,6.53,1154
8942,471,6280,3,12345.97,2020-10-14,12,9.68,1782
8943,8885,34818,2,74701.52,2021-08-25,60,4.72,1848
8944,6179,39407,1,64608.56,2024-01-19,12,7.18,572
8945,8582,2998,4,35330.93,2023-07-16,36,6.81,791
8946,6889,3014,4,28343.4,2022-10-30,48,6.46,1639
8947,14656,8559,1,23217.39,2023-07-07,48,8.77,1832
8948,3899,26767,1,38918.53,2021-04-06,36,9.56,1856
8949,12974,10820,3,46944.46,2022-06-21,48,4.28,1511
8950,10325,26975,1,89821.05,2023-03-25,24,8.3,1877
8951,1363,17536,1,7442.5,2023-01-14,48,9.12,1175
8952,666,38328,2,31812.75,2021-04-21,24,3.7,1693
8953,9426,20569,3,8740.73,2024-01-13,12,8.81,1230
8954,4160,28715,3,28728.39,2022-08-18,24,5.46,179
8955,19620,12042,2,68212.74,2023-04-01,48,9.88,197
8956,5277,752,3,6806.73,2021-10-25,36,6.65,735
8957,6820,13925,3,32262.2,2021-08-13,36,3.89,89
8958,18047,34192,4,88457.49,2023-12-03,60,5.51,799
8959,15926,29677,3,53173.9,2023-09-17,60,7.7,1458
8960,1852,33699,4,54294.52,2020-11-09,12,9.92,788
8961,12314,1234,4,44587.27,2021-04-16,60,9.39,748
8962,4591,18599,1,17420.89,2024-03-08,36,4.44,1207
8963,802,1568,2,88846.85,2021-02-28,60,5.1,209
8964,1763,6165,3,27912.73,2022-12-25,12,9.36,493
8965,10703,27563,1,23871.68,2020-08-13,24,5.14,1154
8966,3158,15767,2,10966.21,2021-06-07,24,5.69,665
8967,11834,4098,2,18968.98,2021-08-31,24,9.37,1037
8968,13551,32434,1,99383.67,2023-04-25,60,9.74,1658
8969,15781,3145,4,90482.04,2021-02-16,24,9.17,871
8970,2377,33986,4,11104.57,2020-12-05,12,5.64,732
8971,4913,24907,3,95705.8,2021-12-22,36,7.26,1130
8972,4743,11325,4,16306.17,2024-06-01,48,9.68,1399
8973,15398,8574,3,42722.44,2021-05-04,12,8.11,1606
8974,8867,25556,3,24680.42,2020-10-22,48,3.27,1731
8975,9527,485,1,24256.14,2021-02-01,60,6.49,698
8976,8301,37458,3,90296.15,2023-06-21,24,8.55,1123
8977,8626,24113,4,30066.5,2021-04-24,12,8.63,594
8978,10476,25638,1,47802.7,2024-04-05,24,7.89,1611
8979,4812,31692,1,27532.58,2021-12-21,24,8.4,886
8980,17925,2480,3,8600.33,2023-11-19,36,6.51,852
8981,19442,28887,1,54674.39,2021-06-04,48,7.26,1216
8982,13814,15431,2,82477.51,2022-08-22,12,3.11,325
8983,7212,1718,1,39272.61,2022-04-22,48,8.36,979
8984,13892,18958,1,91628.75,2023-12-11,36,5.22,1750
8985,1709,1648,3,75788.87,2023-04-24,60,6.34,1851
8986,6813,22318,4,18310.9,2022-03-26,48,6.52,956
8987,17817,32910,3,63491.07,2021-06-16,48,5.22,1491
8988,44,7726,1,94458.09,2021-11-27,60,4.46,894
8989,16693,20115,1,34116.65,2021-08-18,12,3.79,1391
8990,4748,23815,2,36695.67,2022-04-23,36,7.88,1342
8991,7063,31347,4,27600.61,2022-01-04,60,5.86,144
8992,11139,23576,4,61270.14,2023-03-16,24,5.88,384
8993,5607,4692,1,45896.08,2020-12-10,24,9.1,216
8994,14141,15817,2,94573.97,2021-05-12,12,7.36,1385
8995,18045,35369,3,47243.65,2022-01-07,60,4.07,324
8996,14408,34019,1,8597.3,2023-03-25,36,5.36,1039
8997,11145,34065,3,65091.83,2022-10-09,36,7.63,217
8998,18804,23180,1,42615.57,2020-07-25,36,5.66,1516
8999,7258,3810,1,85845.64,2022-04-24,24,7.04,951
9000,9688,28634,3,63535.19,2023-02-16,12,9.72,1571
9001,13323,5033,1,28541.85,2023-05-01,12,5.66,183
9002,8534,28883,4,99821.28,2024-05-18,60,8.31,270
9003,14947,28823,2,61918.08,2021-02-07,36,6.26,945
9004,3312,27144,4,37103.55,2022-12-22,60,8.75,1491
9005,3330,11007,1,69966.59,2022-04-28,48,7.39,870
9006,18679,37312,4,18277.47,2021-06-16,24,8.5,1636
9007,15405,8492,3,44910.58,2022-02-01,24,6.85,1543
9008,15408,35630,1,51274.56,2024-07-01,48,6.45,1566
9009,14764,25664,4,67195.65,2024-01-05,12,4.43,467
9010,16683,2711,4,42676.11,2021-03-03,60,8.74,305
9011,9875,17982,1,43836.28,2023-08-01,24,9.88,1168
9012,3574,7623,4,21236.85,2022-08-02,12,4.25,111
9013,7556,7386,1,24742.14,2021-11-15,48,6.58,1014
9014,4547,27535,4,38946.45,2021-01-14,60,9.94,232
9015,12615,2481,4,2362.91,2024-04-19,12,7.85,1715
9016,3663,26094,4,91337.16,2021-08-03,60,4.09,1608
9017,2032,29380,4,15135.56,2022-11-01,12,3.02,1746
9018,19656,20954,1,1509.4,2021-02-12,12,9.91,1756
9019,7527,2966,1,88986.29,2020-11-20,12,7.76,1616
9020,13771,19481,4,65593.06,2022-10-06,12,5.83,1524
9021,1990,8589,1,56362.98,2021-08-14,60,9.06,595
9022,11611,8185,4,24769.25,2024-05-28,60,8.46,1578
9023,11353,36941,2,21449.94,2023-03-14,36,6.45,1297
9024,13511,6354,4,8955.21,2024-02-08,36,8.42,1727
9025,18029,31303,2,76294.78,2021-11-16,36,7.61,173
9026,19798,34951,1,59398.85,2023-01-06,12,9.93,973
9027,2350,9879,2,12152.75,2020-12-08,48,6.18,1031
9028,9479,7221,4,67788.24,2021-07-06,36,5.37,1179
9029,17593,23434,4,49399.6,2021-11-07,12,5.4,1546
9030,11279,27708,3,21725.43,2024-04-10,60,8.31,546
9031,14097,6869,1,70886.57,2021-02-03,60,4.3,548
9032,1887,25579,2,77659.0,2020-11-05,60,5.34,1945
9033,8201,14859,4,89640.8,2022-11-15,24,5.14,518
9034,3692,6352,1,41395.6,2024-01-07,48,4.83,1944
9035,16159,326,2,62800.84,2023-01-29,60,5.77,914
9036,7860,20346,1,64659.59,2022-05-28,48,6.72,215
9037,1217,34573,2,1942.6,2023-03-08,12,6.46,134
9038,13870,8928,4,16355.48,2021-09-08,60,3.23,285
9039,16665,29295,1,41964.85,2022-04-01,12,4.45,1150
9040,2363,11058,1,64884.08,2021-03-28,36,9.53,1945
9041,19572,10366,1,83034.99,2021-01-17,60,3.34,1463
9042,10274,21291,2,44651.58,2021-11-30,12,6.3,1873
9043,9698,29919,3,65127.53,2022-09-19,24,7.98,686
9044,3880,28293,2,23561.91,2023-04-24,24,8.55,1176
9045,19794,38623,3,20659.52,2021-12-28,36,8.8,331
9046,5637,21581,4,63358.07,2020-08-23,60,5.05,1562
9047,18022,2131,2,68301.37,2021-12-30,60,4.96,1407
9048,7019,6863,3,26550.46,2020-07-25,36,7.75,1139
9049,9854,20976,4,7648.32,2023-06-26,24,5.67,894
9050,4517,25927,4,55678.86,2022-05-11,24,7.86,1506
9051,18687,35812,3,65210.16,2021-11-02,60,5.46,1308
9052,7658,13667,3,76814.07,2023-11-19,36,4.17,899
9053,14402,27277,4,5594.03,2023-01-11,24,4.47,1099
9054,18528,17885,1,21256.71,2023-04-27,36,6.47,1190
9055,15798,18609,4,43360.19,2021-07-16,60,9.66,1213
9056,9857,8104,4,22430.68,2024-04-04,60,9.47,78
9057,5504,19698,2,66600.17,2021-01-31,60,9.75,947
9058,19179,16612,2,10224.96,2021-01-19,48,8.5,1626
9059,19720,18578,3,16647.98,2021-04-25,60,6.32,688
9060,1229,16938,1,67773.53,2024-01-11,36,3.35,21
9061,7197,4071,3,55536.02,2021-05-11,60,7.53,566
9062,14673,17776,1,33485.71,2020-09-07,36,9.32,1208
9063,14116,20666,4,39681.37,2022-12-04,24,3.17,1895
9064,6908,13397,1,38996.98,2023-12-23,36,9.28,1246
9065,6716,284,1,78473.03,2021-11-30,48,4.02,827
9066,13166,26490,4,68789.04,2021-07-31,60,6.89,1352
9067,13737,23652,4,77365.09,2024-05-04,24,7.05,179
9068,13856,2261,2,66820.64,2023-12-10,12,9.72,1812
9069,2565,17833,2,73081.4,2023-10-04,36,7.34,1136
9070,7802,11807,1,79827.54,2023-09-06,12,5.51,1760
9071,12701,39907,3,56258.65,2021-10-17,36,8.04,1750
9072,1358,17078,1,51731.38,2020-11-15,48,5.54,1083
9073,4396,6251,4,66759.16,2023-01-24,60,7.05,1351
9074,17045,38808,4,38783.34,2020-08-04,12,4.43,905
9075,17196,29225,1,20919.87,2024-06-29,36,9.41,1645
9076,3977,5688,1,56225.1,2021-04-01,36,8.72,1921
9077,9157,31112,4,5857.03,2021-01-31,24,6.76,669
9078,10131,10888,4,70974.29,2023-05-18,60,9.37,191
9079,14601,14224,3,97329.51,2024-03-22,12,6.38,1224
9080,6235,14646,4,40885.33,2021-02-25,60,8.94,1336
9081,19285,34406,2,78954.46,2023-08-15,12,8.9,708
9082,14199,978,1,6750.49,2023-09-15,24,9.22,1059
9083,15296,37207,1,73069.0,2024-01-07,24,6.84,379
9084,7879,27430,4,67823.92,2021-04-19,60,6.73,387
9085,4320,39598,2,15680.15,2023-07-13,48,6.01,1782
9086,3232,16158,2,32685.91,2023-10-26,60,9.4,237
9087,3527,18917,1,70590.76,2024-04-17,36,3.65,616
9088,3251,9587,2,20649.51,2023-05-10,12,5.64,1543
9089,2377,1433,3,40095.66,2024-01-13,24,9.45,283
9090,10908,14008,4,89928.16,2024-02-09,48,3.98,1
9091,9185,2207,4,98298.77,2023-12-23,24,9.45,1755
9092,14832,12639,1,65557.72,2022-06-29,24,5.47,464
9093,15384,10463,2,47700.09,2024-05-23,36,6.17,1254
9094,3914,27064,4,29684.14,2022-05-12,48,7.89,967
9095,12965,5926,4,7313.25,2020-12-11,48,4.37,172
9096,9176,16919,1,86558.29,2021-09-28,48,7.32,1111
9097,12423,56,2,36534.9,2022-03-29,24,3.86,1577
9098,17864,35208,4,61984.93,2021-08-29,36,3.98,1147
9099,12184,16613,2,50155.56,2021-11-17,24,6.44,843
9100,14754,16511,1,58966.86,2020-08-12,36,3.12,1322
9101,12168,10309,2,65881.61,2022-02-22,36,8.78,1909
9102,15412,12847,3,72974.83,2021-07-16,60,8.0,1953
9103,6039,39413,1,31392.18,2023-01-05,48,3.87,690
9104,15509,39329,1,3814.59,2022-10-15,12,4.59,575
9105,14160,20581,2,60588.74,2021-10-14,36,7.27,1508
9106,5946,35194,1,29784.79,2024-05-15,60,9.2,165
9107,15723,25596,1,68324.29,2021-05-15,12,8.64,1723
9108,13755,35994,4,73525.9,2024-06-28,12,7.31,383
9109,14830,20727,3,53178.46,2023-06-20,48,7.5,209
9110,19554,32235,2,2213.53,2024-06-15,12,4.75,1763
9111,8267,11700,3,15572.88,2020-07-16,24,3.51,1456
9112,8752,37323,4,58376.56,2023-04-25,60,5.94,1413
9113,12144,7957,2,33459.49,2022-04-20,24,9.05,1584
9114,5327,35640,3,75630.46,2024-02-05,12,9.6,224
9115,10641,23203,2,68409.24,2021-01-24,60,9.78,3
9116,16627,15185,4,42532.89,2023-03-31,48,3.07,372
9117,589,21244,1,6930.85,2022-08-01,48,6.31,1711
9118,8727,35180,1,8926.44,2022-04-23,36,5.43,1470
9119,18110,35080,3,39046.76,2023-10-27,12,8.01,611
9120,18121,12913,2,82401.48,2022-12-26,48,5.22,116
9121,19153,37099,1,76657.1,2021-12-25,12,7.44,1294
9122,14442,22416,1,7557.43,2023-04-29,12,3.99,447
9123,5611,13060,1,62901.74,2022-08-10,12,7.32,1392
9124,7459,31517,1,71863.55,2024-01-01,36,6.69,1277
9125,15076,27508,2,89219.0,2023-11-02,36,4.47,1341
9126,18963,9216,3,74325.94,2024-02-08,48,7.96,415
9127,2696,17786,3,77429.62,2022-08-24,60,9.44,1119
9128,16063,14282,3,67542.48,2020-08-13,12,8.17,1809
9129,1679,34505,1,77366.43,2024-04-25,36,5.67,892
9130,7609,31,4,15644.15,2021-01-18,12,6.58,1048
9131,2695,38583,4,39562.0,2023-03-20,12,8.66,1652
9132,2172,5000,2,65993.37,2022-04-30,12,3.43,663
9133,7982,33413,4,55920.99,2022-10-20,12,7.82,1874
9134,17806,17961,3,85676.44,2024-04-20,36,5.7,1074
9135,10091,15886,3,18024.45,2023-10-13,60,9.71,1526
9136,16326,22714,3,83430.54,2022-04-09,36,7.89,718
9137,162,12389,1,98591.16,2021-07-24,60,8.99,1522
9138,10273,37246,1,91005.9,2021-04-04,48,3.95,1359
9139,13039,28007,3,6048.04,2021-03-14,24,3.31,1103
9140,18544,16087,3,63084.48,2023-12-28,24,8.67,1606
9141,17040,8383,4,59333.29,2021-02-27,24,4.06,1051
9142,17289,4772,2,18773.42,2022-10-05,24,3.59,271
9143,19290,29905,1,1119.42,2023-02-28,36,4.88,562
9144,4733,18182,3,32875.22,2024-03-20,36,8.3,804
9145,964,4153,1,65134.57,2021-02-15,24,5.59,247
9146,16196,29203,3,83003.77,2021-10-13,60,4.24,1800
9147,8939,27848,4,83970.17,2023-01-01,12,8.88,1615
9148,1389,5774,2,18093.47,2023-01-09,36,8.01,387
9149,7684,23272,4,2471.93,2023-12-16,12,8.5,702
9150,7323,23242,4,42714.06,2022-01-25,60,5.87,559
9151,13870,28205,4,20724.94,2022-05-28,60,8.03,973
9152,19741,22338,3,72577.32,2020-09-02,12,6.86,1385
9153,16266,3474,3,56158.93,2023-04-20,24,8.13,1890
9154,13128,22065,2,51606.15,2022-06-16,48,5.07,984
9155,13540,15378,3,1718.9,2023-09-16,12,4.81,1512
9156,11699,30547,4,22575.17,2021-01-09,36,8.09,352
9157,8874,29484,4,10606.01,2024-06-01,36,9.85,1725
9158,4496,35854,4,43867.71,2020-10-23,36,9.34,1952
9159,19449,23620,2,28242.85,2021-02-19,36,6.02,1280
9160,15100,11911,1,20524.09,2022-03-29,48,8.22,1246
9161,44,7683,1,27712.46,2023-10-27,24,6.85,1908
9162,11842,25658,2,29962.9,2024-04-20,48,8.89,753
9163,15706,10400,1,66265.82,2023-07-02,48,4.28,781
9164,177,11059,2,34208.28,2023-07-11,60,6.09,1025
9165,5959,17713,4,34137.48,2022-07-08,12,3.21,546
9166,15821,29796,4,83841.83,2020-07-05,12,3.69,1470
9167,7976,18641,2,61382.52,2021-10-06,48,5.3,79
9168,5351,15830,3,33226.08,2021-02-22,36,3.54,1260
9169,14473,2920,1,30121.97,2022-07-07,60,3.13,334
9170,9688,38931,1,25577.4,2022-09-12,12,4.82,889
9171,16957,1614,4,1451.13,2020-08-12,12,4.09,1373
9172,4941,4001,1,10548.86,2021-01-30,24,6.62,1122
9173,9411,29777,3,80684.14,2023-09-05,24,7.68,1106
9174,8412,29456,1,78887.7,2023-03-27,36,5.03,502
9175,6284,1111,4,23804.32,2021-01-14,12,5.67,1991
9176,8748,33284,3,8811.94,2020-12-07,60,4.03,1501
9177,19250,39554,2,10498.5,2023-01-04,36,5.35,1951
9178,13287,19710,4,30905.73,2023-01-05,24,3.56,1728
9179,11755,26682,3,66850.14,2021-08-01,60,4.15,765
9180,15761,38329,3,84925.51,2024-03-23,48,4.45,921
9181,7292,30980,4,63408.89,2021-11-21,36,7.59,550
9182,18555,1427,1,7548.15,2022-11-01,24,3.23,14
9183,3228,32901,2,17075.16,2020-11-30,12,5.33,392
9184,17541,4923,2,30055.31,2022-08-25,24,8.35,1371
9185,2687,2144,4,91862.4,2024-04-25,24,9.41,310
9186,18282,21773,4,11797.56,2022-05-10,12,7.32,386
9187,11472,30702,2,59219.41,2022-08-05,24,5.28,1233
9188,14267,28218,3,45333.39,2023-02-19,36,7.69,1381
9189,1846,25788,1,86386.4,2022-02-08,36,8.76,974
9190,19053,10839,2,42246.41,2023-09-08,36,8.45,1625
9191,3680,37709,1,70976.28,2021-04-05,12,9.8,1592
9192,18883,29357,1,31284.69,2023-06-29,12,8.95,1118
9193,5121,9694,4,52978.25,2022-10-17,60,6.5,1117
9194,8738,584,4,14556.04,2021-09-17,36,3.99,340
9195,11655,36488,3,99090.16,2023-01-10,24,5.15,597
9196,11057,14827,1,24585.6,2022-05-13,12,7.3,1469
9197,8459,35091,4,31123.57,2024-03-18,60,7.08,757
9198,9964,22692,3,73922.24,2021-06-25,24,3.85,1046
9199,7882,25786,2,3047.86,2023-02-16,12,6.17,291
9200,6253,27247,2,29253.55,2023-01-22,60,3.77,1509
9201,1908,20722,3,24875.52,2021-09-21,60,6.82,1808
9202,15721,3605,1,56248.79,2023-10-12,48,4.28,306
9203,7475,29078,2,97856.1,2024-06-23,12,7.76,634
9204,18301,24556,2,66485.77,2021-03-04,60,9.25,1152
9205,8165,38216,3,6491.01,2022-08-22,36,5.46,625
9206,9703,25428,3,88505.81,2023-02-24,24,3.68,939
9207,16743,27818,4,66849.33,2023-07-06,60,5.12,1297
9208,11556,19622,2,66210.68,2022-12-07,24,3.37,848
9209,10942,775,4,38852.76,2023-03-06,36,4.39,442
9210,4399,32431,2,33281.79,2024-01-24,36,9.83,503
9211,18523,18863,2,51333.27,2023-03-30,60,7.03,130
9212,7837,5418,3,92891.56,2022-08-17,12,6.31,1156
9213,5115,36594,3,55973.61,2022-08-21,48,3.43,597
9214,12114,17300,4,8524.89,2021-09-07,12,4.04,1959
9215,10508,29368,4,19489.64,2024-04-26,48,9.77,1506
9216,14297,10320,3,79769.51,2021-02-16,48,8.89,862
9217,16360,21905,1,12908.05,2021-02-12,60,6.9,1414
9218,12043,12260,1,97299.16,2020-07-23,60,3.83,593
9219,15547,3624,3,92747.03,2021-02-03,12,7.87,999
9220,4726,32270,1,57274.8,2023-08-01,36,6.82,325
9221,12793,9801,3,42928.0,2022-07-30,48,7.64,1093
9222,13472,20720,1,63150.9,2022-05-27,48,3.04,1684
9223,3689,23551,4,22843.36,2021-01-14,48,7.76,448
9224,373,29593,4,2521.29,2024-02-20,24,3.27,1552
9225,9816,27189,3,77409.3,2020-08-02,60,4.89,819
9226,8348,34473,2,54266.56,2022-12-16,48,5.61,1641
9227,2836,33525,2,29665.38,2021-02-05,24,8.78,1189
9228,19040,29549,2,73370.24,2021-01-16,12,6.03,1512
9229,5264,11161,3,46995.88,2021-12-17,24,6.41,1737
9230,13251,20145,1,25931.94,2022-02-22,36,3.42,709
9231,4924,24740,3,48780.98,2022-04-23,60,3.95,1450
9232,5477,17262,1,1628.77,2022-10-20,60,5.66,1721
9233,6691,11717,3,88144.61,2021-06-02,48,9.6,1858
9234,13581,39629,2,39016.11,2022-05-30,60,5.11,265
9235,12473,26422,2,60357.25,2023-08-13,48,9.95,1899
9236,1575,16393,1,37351.68,2020-10-01,36,8.32,612
9237,7369,16494,3,60208.9,2022-04-27,12,9.48,1366
9238,9259,31509,1,63732.71,2022-05-31,12,4.61,832
9239,6998,33624,2,35268.02,2021-07-01,48,6.06,1750
9240,14099,26916,3,66666.11,2022-04-09,36,3.97,1302
9241,18727,19578,2,22943.35,2021-06-25,36,7.99,674
9242,8564,11498,4,97409.07,2023-03-13,12,7.83,1463
9243,6953,9334,1,13694.3,2020-10-23,48,8.66,157
9244,582,787,1,40891.16,2022-10-06,48,9.57,1446
9245,10539,38656,1,14335.26,2023-12-13,36,5.11,251
9246,4172,38855,3,62755.01,2022-04-14,36,4.81,878
9247,10645,20002,2,40052.5,2021-02-19,36,3.0,1633
9248,18783,1683,4,93568.93,2020-12-25,48,6.14,530
9249,16175,29135,4,37557.19,2023-05-09,24,4.71,327
9250,2334,38250,2,94473.01,2020-07-10,24,6.28,961
9251,3076,9089,3,34193.53,2024-03-20,48,9.87,895
9252,8904,34127,3,35033.44,2020-07-25,48,5.05,97
9253,2378,36665,2,60773.67,2022-09-27,36,6.13,513
9254,1974,27594,1,35980.2,2021-01-23,48,5.65,216
9255,8880,35229,1,8173.83,2023-01-02,24,8.99,1156
9256,1619,8396,2,47632.02,2020-09-16,60,9.78,1284
9257,313,21374,1,67054.28,2020-10-21,12,7.75,125
9258,6937,13114,3,11134.54,2023-09-10,48,9.29,1106
9259,8341,31170,1,51046.98,2024-02-07,24,9.31,1307
9260,8207,30996,1,44561.81,2022-06-19,60,9.85,1707
9261,8880,8225,3,59529.25,2024-04-26,36,8.22,59
9262,15158,1126,2,13971.63,2022-05-04,48,7.98,1568
9263,14698,16153,1,34828.76,2020-08-25,36,8.83,161
9264,7710,2325,3,15120.01,2024-04-30,36,7.64,284
9265,9942,11906,4,17247.44,2022-06-29,36,6.53,106
9266,17169,30221,3,42360.22,2020-09-19,24,7.85,1129
9267,9123,35065,1,79390.65,2021-05-12,36,5.07,1463
9268,16842,9499,1,6184.73,2020-08-29,48,6.04,228
9269,13975,37674,1,64379.16,2021-07-06,36,3.05,1724
9270,1176,12084,2,49014.01,2020-10-14,36,3.94,1606
9271,2056,33719,3,82924.17,2020-08-28,24,6.95,318
9272,18158,4464,4,61559.66,2021-06-18,24,3.49,1488
9273,13327,6343,3,40144.67,2022-12-10,36,3.6,802
9274,15510,23844,1,12241.28,2020-11-17,36,6.67,1623
9275,10631,25507,2,87044.35,2023-04-23,12,6.7,1906
9276,18483,10892,4,66289.08,2023-03-06,36,8.23,874
9277,3408,26998,2,55665.64,2022-06-04,60,4.32,472
9278,3569,27598,2,51043.07,2023-05-16,24,6.69,1080
9279,4462,638,3,97818.16,2021-08-01,60,5.84,625
9280,16811,11485,2,97666.55,2023-02-07,60,3.38,13
9281,12447,17203,1,26125.61,2023-09-17,48,6.05,1464
9282,4052,10447,4,77762.49,2020-09-10,60,7.41,1042
9283,10161,34278,2,67367.01,2023-12-07,24,5.58,694
9284,320,30112,2,6620.5,2021-01-03,36,4.68,973
9285,4057,8181,4,43049.69,2023-05-24,24,5.18,113
9286,1225,10892,2,72328.07,2021-03-16,24,7.5,229
9287,5756,3249,2,74578.86,2023-03-07,36,6.12,171
9288,6932,31785,3,87916.45,2020-08-06,48,5.14,295
9289,11174,31717,4,47806.23,2020-09-27,60,4.26,189
9290,11402,37078,2,57550.84,2022-09-02,24,7.48,426
9291,1175,21196,2,37578.04,2023-05-10,48,5.43,977
9292,18498,1506,3,58666.43,2023-05-02,12,8.23,1103
9293,14581,29145,1,17990.62,2024-01-03,48,5.42,658
9294,9277,29659,1,23381.57,2021-01-11,24,4.73,919
9295,14709,1195,4,27264.52,2020-11-12,60,9.14,1206
9296,3612,29331,2,23347.08,2022-01-30,48,6.68,499
9297,1832,5072,2,38252.08,2020-10-21,48,4.64,1822
9298,13062,27742,1,7946.14,2023-08-07,60,6.24,762
9299,12430,16947,4,39525.44,2024-06-29,12,5.2,866
9300,1248,16734,4,26571.44,2022-07-30,24,7.53,826
9301,8955,6134,3,6139.25,2020-11-30,24,4.47,1732
9302,3486,34334,2,72813.16,2023-10-03,24,9.85,1859
9303,11844,16570,1,37101.33,2020-07-28,24,7.02,71
9304,6710,15389,1,72661.86,2021-10-11,24,8.8,248
9305,7951,37616,4,18169.0,2021-01-26,36,4.41,146
9306,9126,14399,1,55823.51,2023-09-06,36,7.61,1642
9307,10213,11914,4,42173.73,2021-12-06,60,4.57,1799
9308,837,33664,2,39821.97,2023-05-30,12,9.32,1320
9309,15806,3532,1,13714.1,2022-07-24,24,7.11,582
9310,11184,25584,1,12653.19,2024-05-26,36,7.12,470
9311,15884,4322,1,21402.51,2023-04-18,48,3.66,1530
9312,7893,2784,4,71977.51,2022-02-17,12,7.48,193
9313,2314,27703,1,1748.0,2020-10-22,48,8.72,1092
9314,1066,26111,3,96573.11,2023-04-01,48,3.63,494
9315,10996,7640,3,21266.61,2020-08-22,48,3.9,1841
9316,19523,14082,2,26698.1,2024-03-27,48,7.05,52
9317,2722,18333,2,60039.33,2020-10-29,60,5.94,882
9318,5755,23162,3,78463.41,2023-07-13,48,7.35,363
9319,4486,32021,4,99032.15,2022-06-24,48,3.63,1821
9320,5950,11880,3,59581.27,2023-02-02,24,5.6,917
9321,11201,34752,3,54205.29,2024-06-08,24,4.16,474
9322,9586,16674,2,2268.82,2023-06-05,48,5.59,1870
9323,4783,31709,1,40793.45,2022-07-31,48,3.44,521
9324,12929,31367,1,1669.15,2023-02-28,60,3.51,1787
9325,17724,17910,2,56921.36,2021-04-30,12,9.33,1455
9326,2056,18738,2,94318.84,2021-09-22,36,6.34,1868
9327,17772,28768,4,26426.94,2024-06-02,24,6.32,1322
9328,17055,38962,2,20665.34,2022-11-01,36,6.82,1459
9329,8061,24620,2,14680.04,2022-07-25,36,7.79,1720
9330,7712,2983,4,79677.18,2021-12-24,36,5.6,691
9331,15264,25185,3,48454.56,2024-06-18,36,8.68,1222
9332,10997,9513,2,35392.83,2021-01-15,48,9.34,1152
9333,10121,22566,2,19815.92,2021-01-22,36,6.54,532
9334,19300,25446,4,20710.64,2023-10-10,60,9.22,1435
9335,10805,37334,2,3484.07,2022-09-30,12,4.92,1958
9336,9184,27485,3,81970.31,2022-08-22,48,7.47,840
9337,19785,10650,2,42631.76,2022-12-13,36,8.44,1089
9338,4829,34946,3,46553.59,2023-04-15,36,7.65,1718
9339,15350,39571,4,9459.58,2021-11-03,24,7.05,241
9340,13103,7995,3,52409.85,2024-04-09,48,8.56,1393
9341,18754,17718,2,59879.32,2021-03-14,60,9.25,536
9342,1792,889,3,39010.02,2024-04-21,36,9.65,1408
9343,283,21867,3,57373.56,2021-04-13,12,8.95,1455
9344,5021,38601,4,42984.87,2023-01-26,12,9.5,1991
9345,321,18478,2,23994.34,2020-12-01,12,3.2,83
9346,2537,13568,2,69266.39,2024-06-25,12,9.43,982
9347,11631,21282,1,20988.49,2021-04-24,60,8.4,1855
9348,7590,19,1,69640.55,2020-10-23,48,3.51,1721
9349,13019,37203,3,99389.72,2022-04-22,36,5.43,951
9350,6726,26068,2,84266.87,2021-02-11,12,4.06,1852
9351,12475,7572,4,45566.44,2023-02-14,60,7.7,611
9352,10071,13597,1,88528.74,2022-03-19,48,8.22,574
9353,4431,19305,1,98911.95,2021-07-12,36,9.28,286
9354,13857,28908,3,78031.76,2021-11-29,24,8.18,989
9355,7238,5085,1,21872.62,2020-12-14,36,4.32,1558
9356,14652,37366,2,2342.5,2020-11-25,48,3.75,459
9357,18984,15527,2,90225.71,2023-10-19,48,3.06,1236
9358,15859,17891,3,13700.54,2023-11-27,12,5.73,126
9359,1719,5545,1,26118.15,2023-08-21,36,8.55,1437
9360,4468,26731,3,37152.85,2023-01-24,36,4.11,1523
9361,8516,37702,4,71339.38,2020-12-19,48,8.95,425
9362,16124,5601,4,70228.23,2021-06-20,12,4.25,554
9363,10122,23562,4,24879.96,2021-04-28,60,4.4,610
9364,18888,35095,3,89750.12,2022-05-27,12,5.07,1985
9365,1032,588,4,38197.84,2023-07-17,36,5.76,1567
9366,12338,25388,3,11254.04,2022-03-18,60,6.88,1182
9367,12743,18937,4,91835.48,2021-05-20,48,7.72,112
9368,6631,24955,4,72987.21,2021-10-02,36,9.32,402
9369,364,8477,1,41669.06,2022-11-14,60,7.0,1783
9370,16192,39614,1,78181.11,2021-02-16,60,4.84,122
9371,16649,35116,2,46529.24,2023-10-14,60,6.04,273
9372,17940,30407,1,55586.92,2022-11-23,60,3.34,1318
9373,11458,20616,1,38953.65,2022-09-27,48,4.07,398
9374,6214,6197,2,1386.6,2024-05-11,12,4.15,471
9375,9300,37686,2,72758.12,2020-09-13,12,6.21,985
9376,5971,7628,2,18677.85,2022-11-28,48,9.15,1231
9377,16715,30276,4,72125.74,2022-08-23,24,7.24,1134
9378,4277,28569,3,58150.26,2022-07-08,60,5.61,1464
9379,12649,27087,2,56685.04,2022-12-20,12,8.01,1302
9380,114,15473,1,80636.02,2020-12-29,60,8.41,1987
9381,948,32847,3,7798.75,2021-10-18,24,6.13,1592
9382,17687,23823,1,5270.16,2021-06-24,60,8.62,1911
9383,7685,30404,2,92251.43,2022-07-21,60,5.92,1939
9384,15820,31523,2,28745.42,2021-06-21,36,8.03,569
9385,12746,1740,2,79604.06,2023-01-17,24,9.83,1964
9386,4328,11524,1,6228.46,2020-12-27,24,3.74,1506
9387,15132,30652,4,76708.21,2023-11-02,36,7.34,1827
9388,16538,8869,3,83959.46,2020-10-26,12,6.31,1138
9389,9965,23710,1,20122.24,2020-07-16,60,3.1,1917
9390,19893,34246,3,57239.98,2020-09-09,36,9.4,897
9391,8406,2607,1,18926.95,2021-10-04,24,5.68,820
9392,3524,26961,3,94271.62,2022-07-04,60,3.61,853
9393,11133,26691,2,85904.94,2023-08-25,36,7.38,1501
9394,4925,13139,4,25793.78,2023-02-24,36,6.14,710
9395,6229,23839,3,87615.69,2024-03-30,60,8.41,1957
9396,11867,33382,4,51639.32,2024-05-24,60,6.28,321
9397,18472,28933,4,43695.84,2022-12-05,36,8.53,179
9398,14139,34470,4,76214.45,2023-01-09,48,5.33,897
9399,7524,3401,1,50130.59,2023-01-06,12,8.91,219
9400,12250,9914,3,19968.55,2022-05-05,12,4.15,789
9401,11474,31150,3,28968.8,2021-03-22,60,8.2,1973
9402,6215,39637,2,4472.98,2022-12-10,24,8.65,1552
9403,14147,38612,4,90086.91,2023-05-21,24,9.07,492
9404,15449,22068,1,12094.16,2021-01-27,48,9.87,1915
9405,9545,4727,1,27318.51,2023-06-08,60,6.39,61
9406,52,20629,3,21822.49,2020-07-25,24,8.93,1078
9407,3875,4432,1,95551.46,2024-02-01,36,3.77,1704
9408,17134,18976,1,45888.25,2021-09-15,60,5.05,538
9409,14102,28004,1,79160.76,2021-05-01,60,9.26,848
9410,12042,5241,4,26142.06,2022-08-31,48,7.04,988
9411,11644,13403,4,33715.45,2021-03-29,24,9.22,65
9412,4101,9952,3,38807.25,2021-01-22,36,6.91,1636
9413,252,21937,4,88370.49,2023-08-02,60,8.91,586
9414,8015,21751,3,35365.82,2024-02-25,48,8.52,1728
9415,7375,16209,1,99930.59,2023-06-13,24,7.5,171
9416,17,5836,4,61450.42,2021-01-14,36,4.87,1297
9417,10859,33953,4,85272.53,2022-11-04,12,8.44,1913
9418,7667,12296,4,29310.73,2022-09-03,36,6.27,1723
9419,1354,15477,3,71096.55,2021-10-03,12,3.41,535
9420,17105,25952,4,65783.7,2021-11-27,24,9.94,1415
9421,15642,238,3,60115.02,2021-09-18,60,9.64,1964
9422,15094,335,3,9703.95,2022-12-29,60,7.62,693
9423,17390,3557,2,87888.1,2021-06-06,48,5.63,1351
9424,691,13458,3,87008.6,2022-12-23,48,6.58,108
9425,5294,31307,2,73105.99,2024-01-14,48,5.23,1871
9426,14314,11893,1,76435.13,2023-04-02,36,6.21,1186
9427,19674,17969,1,11448.65,2023-05-11,24,7.2,814
9428,17307,23049,3,37137.86,2024-07-02,48,8.72,1005
9429,17234,33953,3,87814.14,2022-10-25,48,8.39,452
9430,7043,13015,2,83179.29,2023-04-08,12,6.98,1230
9431,12670,1495,4,39017.11,2023-02-23,48,7.41,590
9432,223,28996,2,4194.7,2024-06-17,48,3.37,1040
9433,3861,7679,3,80526.66,2020-10-14,48,10.0,327
9434,5373,33357,2,61907.49,2022-11-17,48,9.24,608
9435,8474,36338,4,49097.42,2022-04-16,24,7.85,659
9436,11762,26526,1,8301.14,2021-04-06,60,6.58,2
9437,1490,21915,2,18033.12,2022-11-08,36,4.24,1034
9438,5181,362,2,88350.94,2021-05-05,24,4.53,434
9439,2118,3927,2,54365.08,2022-11-06,24,7.73,125
9440,3348,28219,3,14408.33,2023-10-30,48,6.97,1105
9441,5189,33289,1,62514.81,2021-06-24,36,9.28,485
9442,18071,24966,1,91902.7,2024-01-04,48,5.39,652
9443,7033,35186,2,56490.25,2022-10-31,36,6.46,1862
9444,9478,771,2,83946.76,2022-09-11,36,4.39,1174
9445,14403,37912,4,39358.35,2022-04-10,48,3.35,800
9446,19282,38846,1,76427.67,2024-05-18,12,9.46,873
9447,13793,23549,1,95638.91,2023-10-29,36,4.12,1364
9448,9519,33104,1,81463.56,2024-06-10,36,7.16,129
9449,8134,16124,2,25871.58,2021-12-13,12,3.66,438
9450,10334,23358,4,25375.07,2021-08-10,24,7.98,751
9451,16748,30748,2,30631.59,2024-03-30,12,5.32,501
9452,6542,15184,3,6698.34,2024-06-19,48,8.5,1082
9453,3623,22354,4,76524.05,2021-09-10,36,4.01,1222
9454,1474,33586,1,76931.93,2021-10-08,24,9.29,211
9455,11126,37390,4,85409.26,2021-03-12,36,6.06,1938
9456,13787,35213,3,69553.37,2022-03-17,24,4.99,902
9457,18872,9594,3,42692.12,2021-03-12,48,6.78,45
9458,5861,26172,1,30834.59,2020-11-03,12,7.68,1121
9459,19444,5608,4,31284.17,2022-05-29,48,4.8,1303
9460,5203,10999,1,55598.52,2022-04-30,12,7.38,535
9461,9135,26859,2,5642.92,2021-08-26,36,6.34,1434
9462,14782,15763,4,28892.03,2020-09-02,60,3.23,461
9463,7396,11287,2,80018.49,2021-07-24,48,8.86,391
9464,5733,19029,1,89983.01,2021-12-11,36,4.96,1871
9465,7524,18390,3,3491.94,2021-05-02,36,9.71,1068
9466,13821,10594,4,72599.23,2024-02-23,24,8.63,27
9467,16968,25719,1,20969.72,2024-01-16,48,6.04,794
9468,13451,39987,1,53643.09,2021-04-11,24,3.13,1121
9469,14359,5759,4,89171.98,2023-02-22,60,4.11,975
9470,15197,4117,1,32329.89,2022-03-10,12,7.58,548
9471,4785,35200,4,65636.43,2021-09-10,48,5.43,621
9472,18232,7671,2,59754.27,2021-09-16,48,7.88,567
9473,3670,15775,3,68555.45,2024-02-16,12,7.47,704
9474,6423,9978,1,90217.28,2021-06-05,36,6.35,1243
9475,6487,9988,4,29022.73,2020-10-12,48,3.26,185
9476,13301,14428,2,30821.46,2023-09-06,24,9.75,1093
9477,14692,4228,1,87221.89,2021-02-11,60,5.87,1853
9478,15189,18373,4,4228.43,2022-11-13,12,3.9,1154
9479,1898,19880,1,58009.11,2024-05-06,60,5.0,1591
9480,9042,13657,3,43067.07,2022-01-12,60,3.5,1914
9481,1263,19122,1,86298.94,2023-06-05,24,7.78,1633
9482,3940,9237,3,88947.65,2022-05-23,12,9.88,848
9483,5076,8565,1,69025.71,2023-02-06,24,5.97,599
9484,6760,36552,3,6425.37,2023-06-18,12,8.96,806
9485,9676,25287,1,13289.47,2023-09-01,60,6.12,1655
9486,15632,16077,2,70035.17,2022-02-09,36,6.03,1744
9487,18855,6438,1,83088.37,2022-07-26,36,6.75,1358
9488,15637,7951,1,82871.91,2023-04-30,36,4.71,1949
9489,9692,5496,1,25081.35,2024-05-25,24,9.97,1178
9490,19978,27690,1,22120.75,2020-12-28,36,5.98,1571
9491,13693,27972,2,6657.36,2022-01-20,12,9.97,79
9492,17473,27959,4,43332.66,2023-06-12,60,9.42,579
9493,7098,30011,1,5416.74,2021-01-12,60,3.42,1879
9494,1061,34649,2,58363.82,2021-07-29,48,5.02,413
9495,15152,32324,1,12238.92,2020-11-22,12,6.8,546
9496,9562,13181,3,36683.36,2021-11-14,36,6.3,1633
9497,6140,37379,2,51641.66,2021-07-26,24,4.05,169
9498,8152,15605,3,4873.06,2022-04-06,24,3.55,681
9499,8737,6174,2,91161.83,2020-07-12,24,5.36,1687
9500,2451,1859,2,73857.22,2021-03-21,36,4.91,583
9501,15324,24697,3,73100.95,2021-03-03,48,4.08,515
9502,18153,8448,1,8846.45,2021-04-20,36,7.91,1338
9503,16939,5760,1,29240.77,2022-04-26,36,9.57,32
9504,2812,3067,2,32055.71,2023-10-25,24,5.96,287
9505,15381,3373,4,47350.74,2021-08-15,36,9.49,594
9506,5726,3480,4,37188.25,2022-11-29,24,8.39,1067
9507,4568,36942,1,93024.89,2023-09-27,12,6.45,1927
9508,16238,5490,4,74942.6,2021-08-29,24,8.5,617
9509,9162,26508,3,99358.18,2020-12-25,60,8.86,1025
9510,8036,29278,1,94348.58,2023-10-02,48,5.6,1597
9511,18268,34199,3,1874.71,2020-08-12,48,6.26,270
9512,9246,20341,4,75602.63,2021-08-20,24,9.65,1204
9513,16549,29207,3,45053.99,2024-03-22,24,8.63,1760
9514,9495,12065,3,67560.42,2023-07-01,12,5.61,518
9515,16259,3183,4,61145.41,2020-11-14,12,9.55,1127
9516,9185,9539,4,44898.23,2021-02-05,36,3.56,1034
9517,10516,13696,2,12924.02,2023-08-28,24,9.82,583
9518,8474,31646,1,2203.87,2022-12-13,60,8.29,1114
9519,17171,19187,4,69944.51,2021-04-08,60,5.33,226
9520,5135,13932,2,21123.99,2022-10-05,48,8.49,670
9521,19284,33116,1,66291.72,2021-11-03,60,4.1,1764
9522,8400,9464,4,38702.45,2022-11-13,48,6.58,917
9523,8602,29946,3,43054.57,2024-06-26,24,3.71,126
9524,14909,28472,2,43279.12,2020-08-23,60,5.62,956
9525,2950,38247,3,72009.04,2023-01-22,24,6.12,1233
9526,15387,19827,2,31158.26,2021-12-07,36,3.93,1121
9527,16372,18810,1,78921.35,2022-04-26,24,7.53,74
9528,640,37133,2,70628.17,2023-04-05,24,8.72,1651
9529,10170,29357,2,99900.16,2022-01-31,36,3.79,1215
9530,2968,13865,1,9111.75,2021-11-01,60,8.11,1706
9531,6684,2554,1,88721.2,2024-01-28,12,9.51,1843
9532,14384,8944,2,53070.05,2022-07-04,24,3.45,1984
9533,8139,29919,3,75594.32,2022-02-25,36,8.86,1740
9534,364,19419,2,74463.62,2021-02-13,48,5.42,56
9535,98,18972,2,2082.44,2023-06-02,12,3.57,720
9536,17766,14284,3,65601.61,2024-06-06,36,6.5,553
9537,8436,34406,1,24462.76,2024-05-11,12,7.46,32
9538,14827,24844,3,63504.35,2022-08-08,36,3.53,1551
9539,15202,36632,3,63690.14,2021-09-14,48,3.07,574
9540,15591,19866,4,77456.74,2024-01-19,36,6.55,667
9541,10983,36393,1,8297.83,2023-06-10,36,8.8,284
9542,2926,10310,3,60838.71,2023-10-17,24,3.01,1745
9543,19058,15896,3,98016.37,2024-01-08,60,5.11,1856
9544,10075,20656,1,66317.31,2022-09-10,12,6.51,1518
9545,13664,17377,4,71364.72,2021-08-29,36,5.08,187
9546,14877,36711,1,6627.16,2020-10-20,36,6.19,498
9547,5512,15256,1,2179.06,2022-01-24,36,9.22,1466
9548,13726,27850,3,31197.26,2020-11-09,24,6.8,130
9549,1722,14918,4,4080.27,2021-06-14,24,6.94,639
9550,5059,37524,3,6766.25,2021-01-29,24,5.95,1316
9551,10180,21765,3,44715.46,2023-05-02,24,7.92,114
9552,17663,27214,4,82732.95,2021-02-12,36,7.94,1223
9553,3231,9860,3,20228.3,2023-04-19,12,3.08,13
9554,11864,1630,2,84312.68,2021-08-10,60,7.17,1295
9555,13738,12473,2,76556.9,2022-03-07,48,3.27,1625
9556,9654,27795,4,89995.45,2024-04-15,36,3.72,1239
9557,18136,28986,1,12295.79,2023-11-26,12,3.94,444
9558,7902,26937,3,38088.74,2022-12-22,48,9.52,1814
9559,2058,15181,3,11346.31,2023-03-31,24,9.33,1536
9560,1620,21690,4,42024.9,2020-12-23,48,3.35,447
9561,6463,35012,1,1327.81,2021-03-31,12,3.54,986
9562,19183,36917,4,57549.19,2021-07-25,36,9.62,993
9563,13680,32331,1,40783.5,2022-09-05,24,4.65,715
9564,11578,3313,2,8864.71,2024-01-29,24,7.6,74
9565,19418,23334,3,70329.31,2021-01-07,12,8.32,537
9566,1467,979,1,58040.78,2022-07-18,12,5.93,101
9567,9928,22317,3,96051.2,2022-09-05,60,8.78,176
9568,2681,10238,2,43061.75,2021-10-06,12,7.92,427
9569,10020,32670,3,27020.69,2021-03-16,12,6.46,1141
9570,6803,32682,3,5458.71,2020-08-24,60,4.12,1190
9571,3467,6704,2,48149.01,2023-07-09,36,5.17,41
9572,18838,9140,3,77027.57,2021-06-20,60,4.75,429
9573,6094,5913,1,63066.51,2021-06-30,24,6.31,344
9574,17039,23828,1,77864.02,2020-09-25,24,5.77,1448
9575,15632,37811,4,74152.47,2020-07-12,36,4.17,366
9576,1714,15933,2,17340.72,2022-02-24,24,7.66,1144
9577,2815,17504,1,91171.59,2020-10-07,48,4.85,609
9578,13801,26586,1,33873.43,2024-06-14,60,8.55,657
9579,12581,17861,1,91640.87,2024-06-24,24,5.62,728
9580,4294,7218,4,92511.96,2022-04-23,24,5.96,229
9581,10249,743,1,47626.21,2023-08-12,36,5.79,825
9582,11440,3636,1,80202.12,2023-10-20,12,3.39,1154
9583,11344,18712,2,79216.7,2021-11-29,12,8.98,1376
9584,2176,10270,2,37442.22,2023-10-12,12,4.15,889
9585,11413,4918,1,50246.69,2024-05-19,12,7.16,1342
9586,18500,14134,3,68414.26,2023-10-23,60,5.0,984
9587,16764,34609,1,4266.35,2022-09-28,24,9.57,1673
9588,6663,34814,4,23692.72,2023-01-18,36,6.09,836
9589,8948,2586,4,98297.45,2022-07-11,60,7.3,1361
9590,2767,17173,4,37006.83,2021-08-08,12,6.15,1297
9591,12276,33592,1,24490.13,2021-10-20,24,3.37,117
9592,16144,4334,1,90793.59,2022-12-31,60,9.43,818
9593,1075,17934,4,76253.51,2023-05-27,12,7.52,368
9594,8581,37916,2,93697.09,2022-03-01,60,7.33,1118
9595,16229,39543,2,78618.34,2022-09-15,12,4.22,168
9596,2781,5921,2,37672.26,2021-11-19,12,3.01,954
9597,6334,4172,2,33785.89,2024-02-26,24,6.73,1739
9598,5236,18856,3,44764.16,2022-02-20,60,7.93,1365
9599,12716,4558,1,87368.46,2022-08-07,12,4.49,661
9600,11380,37152,2,45488.67,2020-09-09,12,7.36,1938
9601,2811,5883,2,62926.44,2023-11-01,48,8.02,695
9602,3325,6217,1,72789.04,2022-01-28,60,5.72,925
9603,5438,29524,2,55126.35,2022-07-11,48,9.95,152
9604,5518,17311,3,48457.21,2023-11-08,12,3.4,586
9605,18193,4604,3,92195.49,2022-06-15,60,5.11,1901
9606,1336,26253,3,31087.43,2024-03-15,48,5.97,913
9607,3463,12037,3,98297.91,2023-06-25,24,4.97,274
9608,17200,1360,1,51642.28,2024-03-04,60,5.63,1578
9609,18111,38386,1,21130.25,2022-09-28,24,9.6,496
9610,12870,1784,1,32840.13,2020-10-03,12,5.53,1748
9611,17209,12368,2,24290.31,2023-08-11,24,8.67,101
9612,3526,33309,1,38649.62,2023-04-21,24,4.26,557
9613,5907,2488,2,18113.9,2020-08-28,60,8.18,1106
9614,5192,38052,4,2215.51,2021-04-30,12,9.74,1553
9615,14731,29571,4,19858.39,2024-04-06,24,5.74,73
9616,10172,7351,4,35347.42,2021-11-12,48,6.97,1038
9617,1975,31680,3,6371.54,2024-03-07,36,6.63,1457
9618,10677,25397,3,70498.56,2023-03-31,60,8.71,157
9619,16444,38513,3,64471.97,2021-04-20,36,8.87,735
9620,17271,14905,1,26682.04,2023-04-14,12,9.04,132
9621,14990,33927,1,20104.49,2021-02-28,48,8.57,1362
9622,14707,17013,4,93079.87,2023-07-25,60,4.04,1019
9623,8913,22960,1,62377.56,2024-02-20,24,5.81,1428
9624,6699,32208,2,43651.67,2024-01-11,36,5.53,1400
9625,7847,544,4,6733.08,2024-05-04,12,4.33,1912
9626,1299,15937,2,10571.47,2021-03-31,60,9.05,559
9627,2191,34939,1,98397.42,2022-12-07,24,5.73,107
9628,7707,24851,2,5857.78,2020-12-23,48,7.29,1644
9629,8359,36101,2,82065.16,2024-01-11,24,8.72,265
9630,4709,13453,3,84351.16,2023-10-03,60,6.91,1229
9631,11246,37152,4,8111.13,2021-12-07,36,4.95,1103
9632,17031,36853,4,41224.93,2022-10-26,12,4.22,155
9633,9999,32482,1,34649.63,2022-06-30,60,3.24,1807
9634,679,16810,1,27589.92,2023-05-22,24,5.63,988
9635,14332,17200,4,63854.12,2022-02-01,36,6.34,997
9636,16942,35544,4,3607.13,2021-09-30,24,4.0,247
9637,10589,33155,3,81871.17,2021-04-17,24,9.43,531
9638,157,1339,3,76392.51,2022-02-07,48,3.24,858
9639,6135,37489,2,59468.58,2022-05-22,60,7.15,1972
9640,17304,39159,2,8969.68,2023-06-24,24,8.72,538
9641,923,5338,4,95609.48,2022-12-24,24,8.69,729
9642,3320,33746,4,5269.29,2021-07-27,12,9.55,1178
9643,2099,11388,3,3066.59,2024-05-10,48,3.48,154
9644,9390,26039,2,69639.15,2021-07-16,12,6.92,1710
9645,11729,3609,2,6851.13,2020-08-17,36,9.69,92
9646,18092,13941,1,75574.05,2023-02-01,60,8.77,1457
9647,14410,29330,1,19070.81,2022-05-21,12,7.75,338
9648,1872,17846,3,59350.12,2022-05-17,60,5.11,1504
9649,19797,19406,1,1834.56,2020-08-23,24,7.88,1717
9650,960,18316,4,18088.86,2024-03-15,36,8.14,1155
9651,7372,14546,1,42888.37,2021-06-27,48,5.19,450
9652,11152,2136,3,1561.19,2023-09-19,12,8.4,810
9653,18445,4969,3,65793.38,2022-12-29,24,3.05,787
9654,1108,32864,2,85816.18,2023-10-24,24,8.85,273
9655,636,11363,1,70324.68,2023-06-20,12,7.83,1953
9656,8137,36348,3,53733.42,2021-06-27,60,3.2,588
9657,9169,34162,2,18940.84,2021-08-20,48,5.88,177
9658,6398,21043,2,15419.19,2020-10-16,36,5.21,1720
9659,8149,9118,4,30870.73,2023-08-18,36,8.93,831
9660,4055,1815,4,9153.21,2024-05-26,48,8.02,643
9661,11030,2655,2,62540.59,2021-07-13,12,7.2,1899
9662,11046,36481,3,28001.93,2021-04-10,48,7.97,1073
9663,18751,30864,1,17824.93,2021-01-11,36,3.15,567
9664,4416,38483,2,46817.06,2022-04-09,24,3.53,666
9665,14539,24347,4,47252.01,2022-09-07,12,7.03,1379
9666,14495,11239,1,33524.37,2024-04-21,48,9.66,1736
9667,15084,20436,2,71617.04,2021-11-18,36,5.7,1332
9668,18918,12851,2,61331.92,2023-06-05,60,9.76,868
9669,14219,36743,2,90760.25,2023-10-15,48,5.04,1909
9670,3511,23413,3,37938.18,2024-04-04,24,3.11,1654
9671,8615,20825,4,68447.26,2022-06-17,48,7.02,1799
9672,11744,37579,1,74670.43,2021-06-11,60,9.09,1070
9673,10748,24115,4,66107.48,2023-02-12,48,6.27,302
9674,18107,18561,3,2451.72,2022-07-06,12,6.4,868
9675,10950,9117,2,36020.66,2022-04-27,12,8.58,912
9676,19691,15396,4,58743.92,2022-03-26,48,8.05,408
9677,3450,2200,2,73549.88,2021-01-31,12,5.06,1213
9678,17233,34952,2,84935.39,2024-01-14,48,5.43,822
9679,1255,465,4,48918.92,2022-08-04,60,4.34,1854
9680,1776,35193,2,20078.69,2023-02-07,60,7.44,1153
9681,6397,11560,4,9487.28,2020-07-09,48,9.33,561
9682,9249,5711,1,29643.95,2023-06-06,24,5.58,1561
9683,12760,7829,1,55061.48,2022-11-16,24,3.71,1290
9684,635,12078,3,17160.44,2021-07-07,60,6.67,1142
9685,16452,38658,4,4869.25,2023-04-03,36,4.67,464
9686,3360,38708,4,13033.62,2020-07-06,24,9.1,144
9687,17972,35992,3,43372.09,2022-02-08,24,6.38,442
9688,7160,7283,4,32062.09,2021-07-25,12,7.69,1224
9689,4918,38419,2,14629.35,2021-04-25,36,9.65,1181
9690,13096,18862,4,83776.91,2020-10-11,48,5.51,487
9691,6235,4786,4,35939.82,2020-08-29,48,3.46,860
9692,15926,2742,2,75266.83,2021-11-02,36,8.08,1158
9693,13810,1749,2,76449.75,2021-01-12,24,4.39,1936
9694,16289,24661,1,54694.43,2020-10-08,12,3.34,148
9695,8294,5929,4,17387.71,2021-11-24,36,5.2,1360
9696,11560,12706,3,46707.07,2021-12-01,36,4.98,1095
9697,5090,5465,1,16446.0,2023-08-20,36,8.3,1257
9698,5954,29842,2,6863.95,2021-09-22,12,8.14,1358
9699,16162,14016,2,24097.67,2024-02-06,12,9.48,811
9700,12306,5546,2,24428.91,2023-07-29,60,3.62,666
9701,80,36580,4,55523.94,2022-04-02,60,6.43,90
9702,15903,1224,4,51171.2,2021-01-28,48,8.72,1358
9703,6316,32715,1,38168.7,2022-12-22,48,6.08,199
9704,13180,18568,2,13080.91,2024-02-23,12,6.65,1185
9705,1121,11916,3,79879.63,2023-08-24,60,3.71,538
9706,5696,2524,3,60807.56,2023-01-27,60,5.62,1145
9707,10636,32578,4,62871.97,2021-11-04,48,6.11,301
9708,18085,39551,2,72158.17,2021-07-04,12,4.85,724
9709,5019,30669,4,70180.37,2022-03-21,60,9.8,1599
9710,12425,32640,1,50764.06,2022-08-19,24,5.34,963
9711,6339,24830,3,1451.35,2022-07-30,36,8.84,1460
9712,16212,11811,2,1876.67,2021-10-25,48,7.29,68
9713,8760,21821,1,11784.67,2021-02-14,48,6.56,1789
9714,5577,3761,1,54811.52,2020-11-30,24,4.17,1946
9715,2442,25638,4,28362.39,2023-07-28,36,4.4,459
9716,13525,6025,2,73111.81,2021-01-11,24,5.21,1538
9717,2952,37570,1,92752.65,2022-04-23,12,7.55,398
9718,9571,22612,3,73610.19,2020-11-15,24,5.18,620
9719,7494,5797,2,65734.98,2022-04-10,60,4.71,1310
9720,17283,16739,4,60220.34,2020-09-12,48,7.02,1585
9721,4764,4184,1,44581.3,2020-09-09,36,3.08,1164
9722,7755,13860,4,79096.0,2022-02-09,36,8.23,730
9723,2540,21903,3,84934.04,2020-08-16,48,4.98,556
9724,9828,39031,2,69950.88,2020-07-24,60,8.88,1953
9725,9880,5056,3,34939.27,2022-02-20,48,7.57,781
9726,2762,1959,4,57398.39,2024-06-25,60,5.41,1614
9727,7764,9124,1,88579.83,2023-11-07,12,4.39,1752
9728,808,11804,2,47886.75,2021-03-12,36,4.34,894
9729,2990,17084,1,79142.71,2021-04-17,24,9.86,610
9730,10796,4840,2,63845.02,2022-10-27,24,5.92,748
9731,4696,3754,4,32075.65,2022-07-29,12,6.39,282
9732,6298,12192,3,49940.82,2023-08-21,36,4.83,661
9733,12157,34250,2,86600.1,2022-07-30,36,7.3,924
9734,12368,6392,1,9740.89,2021-01-28,24,8.36,1840
9735,15118,24407,4,36183.42,2022-10-13,24,5.44,996
9736,3680,700,2,47630.86,2023-07-28,48,6.3,1960
9737,3544,7144,3,66733.5,2023-05-13,36,4.75,1602
9738,16612,22747,3,44499.04,2020-10-09,24,8.61,746
9739,2597,32651,1,48289.42,2021-12-25,48,9.41,1481
9740,8445,32139,3,57808.26,2021-07-24,12,8.7,87
9741,18149,34395,1,73120.32,2021-05-17,12,5.28,1103
9742,7097,27838,3,3384.12,2022-11-03,36,9.44,1229
9743,8651,19300,2,53681.84,2023-01-30,36,3.84,791
9744,17951,8152,4,35119.83,2023-02-25,60,4.03,1361
9745,8195,1734,1,60964.43,2022-03-29,24,6.54,1278
9746,19977,4790,2,18225.65,2023-02-25,48,8.18,304
9747,9424,23254,3,96466.44,2021-06-14,24,5.81,1404
9748,8214,6044,1,54860.44,2024-05-19,60,4.21,130
9749,13527,10239,1,7031.67,2022-03-24,48,5.19,596
9750,11337,375,4,51731.6,2022-09-18,12,3.13,1300
9751,16013,18608,3,80337.98,2021-04-23,36,3.91,1723
9752,18587,32578,2,85904.15,2022-03-28,24,8.95,558
9753,13830,26773,1,50625.79,2022-03-04,48,9.33,899
9754,17006,4952,1,95245.12,2021-09-19,36,9.05,1207
9755,13153,426,4,75965.94,2022-07-07,36,9.28,1292
9756,13549,20607,2,65010.69,2022-02-02,24,9.95,1832
9757,17027,22036,3,5795.65,2023-10-07,36,4.04,1346
9758,19886,36945,2,31387.23,2022-03-15,24,5.3,1536
9759,3680,21415,3,2650.71,2023-09-02,60,6.88,1636
9760,2334,37927,4,22851.18,2023-11-01,48,4.3,78
9761,17970,11995,3,45554.63,2022-04-01,60,6.38,784
9762,8414,13347,1,56568.29,2024-03-11,36,3.67,1363
9763,18884,36855,1,92084.14,2021-11-06,12,6.99,674
9764,1550,19793,2,47704.85,2023-12-05,60,3.77,1580
9765,7140,18315,3,32060.69,2022-09-08,12,7.7,1533
9766,18910,23703,3,43977.01,2021-01-30,48,8.69,238
9767,4358,11592,2,92990.98,2023-02-20,36,3.02,1158
9768,17520,31884,1,26733.38,2021-02-04,24,5.67,1997
9769,17589,22980,1,26285.28,2023-11-10,60,6.39,1216
9770,15584,24557,4,32474.47,2020-08-15,48,5.96,1380
9771,9301,25013,1,38337.19,2023-09-27,60,7.49,278
9772,14512,5999,1,76787.94,2020-07-25,60,8.42,1042
9773,7860,10614,3,27543.86,2023-12-18,12,4.78,524
9774,3572,19002,4,51936.75,2022-03-22,36,6.72,180
9775,9357,11382,4,47563.38,2024-03-23,24,4.56,123
9776,472,36298,4,87591.74,2022-07-10,48,5.01,1270
9777,2923,25585,1,51398.51,2020-09-25,12,9.09,1758
9778,2226,37343,4,98778.41,2022-02-04,60,4.09,1397
9779,17137,12530,4,11321.58,2021-01-29,36,9.11,1075
9780,18481,21398,3,61474.94,2023-03-21,24,4.08,1095
9781,3972,21590,3,62705.65,2022-06-19,24,8.86,480
9782,13817,38139,4,79738.67,2022-05-28,12,9.95,1584
9783,6139,27079,1,65669.03,2021-02-21,48,7.34,1043
9784,13876,15180,1,46076.67,2022-09-07,12,6.09,1798
9785,2349,39459,1,47382.53,2021-06-02,24,4.83,84
9786,1893,9871,2,7338.82,2021-10-23,48,3.11,1179
9787,369,20797,4,69260.79,2023-06-17,12,8.33,565
9788,6782,36374,3,22149.08,2022-11-17,36,8.29,619
9789,4251,5714,2,37405.79,2020-12-12,36,4.27,357
9790,10529,20966,1,33665.5,2021-10-21,36,8.76,816
9791,9414,29442,1,84190.52,2023-06-24,60,5.53,647
9792,6319,18538,4,3537.02,2020-12-21,36,6.12,443
9793,1907,20782,2,49415.02,2021-02-26,12,9.19,1093
9794,12924,29758,1,93169.88,2021-06-23,60,8.24,523
9795,18170,18649,4,18839.03,2021-08-14,24,9.23,143
9796,13283,12817,1,74184.34,2022-04-05,24,9.37,192
9797,7330,2973,4,77652.87,2021-09-12,12,9.0,1411
9798,9971,7031,2,43277.67,2022-09-19,12,4.75,378
9799,8345,10684,4,74925.07,2021-07-03,48,7.62,581
9800,13281,20190,1,46135.18,2022-10-14,60,7.77,535
9801,16937,11656,4,68518.76,2023-03-08,12,5.84,1717
9802,222,4472,1,26204.42,2021-06-27,48,4.04,1317
9803,18839,32842,3,8811.82,2020-08-08,60,7.63,1033
9804,13235,7837,2,45250.95,2020-12-13,36,6.54,1295
9805,9498,18508,3,36381.24,2020-12-02,36,9.06,1411
9806,8230,1507,3,30869.18,2022-07-25,36,6.91,93
9807,19632,850,2,83740.94,2022-11-18,12,8.85,1990
9808,11990,26889,1,59329.01,2021-11-13,48,4.92,529
9809,8337,30026,4,91735.51,2020-11-28,60,8.72,1178
9810,14531,38535,1,31813.76,2021-12-02,60,9.79,405
9811,7100,20550,2,61570.69,2023-09-28,24,5.03,840
9812,15082,25129,1,79161.34,2024-01-12,48,3.66,1173
9813,13136,20063,1,15492.63,2021-12-17,60,7.72,889
9814,11991,32860,3,16537.39,2023-04-03,12,7.48,1291
9815,4181,7929,3,64793.17,2020-08-12,60,3.54,422
9816,16084,5776,2,29353.93,2020-07-03,60,7.31,1864
9817,3474,39080,3,97347.8,2021-12-14,24,8.04,1642
9818,3091,31001,3,77905.26,2022-02-27,12,7.0,472
9819,18216,15892,1,99727.46,2022-11-26,48,6.56,893
9820,3153,18967,2,8131.63,2023-09-25,12,9.13,547
9821,19653,36490,3,18326.72,2021-07-06,36,4.02,631
9822,16818,28874,3,53463.74,2023-04-17,60,6.47,1550
9823,19402,2935,1,49565.42,2023-10-31,36,7.55,1527
9824,18292,39069,1,2286.7,2023-12-31,12,6.2,1038
9825,4071,537,4,16931.93,2023-06-12,60,7.91,778
9826,18854,2283,1,20466.47,2022-12-09,48,5.4,1676
9827,1273,25352,3,45311.02,2021-04-15,12,8.45,1830
9828,2219,7042,2,68557.41,2021-06-04,48,5.05,364
9829,12654,28112,1,14114.17,2021-01-25,48,3.96,119
9830,2635,37351,2,92385.95,2020-11-04,12,5.61,1262
9831,8195,13162,4,2573.56,2023-03-24,36,7.75,546
9832,2936,14605,3,82249.7,2022-10-22,12,5.99,1193
9833,13160,15692,2,79023.98,2021-08-08,48,6.96,522
9834,2779,18604,1,28081.48,2024-05-20,24,9.2,634
9835,5899,19713,3,46172.6,2023-08-11,12,7.68,1937
9836,10937,5660,4,7918.3,2024-06-16,60,9.81,1681
9837,17830,31330,2,78835.39,2022-07-02,36,8.36,963
9838,10757,26773,2,30344.56,2022-07-17,12,8.88,958
9839,4142,31629,2,46901.98,2021-01-12,12,4.66,1759
9840,14396,5474,2,9878.12,2021-07-02,48,6.3,883
9841,3560,12285,3,14083.32,2024-06-05,36,3.18,1793
9842,7135,37246,1,20989.01,2024-06-26,12,5.52,780
9843,2151,25083,3,80661.88,2024-02-04,24,5.81,871
9844,18391,36927,4,63812.58,2024-01-20,36,7.02,516
9845,3322,6691,4,82751.05,2020-07-18,36,5.48,938
9846,3409,30296,4,67180.0,2023-08-18,24,5.15,1421
9847,14430,291,3,31925.64,2024-02-19,24,3.97,866
9848,16283,36718,1,45426.29,2023-12-12,36,5.75,106
9849,3938,30889,3,57424.1,2023-10-07,60,3.63,1109
9850,4235,10249,3,86545.37,2024-03-10,48,9.25,214
9851,16414,39464,3,55229.43,2021-11-13,48,6.83,1145
9852,8512,19696,4,46423.55,2023-08-31,36,6.55,1156
9853,17277,15375,1,98457.91,2021-08-01,48,5.04,850
9854,3343,25580,1,80665.34,2021-06-03,48,8.87,197
9855,1333,5373,4,77693.34,2020-10-23,36,8.25,19
9856,19325,23887,3,53113.9,2020-09-03,60,6.45,642
9857,4388,12687,1,96308.78,2023-06-02,48,9.28,1036
9858,5149,34275,4,87924.66,2024-04-03,36,7.2,1105
9859,19161,33170,3,27536.75,2021-07-15,48,7.25,330
9860,19013,22589,2,69788.88,2021-02-07,24,6.15,866
9861,2621,23872,2,57497.44,2021-05-29,48,9.79,774
9862,17591,7808,4,15470.92,2024-02-09,12,6.34,392
9863,2103,33355,1,50144.52,2024-06-11,48,5.05,637
9864,8961,25052,1,52537.59,2024-05-26,24,3.12,307
9865,9136,33314,4,43484.46,2020-10-14,24,4.19,1291
9866,6446,34232,2,75504.2,2022-04-28,60,5.6,1471
9867,8780,19748,3,86270.94,2023-04-30,12,6.97,1465
9868,12047,23839,2,52282.77,2021-08-07,48,6.94,895
9869,15040,13766,3,79993.2,2023-10-29,48,6.22,652
9870,11921,17510,1,19415.79,2021-11-13,24,9.08,841
9871,13681,38497,3,90939.03,2021-06-05,24,9.93,1026
9872,2651,11127,3,91657.57,2020-09-25,60,6.23,520
9873,15360,21865,3,52534.6,2021-06-27,60,4.69,1786
9874,11845,9884,1,34264.67,2022-02-08,60,5.89,1675
9875,1497,8708,1,54396.69,2023-12-05,60,3.93,636
9876,17361,39609,2,98627.14,2023-08-27,36,4.1,1333
9877,9753,27915,1,55080.31,2020-07-24,12,6.34,740
9878,12796,37916,4,70563.83,2022-10-28,60,6.42,1546
9879,12913,27473,3,85589.09,2020-11-23,12,4.29,469
9880,11105,1836,4,46328.67,2022-04-20,48,5.83,212
9881,19942,22739,1,5230.5,2022-09-09,24,4.93,1136
9882,14028,13469,4,18284.79,2022-01-03,48,5.55,1032
9883,11351,18694,1,60610.92,2021-02-28,60,8.8,804
9884,11547,28705,4,23449.19,2023-09-19,48,6.21,477
9885,18735,38574,3,11691.51,2021-02-23,24,4.44,874
9886,13974,29520,1,40591.43,2021-07-16,36,4.07,460
9887,5697,13845,2,1199.86,2023-01-23,60,3.39,253
9888,5515,39171,2,36671.65,2021-05-20,48,9.03,1550
9889,17280,19877,4,86896.49,2024-03-13,24,10.0,752
9890,681,3815,1,93151.59,2022-02-23,24,9.12,1462
9891,18894,39759,2,58706.89,2023-01-24,12,3.17,1778
9892,3969,2666,3,34749.96,2023-10-21,12,4.69,981
9893,5934,28278,4,64327.95,2022-12-06,12,4.64,854
9894,13807,1563,4,46030.79,2020-08-20,24,7.34,1685
9895,6702,31934,3,53486.55,2021-10-02,24,5.95,236
9896,14304,17930,4,87196.07,2021-03-15,48,5.85,1330
9897,2456,7470,2,73048.15,2021-01-28,24,9.53,478
9898,7480,19871,1,64319.22,2023-09-03,36,9.02,679
9899,12381,15744,2,18773.13,2022-12-12,48,3.29,1044
9900,2089,37597,4,28035.75,2024-01-31,48,4.04,216
9901,4757,36426,2,82765.3,2021-08-05,12,6.35,855
9902,6004,4955,3,76702.04,2021-07-31,24,6.78,135
9903,6629,2981,4,84247.72,2021-02-08,48,3.08,905
9904,128,33911,3,94831.27,2021-06-09,36,4.64,1153
9905,2369,38396,3,59901.46,2023-09-23,24,4.55,410
9906,16729,6197,2,15028.27,2021-10-30,60,8.57,1446
9907,10400,2483,3,9833.81,2022-07-19,24,9.68,1318
9908,16221,11733,2,69066.3,2022-04-17,24,6.29,1270
9909,6086,35007,2,23305.82,2021-07-11,48,9.55,1725
9910,14297,22315,4,50751.36,2021-11-22,60,3.29,1580
9911,13357,34494,2,96877.82,2023-11-19,36,7.75,86
9912,10472,37579,4,22583.29,2022-04-10,60,9.72,556
9913,10549,19624,2,17754.97,2022-09-29,12,8.98,1866
9914,4163,25549,2,75244.59,2020-09-11,48,3.05,1399
9915,14169,21845,4,49843.98,2023-03-19,12,5.01,1470
9916,17612,2858,4,20973.5,2024-05-28,48,3.97,378
9917,11566,8405,4,84333.69,2020-08-14,48,4.15,1414
9918,10037,13052,4,44907.03,2021-01-02,36,9.04,1681
9919,19283,16707,4,26173.01,2024-05-03,36,8.53,1075
9920,7495,12065,3,56287.78,2020-10-07,48,9.0,242
9921,280,28695,3,70718.87,2021-09-05,24,5.02,1318
9922,15683,9766,3,29162.25,2020-12-12,24,6.86,920
9923,4083,10546,4,8179.66,2020-11-19,60,4.81,1587
9924,15624,10177,2,70154.09,2022-05-21,60,8.63,266
9925,12393,27341,4,80559.51,2020-08-13,12,7.85,1144
9926,14924,13421,2,8886.93,2022-12-14,60,5.07,712
9927,16605,7855,4,28785.29,2023-05-11,48,8.1,1941
9928,2,11077,4,31033.58,2021-10-18,36,8.92,1272
9929,6167,32971,1,33418.17,2022-09-17,12,3.57,70
9930,17721,2114,1,15607.95,2022-08-22,48,4.98,1877
9931,13688,1073,4,70550.38,2022-12-24,36,9.49,57
9932,7463,29422,2,3397.85,2022-04-10,48,9.99,1406
9933,6868,2511,2,22921.01,2022-09-04,24,4.04,39
9934,18889,34171,1,45509.1,2022-06-04,12,5.24,801
9935,11468,10503,1,21254.94,2021-05-13,24,9.25,1467
9936,8777,19265,3,71792.25,2024-02-04,60,8.46,1042
9937,1067,2283,3,50779.65,2021-03-17,60,5.01,1976
9938,9990,12225,2,7009.78,2021-08-12,48,9.77,732
9939,6490,9894,1,21949.55,2024-01-26,60,5.74,825
9940,10563,7189,1,61909.56,2022-05-18,24,6.48,756
9941,2493,33336,3,5469.68,2020-11-30,60,8.63,352
9942,14270,23847,4,26082.77,2023-01-23,24,3.39,1996
9943,15128,8316,1,34453.14,2023-09-16,60,8.31,1840
9944,10779,36883,2,9357.35,2023-04-22,36,8.79,1322
9945,13512,29894,1,44922.41,2023-04-13,24,8.41,283
9946,3633,36171,1,35232.45,2021-08-26,24,6.02,1610
9947,6335,30245,3,19648.1,2021-06-20,36,7.86,110
9948,17168,22669,4,92798.72,2023-09-21,48,5.26,1017
9949,18272,29038,3,72610.56,2022-08-21,48,8.97,1204
9950,7192,21957,2,16025.11,2022-10-11,36,3.05,1962
9951,12862,21202,3,85217.16,2023-02-13,36,8.82,544
9952,2915,309,1,96129.15,2021-12-10,36,6.42,1770
9953,15581,7916,2,90416.85,2021-03-28,36,5.26,1818
9954,2552,14303,2,28282.98,2023-07-06,12,4.17,25
9955,13578,27449,2,34650.69,2022-10-17,60,7.95,843
9956,2624,18646,1,17830.85,2022-11-19,24,8.34,791
9957,15963,13606,4,76456.55,2021-10-16,12,8.79,738
9958,17769,36906,3,39314.17,2023-08-18,12,6.94,57
9959,6637,33282,4,60043.88,2021-10-01,24,6.84,180
9960,14135,3905,3,68359.36,2022-02-20,12,9.22,232
9961,12577,10666,2,26339.84,2022-10-28,24,6.21,1918
9962,11224,32732,4,69502.13,2021-10-06,36,7.61,343
9963,15226,6408,4,29749.37,2022-09-16,24,3.63,477
9964,16780,343,4,81334.1,2021-10-28,12,5.3,1823
9965,8251,13355,2,91293.02,2021-11-21,60,7.5,576
9966,12810,29605,4,86914.75,2023-03-26,36,6.92,455
9967,3695,27000,1,74815.96,2023-10-08,48,3.54,1256
9968,13860,24161,1,63002.33,2022-04-30,36,9.39,289
9969,6898,14991,2,77414.66,2024-06-03,12,8.36,1237
9970,2667,34570,1,7896.41,2022-12-20,48,3.92,258
9971,11135,13226,2,92626.86,2022-12-24,48,6.18,530
9972,15574,6625,3,85289.4,2022-07-25,36,5.15,687
9973,1883,4840,3,58657.44,2024-05-16,36,4.92,929
9974,6201,39715,1,46739.58,2023-01-07,60,9.56,229
9975,11352,14666,2,92196.64,2022-12-06,12,3.67,1250
9976,10149,8450,2,33192.77,2021-02-19,24,3.71,596
9977,15413,4116,3,7023.5,2022-07-02,36,9.48,1827
9978,18520,38949,1,26864.9,2020-12-09,48,5.12,435
9979,14700,38907,1,35049.78,2022-12-24,36,8.59,882
9980,12876,20415,1,40707.54,2021-07-31,48,6.82,1021
9981,1274,9445,2,54751.59,2023-02-08,24,3.37,1782
9982,17633,26505,1,41206.57,2023-01-14,48,6.44,402
9983,4027,17133,2,16423.8,2023-07-02,60,8.74,622
9984,7572,19013,4,82282.3,2022-12-26,60,5.42,1790
9985,7070,25276,3,14420.87,2021-02-08,12,5.76,88
9986,27,14229,3,10488.47,2024-04-08,60,3.89,584
9987,10240,3715,3,22383.51,2023-12-25,60,4.76,1917
9988,12417,4032,3,58927.66,2022-12-31,36,4.55,1566
9989,19746,37151,3,81691.88,2024-04-25,12,6.55,1708
9990,11113,11611,3,31012.5,2024-04-01,60,3.1,309
9991,6343,36450,3,1246.18,2024-05-29,36,4.72,906
9992,11884,25727,3,91972.55,2024-01-16,36,6.47,343
9993,12157,2769,2,58564.96,2023-05-24,60,6.43,436
9994,3819,27845,4,1972.95,2020-11-01,48,8.2,177
9995,2281,26971,3,15614.75,2023-06-24,12,9.08,139
9996,4817,31997,1,8618.8,2020-08-07,12,8.48,194
9997,13749,34506,1,65264.3,2024-01-27,24,4.61,1210
9998,3512,39737,1,49841.7,2023-10-12,12,4.62,1242
9999,3980,909,3,13383.89,2022-01-31,36,7.78,1188
10000,19146,33318,1,69818.01,2022-10-06,48,6.3,1185
10001,9994,20295,2,35816.68,2020-09-24,24,4.6,943
10002,9465,2640,3,94188.24,2021-06-06,48,8.39,525
10003,13370,3722,4,13614.93,2021-05-13,36,8.91,1832
10004,17760,37909,1,63528.62,2021-01-17,48,8.69,1625
10005,11107,3777,1,27509.54,2024-04-17,36,5.44,1860
10006,2815,702,2,70252.04,2021-11-20,12,8.44,1066
10007,1961,2327,1,81751.76,2022-10-19,12,5.71,915
10008,19708,24239,2,7906.18,2021-02-12,24,3.07,210
10009,12077,6309,3,8461.84,2020-12-31,36,7.43,741
10010,18608,27516,4,91556.16,2020-07-05,36,6.24,862
10011,3965,8164,4,81698.42,2020-09-06,24,8.22,1299
10012,14338,23503,3,21070.38,2021-01-31,60,5.13,954
10013,3848,4873,4,44322.0,2020-07-03,48,3.08,1303
10014,3646,29904,2,54962.11,2022-05-29,60,4.27,1275
10015,19585,28239,3,28167.3,2020-12-19,60,3.58,1334
10016,19920,9336,3,55536.84,2020-07-18,60,9.98,1744
10017,3150,18296,3,17828.69,2021-01-11,48,7.68,833
10018,6652,12734,3,32545.51,2021-01-28,36,5.24,140
10019,11952,36455,4,56798.6,2023-06-19,60,3.34,792
10020,15605,34234,2,72416.56,2020-09-10,60,6.6,546
10021,14301,38600,2,14060.27,2022-02-23,24,8.44,1845
10022,6509,3843,2,52535.16,2023-06-02,24,6.19,1017
10023,9471,37132,3,97118.0,2022-09-11,24,8.04,1928
10024,14619,22993,2,28493.17,2023-01-08,60,3.27,1554
10025,4508,37814,2,43296.88,2023-12-02,12,9.97,57
10026,7212,1852,1,35056.93,2022-07-07,12,5.44,112
10027,18239,38007,3,56830.2,2024-05-13,12,3.66,5
10028,3202,4946,2,31141.66,2022-06-21,24,3.23,1434
10029,4322,13278,1,66667.0,2023-03-28,12,8.47,1438
10030,13777,30149,4,80318.1,2022-03-25,12,8.67,1206
10031,11075,4329,3,1366.29,2020-11-12,48,8.45,1037
10032,1407,34259,1,14250.49,2020-12-29,24,5.28,1363
10033,17180,33902,4,98354.26,2021-12-25,36,9.9,1821
10034,483,29092,3,73236.24,2023-08-09,60,4.08,1283
10035,12797,25811,2,56247.97,2021-01-04,48,3.31,90
10036,7225,14655,3,1446.34,2021-03-20,12,8.84,616
10037,3140,4727,1,30980.68,2021-11-02,36,8.27,891
10038,15357,21950,4,35551.94,2023-04-14,12,5.94,698
10039,2724,11709,2,86296.82,2022-07-18,60,4.36,1274
10040,2201,11746,2,16028.3,2024-01-18,48,6.58,1279
10041,6661,39283,1,9098.74,2023-03-28,36,7.75,1612
10042,6132,4101,4,2993.75,2024-04-24,36,8.62,898
10043,19179,26376,4,71037.75,2024-03-17,12,9.39,971
10044,8051,38558,2,14043.16,2023-11-25,36,3.85,1132
10045,14061,29662,4,19128.85,2023-05-21,36,7.18,668
10046,13194,23392,2,24292.15,2020-07-09,36,5.7,594
10047,3871,27946,1,80917.79,2023-04-09,24,3.51,589
10048,8125,10527,1,74701.46,2021-11-21,48,8.16,485
10049,12281,39858,1,99359.97,2023-07-29,48,3.16,982
10050,15994,19806,3,74411.25,2024-01-05,24,9.85,972
10051,14448,14,1,56176.3,2023-10-05,24,7.92,1282
10052,12388,35395,2,96212.42,2023-10-09,48,7.15,639
10053,8682,18758,2,37067.11,2022-07-02,24,7.82,997
10054,5799,3052,2,58676.67,2022-03-24,24,5.0,1927
10055,9321,10455,3,29079.3,2021-07-25,60,6.74,282
10056,3199,162,4,13718.41,2022-10-07,36,6.97,986
10057,5459,13691,1,71909.34,2024-06-03,24,3.05,1112
10058,15497,33649,1,26235.32,2021-06-24,24,5.5,1228
10059,15875,7239,4,94485.31,2023-03-04,12,3.11,16
10060,5545,37036,4,70272.45,2021-08-15,36,5.0,1175
10061,18109,25982,4,12940.12,2024-06-06,24,6.33,936
10062,7400,2127,4,96936.92,2022-05-13,60,6.49,254
10063,13181,8769,4,61526.39,2021-08-03,36,5.47,1212
10064,8345,27899,4,7557.47,2022-05-26,48,9.19,329
10065,19843,35745,4,66448.55,2021-05-17,36,7.2,544
10066,10184,6167,2,63964.65,2023-11-16,36,5.31,783
10067,1416,19302,1,56014.92,2021-09-06,12,4.52,997
10068,6033,2862,1,51247.17,2022-06-05,12,4.51,1421
10069,17710,3106,2,88969.52,2022-03-06,12,3.33,1541
10070,8486,13284,2,33376.35,2023-05-28,60,7.13,1483
10071,13960,2981,1,53082.7,2021-04-17,36,8.29,1354
10072,15889,7127,1,55174.02,2021-02-11,48,3.47,1844
10073,2979,7210,2,84718.41,2022-01-23,36,5.67,845
10074,1133,23601,1,8690.7,2023-06-11,60,4.92,1193
10075,19234,24544,1,83665.24,2021-08-01,12,5.39,1717
10076,11190,39353,1,81125.24,2020-10-23,60,6.85,366
10077,13154,1485,4,39009.78,2021-12-06,60,8.42,1202
10078,15356,10659,4,77764.43,2020-10-10,48,5.56,655
10079,12032,5021,2,46788.56,2022-06-13,12,7.76,1386
10080,11086,39271,1,31483.25,2023-01-18,12,3.25,760
10081,5831,5790,1,76880.18,2021-05-09,60,4.15,639
10082,117,39188,1,98746.71,2023-09-05,48,8.35,1799
10083,6228,15532,1,29791.17,2023-05-13,12,5.54,1064
10084,10696,35057,1,97309.25,2024-05-10,48,4.16,924
10085,17636,10551,2,51371.51,2021-12-19,12,7.92,416
10086,5961,31130,4,30598.61,2021-06-28,12,8.02,1379
10087,19580,27335,4,88101.85,2021-05-10,36,8.28,255
10088,419,20578,1,85413.56,2023-03-24,12,7.3,1167
10089,14683,14410,4,28301.69,2021-10-11,12,6.74,1776
10090,2467,37790,4,16208.55,2024-05-03,48,3.04,1764
10091,8225,7898,3,69131.43,2021-03-19,48,4.74,1877
10092,16981,31004,2,58607.07,2021-04-16,36,7.85,710
10093,9062,30999,2,78107.56,2023-02-12,36,6.38,577
10094,9969,7863,4,55163.28,2022-01-16,24,4.87,900
10095,8949,36607,4,11552.6,2022-09-06,12,5.19,11
10096,17956,109,3,20589.41,2022-01-04,36,6.09,1644
10097,3279,730,4,71941.54,2020-12-15,36,9.18,26
10098,9213,9553,3,10891.1,2023-03-13,48,3.01,957
10099,7230,18344,3,6178.82,2020-09-21,48,3.31,421
10100,2810,29079,1,77682.13,2023-07-03,48,3.0,1687
10101,14863,6380,4,75659.63,2020-10-20,48,3.83,1245
10102,13488,7031,1,4568.98,2023-04-07,60,5.95,1877
10103,13105,17987,2,64369.17,2023-08-15,12,6.25,496
10104,29,30439,3,17906.85,2021-12-14,36,7.67,1261
10105,2234,3253,3,73709.9,2024-02-17,60,7.07,237
10106,15950,32113,2,16517.85,2021-09-13,24,9.53,1009
10107,19893,38859,4,85316.19,2021-03-07,24,5.69,219
10108,3652,36295,4,15083.94,2020-12-06,12,9.39,1511
10109,16980,39528,3,75811.43,2021-04-09,48,9.29,1960
10110,16353,9710,2,12173.19,2020-09-29,36,3.39,461
10111,15985,4706,2,80638.2,2020-08-28,24,6.71,663
10112,14805,5299,2,46352.39,2023-06-02,24,4.54,635
10113,4077,14091,2,77651.87,2023-05-06,48,4.04,1168
10114,2024,20763,3,60784.54,2022-08-20,24,3.51,990
10115,6132,9891,2,11879.74,2021-03-19,48,9.65,189
10116,18708,21046,4,37489.24,2023-10-22,12,9.42,255
10117,1642,22477,2,76823.79,2020-08-03,60,6.37,68
10118,13035,30351,3,76349.58,2022-08-08,60,9.36,616
10119,5052,20684,3,18479.6,2020-08-16,60,6.16,336
10120,2929,35785,1,37200.96,2022-12-21,24,6.85,671
10121,18487,38396,3,6176.19,2022-08-26,24,3.09,821
10122,9568,1908,3,15521.43,2022-11-22,60,7.05,874
10123,9207,4903,2,33598.41,2022-02-24,60,4.38,1433
10124,18098,4714,3,47687.67,2020-08-08,48,7.03,300
10125,3986,16490,1,19323.3,2024-04-03,60,6.6,1932
10126,10802,7435,4,30090.18,2022-11-21,48,8.01,1626
10127,17980,23087,3,82556.69,2021-01-14,24,3.03,357
10128,12349,2016,1,88587.21,2022-02-10,36,9.1,256
10129,16591,14031,1,23185.28,2022-09-18,48,6.09,1008
10130,19512,39380,2,28010.02,2021-07-14,60,9.06,353
10131,11537,17740,3,72091.84,2020-08-31,12,9.07,1756
10132,8090,27828,1,99306.42,2022-12-26,36,8.99,1545
10133,14222,2584,3,26812.87,2023-11-24,24,8.78,524
10134,12521,39182,2,82789.11,2021-07-30,24,4.5,1861
10135,330,17094,3,67394.94,2022-04-17,60,4.64,950
10136,17775,11060,3,54584.82,2021-08-22,48,8.57,756
10137,17382,9034,3,7148.85,2021-12-22,48,6.45,1718
10138,10685,35878,2,19106.34,2021-10-17,12,9.61,284
10139,11825,31926,2,45354.12,2021-11-16,12,5.12,1336
10140,18973,31241,2,25405.07,2022-07-23,12,4.82,99
10141,19376,15409,3,8883.36,2021-05-05,48,3.58,197
10142,15091,23470,2,89471.29,2023-05-06,48,8.75,482
10143,15700,26647,4,36150.24,2023-05-22,24,4.51,878
10144,10803,39121,2,48158.01,2024-05-15,24,5.08,1250
10145,9557,19704,1,46082.29,2022-03-27,48,4.25,1869
10146,19350,17527,3,47362.92,2022-08-26,60,9.39,615
10147,13693,38435,2,61428.27,2020-07-26,48,3.25,618
10148,835,27469,4,69390.33,2021-12-26,36,9.67,1389
10149,16951,8623,4,72970.73,2023-05-06,36,4.12,368
10150,16779,4952,2,54950.61,2021-04-07,48,9.47,570
10151,9052,39694,4,28510.61,2024-05-31,24,3.01,590
10152,7723,1102,4,28733.15,2024-01-19,48,8.95,1099
10153,10807,32951,1,72283.84,2022-08-27,48,5.47,1066
10154,549,8193,1,21518.69,2023-08-30,12,5.48,422
10155,10048,23088,1,2540.79,2021-06-12,24,8.93,836
10156,7597,26938,2,35372.4,2023-01-29,60,3.8,1205
10157,10182,17990,1,57738.53,2023-11-07,36,6.38,545
10158,11468,19493,1,17195.94,2023-10-06,24,3.21,71
10159,9988,1091,4,37059.22,2020-10-31,12,3.35,1592
10160,2719,17214,2,97095.46,2021-02-17,48,4.59,1129
10161,9170,20342,4,31480.15,2022-01-06,48,3.68,1224
10162,16377,29565,1,45353.14,2023-02-02,48,3.0,1125
10163,167,28135,4,17762.6,2021-01-23,36,3.44,768
10164,7867,37113,2,19945.06,2022-08-22,24,4.75,307
10165,12986,26794,4,7754.13,2024-01-19,48,9.81,1610
10166,437,6176,1,9310.47,2024-01-31,60,5.01,1707
10167,8105,39667,1,50807.84,2021-05-15,60,3.4,377
10168,6561,22149,2,93362.96,2024-05-16,24,4.84,655
10169,11548,31194,1,34149.61,2023-01-14,24,4.47,678
10170,8061,19042,2,50438.81,2020-07-10,48,9.51,399
10171,17389,1279,3,98648.36,2021-08-08,12,4.67,1797
10172,19945,22437,2,82393.08,2022-12-19,36,9.47,221
10173,4209,39428,2,95586.75,2022-01-16,60,6.98,1619
10174,12207,9087,1,15991.89,2023-11-12,48,4.96,182
10175,3487,19292,1,67006.21,2022-05-25,60,7.41,307
10176,13145,15218,3,44718.37,2020-12-24,36,7.8,522
10177,19899,1328,3,39515.29,2022-03-14,12,6.52,1420
10178,14867,33666,3,93205.66,2023-12-22,36,7.42,1014
10179,196,15765,2,77883.52,2022-05-09,36,4.63,4
10180,19545,12780,3,55437.92,2023-09-02,24,3.49,863
10181,8145,1435,4,58630.21,2022-02-08,12,9.19,1938
10182,14908,480,2,20502.52,2022-08-08,24,7.59,848
10183,19605,5347,1,50043.93,2024-05-16,12,9.29,804
10184,582,29250,4,96906.14,2024-04-04,36,5.74,1305
10185,13950,24189,2,30360.75,2021-08-10,36,3.2,215
10186,18801,6505,1,47376.46,2022-01-25,60,8.78,972
10187,10186,11173,4,25672.87,2022-07-24,24,5.55,1634
10188,12792,8509,1,30355.63,2022-10-31,24,3.39,1444
10189,18520,1149,1,41877.92,2021-07-21,48,3.49,101
10190,13395,35739,4,85665.25,2022-04-13,12,9.77,963
10191,5407,5006,2,71748.15,2023-08-13,36,8.52,1545
10192,8595,734,2,97076.91,2024-03-04,36,5.93,573
10193,1786,28271,4,39381.51,2023-04-01,12,8.88,1333
10194,2170,18609,3,5924.5,2021-11-10,48,8.52,658
10195,10804,15401,3,15783.79,2020-11-17,48,6.84,939
10196,3733,19068,4,99997.51,2022-08-25,24,7.6,1955
10197,15721,11576,1,20274.46,2022-09-01,24,6.97,1534
10198,11051,24836,1,71975.68,2021-02-15,36,7.49,1087
10199,141,12467,4,44348.06,2023-11-01,48,5.63,1657
10200,7748,7873,4,80404.12,2022-05-20,12,5.55,226
10201,10481,18587,2,9915.36,2021-02-03,48,3.95,105
10202,12514,32774,1,95390.37,2020-10-23,12,6.36,1998
10203,3698,33022,3,8838.92,2021-03-01,60,6.98,772
10204,10639,27527,1,22074.45,2023-05-14,36,8.49,1885
10205,13956,21983,3,99686.03,2023-11-23,60,7.29,1449
10206,19411,18157,1,29236.5,2022-01-19,60,3.7,1279
10207,2770,12000,4,13922.74,2021-04-04,36,4.42,429
10208,6077,20707,1,65285.13,2020-10-19,12,6.86,434
10209,2535,21267,3,34991.7,2022-01-12,36,3.87,1231
10210,3090,28016,4,17278.39,2022-10-03,12,8.47,1052
10211,13687,20893,3,68978.15,2020-07-27,36,4.87,682
10212,15440,32193,3,1005.24,2024-06-17,48,4.75,1360
10213,15285,9936,3,77599.6,2023-12-06,12,4.37,588
10214,18388,37539,1,30984.68,2020-07-16,60,6.13,1652
10215,17176,17974,3,84459.26,2020-11-28,60,5.62,1093
10216,1729,14241,3,31448.61,2024-02-17,24,3.18,866
10217,9643,20490,4,78683.09,2022-12-09,12,7.08,746
10218,542,32209,1,97567.47,2022-02-07,12,5.28,1537
10219,4160,36287,1,83614.93,2023-04-23,12,4.23,1191
10220,6388,25028,3,9156.29,2021-07-23,24,9.02,864
10221,18031,9944,1,60461.94,2021-10-23,24,6.25,1754
10222,9322,19708,3,21263.75,2021-10-30,48,5.65,1809
10223,13246,1776,2,36625.11,2024-04-27,24,5.86,368
10224,582,34763,2,76831.89,2020-08-26,36,9.04,251
10225,1975,11342,3,16640.24,2023-02-26,12,5.39,859
10226,16431,10952,2,90192.61,2022-06-23,24,7.58,856
10227,11576,37586,2,21545.48,2021-09-08,24,4.23,1955
10228,2240,26743,2,96102.97,2022-07-22,24,9.56,1710
10229,119,5589,3,62546.75,2021-01-22,12,8.98,1194
10230,4368,15459,2,61906.28,2022-09-03,24,9.09,1782
10231,1101,21007,4,77799.45,2023-10-13,36,8.33,1959
10232,15194,793,3,14664.91,2020-11-01,36,8.17,1114
10233,7638,12918,3,50689.62,2021-12-18,12,9.75,561
10234,8127,1895,4,70763.68,2021-09-11,24,9.76,1470
10235,13106,17412,1,56041.57,2021-12-05,60,6.88,294
10236,5726,12480,3,46819.01,2020-09-30,24,7.99,919
10237,9325,14831,1,9737.18,2021-09-25,48,7.35,1174
10238,12982,27434,2,32418.83,2023-06-24,36,9.41,1156
10239,6775,6107,4,40498.13,2020-09-24,36,9.14,433
10240,11067,36877,3,93455.63,2021-10-03,48,8.99,59
10241,19954,21065,1,12937.08,2021-01-05,24,7.54,969
10242,14236,26957,3,50082.13,2020-07-20,36,8.68,836
10243,14889,23163,2,26888.01,2023-06-03,36,5.23,199
10244,19159,31927,4,84166.9,2023-02-03,24,3.21,215
10245,5233,1079,2,33930.64,2020-08-22,36,4.05,898
10246,14133,32313,4,24383.65,2022-06-02,24,8.46,1585
10247,11593,37260,4,52794.9,2023-01-15,36,3.79,472
10248,10200,19223,3,92679.55,2022-06-21,60,8.57,1768
10249,15776,34434,4,63420.15,2021-04-14,24,9.61,247
10250,8960,12589,4,12741.4,2022-08-16,36,4.41,382
10251,959,2306,4,91833.05,2021-07-09,12,9.49,991
10252,17814,36780,2,64343.4,2022-03-25,36,7.75,1263
10253,1265,35299,2,61027.36,2024-05-03,36,3.56,927
10254,41,28693,4,5175.02,2023-04-21,24,4.34,1391
10255,7637,15119,2,65808.35,2022-02-03,36,7.91,1192
10256,220,32633,3,38000.5,2023-05-24,60,3.64,560
10257,9951,19379,2,54493.35,2023-01-23,48,6.7,1075
10258,9724,39794,2,13262.33,2021-01-09,60,3.47,1835
10259,19823,6975,3,5674.15,2022-12-23,12,7.4,1634
10260,9900,24413,2,91248.22,2021-11-29,12,4.5,1975
10261,7194,19967,4,74003.64,2020-10-27,60,3.89,1752
10262,7779,33404,4,88266.04,2021-02-26,60,4.25,689
10263,7210,20990,1,49724.01,2022-04-23,12,3.72,380
10264,9748,29050,1,80169.81,2020-10-03,12,5.24,474
10265,6764,39468,2,7968.42,2023-03-22,36,3.08,1104
10266,14137,24476,2,65630.91,2023-12-11,36,8.13,697
10267,10795,19761,2,69120.56,2021-08-05,24,7.77,1391
10268,12123,20689,2,81914.5,2021-06-08,60,3.82,1485
10269,11362,15740,2,10899.79,2024-05-27,48,8.88,911
10270,6713,6454,1,5048.15,2022-03-28,12,8.63,1563
10271,10244,37014,2,4885.17,2024-04-13,48,4.06,1476
10272,4448,21633,2,64217.3,2023-10-18,60,9.57,1488
10273,6163,34145,1,62250.49,2020-10-05,60,3.41,960
10274,11392,20827,4,26287.11,2021-12-15,36,8.03,478
10275,10451,35283,3,96685.9,2024-05-21,60,3.38,1004
10276,10294,11547,4,93250.74,2022-08-09,36,3.5,926
10277,13717,18137,3,58629.98,2023-09-28,60,6.25,1444
10278,15857,26877,4,14731.55,2022-12-24,24,8.82,707
10279,2036,7154,3,86098.1,2024-03-11,24,3.76,1238
10280,19343,1430,4,67020.24,2020-12-02,48,3.55,1393
10281,12442,18973,4,84731.17,2023-10-20,12,9.94,854
10282,6440,17365,4,74088.29,2023-12-29,48,9.46,1138
10283,14316,17281,1,95233.18,2023-06-20,36,6.28,1017
10284,145,38482,4,87866.64,2022-10-19,24,5.07,754
10285,17718,6755,3,28313.85,2023-08-11,48,9.04,503
10286,19638,506,4,90147.49,2022-06-14,60,5.07,1660
10287,5661,13085,1,48716.97,2023-08-28,60,9.97,817
10288,16724,28612,2,89657.96,2023-10-25,60,8.04,588
10289,9846,2148,1,11229.43,2024-06-17,48,7.5,1335
10290,16238,37153,1,98983.7,2022-03-23,12,3.62,1493
10291,14173,32370,2,51975.86,2022-02-15,60,6.44,1848
10292,4660,331,1,48476.83,2022-06-25,12,4.83,708
10293,19464,34535,4,27133.63,2022-09-11,12,6.85,1887
10294,620,2096,1,98201.55,2023-12-23,24,8.82,1068
10295,19250,28583,3,16162.74,2023-07-03,60,7.51,1439
10296,603,4047,4,88074.4,2020-08-30,48,9.76,1722
10297,16520,30564,4,61872.86,2024-04-27,48,5.26,1879
10298,5518,12299,4,68315.24,2023-11-24,60,4.56,1270
10299,2599,26586,4,87778.44,2023-01-23,36,4.49,1973
10300,8748,5917,2,63821.95,2020-12-09,24,4.82,1108
10301,7614,36210,2,36335.14,2021-12-22,48,4.44,207
10302,14942,18406,1,57400.07,2021-02-07,60,4.57,151
10303,18993,1781,4,65620.05,2021-01-16,60,7.74,668
10304,13391,6359,3,23806.91,2022-03-25,36,4.22,528
10305,14555,34952,3,84769.0,2022-04-24,12,9.68,165
10306,4236,19571,2,85391.64,2023-06-23,24,4.52,917
10307,10519,20522,2,46764.5,2024-02-10,12,5.7,1999
10308,12317,14047,4,42786.14,2024-06-25,12,7.55,1169
10309,18165,28570,1,43269.64,2023-04-01,60,6.91,1010
10310,18378,30486,1,61680.58,2024-01-05,48,6.11,37
10311,14710,21552,1,27192.14,2023-10-25,36,3.85,333
10312,17306,33205,4,72932.93,2020-09-16,48,9.69,403
10313,13335,39698,3,76638.48,2023-09-06,48,6.17,414
10314,5463,19544,1,89728.45,2021-08-03,36,7.6,45
10315,6568,6362,3,7841.9,2024-02-14,24,4.11,1426
10316,12829,15671,1,92084.49,2022-11-21,48,5.62,206
10317,1115,10111,1,80664.07,2021-04-26,36,3.02,62
10318,550,2016,1,19847.03,2022-01-07,60,8.07,420
10319,12918,8652,3,50567.84,2023-10-24,36,8.06,868
10320,6415,7311,1,20846.06,2021-07-24,48,5.2,1492
10321,17700,18185,4,55014.22,2023-01-17,48,3.21,820
10322,2605,7212,1,97668.7,2022-10-21,48,8.18,19
10323,11454,1848,1,26893.98,2021-05-17,36,9.14,365
10324,12266,4741,2,22914.32,2023-09-13,60,8.57,1324
10325,2248,7495,2,79971.93,2022-06-06,60,4.8,1031
10326,5480,8755,2,62197.89,2022-12-31,48,7.47,1785
10327,10042,15308,3,18879.94,2023-11-24,12,4.07,428
10328,12617,18411,3,72423.0,2024-01-28,60,5.95,1141
10329,17610,10017,4,23171.17,2021-05-16,36,9.6,580
10330,2457,21977,2,27632.38,2021-11-03,48,9.28,1531
10331,16390,11623,3,43931.03,2022-10-19,36,5.85,546
10332,1695,26150,1,32380.25,2021-02-24,48,6.43,1730
10333,8871,6542,2,13888.96,2022-01-16,48,4.92,325
10334,2224,33973,2,7141.43,2021-09-23,60,9.78,55
10335,17684,37131,3,45775.58,2022-11-10,36,7.23,778
10336,7183,7024,3,57005.74,2023-10-04,36,8.99,992
10337,17760,19104,2,77954.78,2021-12-30,36,4.47,42
10338,15220,18049,3,79329.65,2022-08-01,24,9.37,1321
10339,9273,22980,1,99767.15,2021-08-20,36,6.09,1997
10340,15264,34229,2,35884.39,2023-10-13,24,4.39,231
10341,4022,36858,1,55298.44,2024-05-08,12,3.45,453
10342,10664,31934,2,38580.73,2022-07-29,12,9.72,1914
10343,14474,35109,1,18814.47,2024-05-31,36,5.29,394
10344,9355,25086,4,44626.39,2022-03-22,12,9.63,1546
10345,6532,22856,4,5364.94,2023-08-15,48,4.44,1382
10346,1269,11564,3,75842.78,2022-12-04,60,6.3,1468
10347,6304,26735,4,82192.39,2022-04-24,36,9.01,1152
10348,4388,4065,3,90608.85,2020-08-17,24,4.01,691
10349,2899,39659,2,72080.61,2020-11-03,48,7.72,1429
10350,10461,25777,3,19148.88,2022-05-10,36,8.83,392
10351,9924,29689,2,86377.42,2024-01-02,60,9.62,1217
10352,845,25777,3,90164.7,2022-03-31,60,7.61,604
10353,3781,8427,1,34435.33,2020-11-16,12,4.1,881
10354,2729,25569,1,97869.27,2022-08-27,48,6.3,1767
10355,6693,36171,4,12683.07,2024-05-20,24,8.17,1102
10356,13519,6740,3,5959.13,2022-02-21,12,9.52,85
10357,15538,27546,3,39663.32,2022-09-08,24,5.15,1054
10358,19285,6394,2,71311.39,2024-06-07,36,9.66,1749
10359,13856,7232,4,59788.02,2021-04-03,24,6.45,49
10360,12712,36000,2,19584.49,2021-08-01,36,7.64,1801
10361,660,22916,3,35986.02,2023-05-02,60,5.49,1169
10362,12010,33483,2,22251.81,2023-08-05,48,3.59,69
10363,2306,6055,2,59611.28,2023-03-05,36,7.51,1082
10364,6396,13743,4,99545.78,2023-06-24,60,4.13,697
10365,13547,29636,3,3374.47,2023-09-01,36,3.56,1598
10366,16233,22253,2,70065.54,2021-04-05,48,4.5,479
10367,4259,22750,1,47358.37,2024-04-10,24,8.32,820
10368,7251,628,1,17655.65,2021-07-02,12,4.66,1469
10369,8880,16782,3,32805.35,2023-03-05,12,4.38,1320
10370,3034,24249,4,76569.08,2020-07-03,24,7.31,1702
10371,4365,31098,1,9044.96,2022-07-16,12,5.85,1195
10372,14753,6564,2,8812.17,2023-12-24,36,8.15,1599
10373,15216,24918,1,21562.27,2021-05-29,24,7.18,147
10374,18791,26055,2,57018.86,2021-08-14,60,8.8,1508
10375,13155,17220,3,4338.27,2021-12-28,12,9.56,1330
10376,5458,24861,3,76965.63,2023-02-20,60,3.85,1697
10377,2909,29038,2,20068.56,2023-12-25,36,9.98,1677
10378,13215,9480,4,57762.51,2023-09-29,60,8.09,1870
10379,11151,34944,2,96586.04,2023-04-25,24,4.09,1016
10380,11271,18327,2,26383.29,2022-11-14,24,8.07,609
10381,17765,12726,4,78476.88,2023-05-22,36,6.29,446
10382,13901,22494,4,38897.08,2021-08-27,60,3.05,221
10383,3955,35651,4,69168.44,2022-11-30,24,8.82,1579
10384,9249,27676,4,61463.84,2022-10-15,48,9.86,1969
10385,4690,12981,3,69380.97,2021-10-18,36,5.09,1828
10386,15192,14952,1,39235.81,2022-01-09,48,9.47,1402
10387,293,28697,3,68213.43,2023-01-09,48,8.87,1644
10388,8865,14127,1,40495.72,2023-11-21,36,6.41,1290
10389,17251,604,1,16083.33,2024-01-27,24,7.68,95
10390,10136,17114,2,99048.24,2022-01-15,24,8.12,262
10391,1143,36199,2,18889.99,2022-11-27,48,6.99,1849
10392,2613,36871,1,3112.69,2024-01-26,24,9.79,897
10393,12163,7502,3,24262.11,2022-01-03,12,5.36,1095
10394,11446,39812,3,27049.82,2021-05-10,60,7.71,1978
10395,11384,15409,1,8740.6,2023-08-25,60,5.93,219
10396,18323,3945,4,26612.31,2024-01-13,36,5.48,1557
10397,11077,16906,1,42456.91,2020-12-12,12,9.3,92
10398,18319,4386,2,91770.38,2021-10-06,12,8.56,127
10399,19009,33404,3,20603.41,2022-01-25,36,8.58,80
10400,6345,34487,4,40969.65,2023-07-26,48,5.36,1848
10401,16183,9302,3,38494.78,2021-01-26,12,5.84,1262
10402,524,25112,3,62848.39,2022-07-31,36,6.11,983
10403,13429,6189,1,2030.13,2022-01-02,48,7.71,1396
10404,371,22664,2,82833.43,2022-04-23,60,5.52,916
10405,3991,34146,2,99825.31,2022-10-10,12,9.02,486
10406,12662,35145,4,95502.78,2022-10-18,48,8.58,694
10407,11021,33376,3,82473.77,2021-07-23,12,8.85,25
10408,13586,9551,4,57647.29,2024-03-26,36,7.14,156
10409,17754,16003,3,75460.33,2021-09-14,24,6.35,1541
10410,1000,13607,4,73431.45,2023-06-08,48,7.86,632
10411,16461,30773,1,79685.41,2022-09-21,12,7.61,1813
10412,2704,28719,4,15442.07,2020-11-10,24,9.44,1554
10413,12047,24675,3,85578.14,2021-11-21,24,7.47,1967
10414,9430,28106,1,99483.54,2023-12-10,36,4.28,1734
10415,672,28597,4,20513.95,2023-05-07,36,5.12,1081
10416,19922,6621,1,13748.74,2022-11-03,36,9.71,1629
10417,14583,4071,3,85336.43,2021-01-13,48,8.47,19
10418,11537,29552,1,32038.18,2022-11-29,60,6.59,1408
10419,10457,773,2,89009.12,2022-08-29,12,8.73,1889
10420,10474,10403,3,83170.7,2021-05-14,60,3.4,1217
10421,8007,8402,2,18861.33,2022-07-17,48,8.18,237
10422,3901,21188,3,6640.5,2021-07-02,48,6.97,1411
10423,4622,19592,4,15449.53,2023-09-08,48,4.25,1450
10424,3066,32630,4,1967.34,2021-05-14,36,3.77,277
10425,101,4883,3,50333.42,2023-02-20,60,6.3,1251
10426,10363,12653,3,69730.41,2020-08-02,60,7.03,745
10427,9149,39845,3,35273.36,2022-02-08,36,9.9,552
10428,7957,16337,1,24390.64,2023-10-17,12,5.52,1347
10429,3647,17179,1,8486.67,2021-06-13,24,3.35,1177
10430,14588,8796,3,37728.49,2024-04-06,12,8.04,639
10431,1896,29966,1,83694.0,2021-07-28,12,4.58,237
10432,90,38153,4,61915.97,2022-12-04,48,3.34,998
10433,17033,13158,3,44876.18,2022-10-02,60,4.31,55
10434,9109,4373,4,63989.48,2022-10-04,36,4.38,1460
10435,6116,8125,1,2141.46,2022-12-31,24,3.82,684
10436,12831,27045,1,80915.34,2022-08-18,60,6.24,109
10437,2835,27171,3,39136.22,2020-07-05,48,3.51,1890
10438,8916,33039,3,23758.44,2021-05-29,36,8.8,1208
10439,1487,22347,4,23658.36,2020-12-26,48,5.1,1975
10440,7991,28496,2,39492.12,2021-08-12,48,4.38,1392
10441,9956,2624,4,79603.38,2024-01-30,24,3.68,1222
10442,3570,14037,2,40846.48,2020-12-29,24,5.1,1395
10443,2011,39726,4,80157.03,2022-05-26,48,6.45,373
10444,12990,11303,1,35494.89,2023-09-07,60,4.31,973
10445,7669,36981,4,75553.34,2023-04-07,60,4.84,1521
10446,7700,28551,1,72990.38,2023-12-04,12,4.33,1623
10447,17438,37084,1,69927.79,2021-12-18,48,4.31,201
10448,13206,26156,1,90543.79,2021-03-30,60,8.8,849
10449,19418,3439,2,41706.59,2023-11-23,12,8.41,509
10450,14709,31067,2,75106.85,2021-02-03,24,8.46,1346
10451,3365,5963,1,91091.67,2024-05-16,24,4.56,275
10452,17352,24832,3,53200.89,2022-04-12,24,5.81,211
10453,9637,66,1,84232.26,2023-09-23,60,6.47,504
10454,13390,19575,2,40069.18,2022-03-06,36,8.83,1927
10455,13207,7539,3,46260.0,2023-08-03,36,6.82,1142
10456,12952,9301,4,89018.75,2023-11-13,24,5.41,703
10457,17695,237,4,6451.52,2023-08-17,36,6.55,1578
10458,10053,29894,3,52048.58,2023-02-14,48,8.71,42
10459,16765,24376,3,68937.02,2021-09-05,36,8.76,315
10460,14472,37441,1,19590.01,2021-12-27,48,7.68,788
10461,13058,1716,4,22137.31,2023-10-19,24,3.04,329
10462,9712,38769,1,69021.53,2022-07-26,24,8.29,1041
10463,1391,1581,3,63774.82,2020-11-30,48,9.4,283
10464,2000,20507,1,93798.93,2023-10-09,24,7.56,943
10465,10300,16613,4,11198.19,2022-01-26,48,8.51,258
10466,15951,23459,2,84001.67,2023-06-10,24,7.78,575
10467,8667,28948,3,97653.94,2023-02-20,12,4.74,574
10468,13458,1809,3,19209.36,2021-09-04,24,5.12,612
10469,9863,32049,1,87612.11,2021-10-16,24,7.91,1043
10470,8231,10598,3,20988.95,2021-01-10,60,9.73,1553
10471,6405,25797,1,17919.69,2024-03-30,36,6.14,837
10472,6046,5485,2,58639.11,2022-04-22,12,4.51,423
10473,6034,29070,2,45970.16,2022-12-30,36,9.82,1490
10474,1449,16854,1,8702.25,2022-05-03,60,5.87,1397
10475,6490,22416,1,16123.83,2022-01-21,24,5.89,758
10476,2310,174,1,17488.46,2024-01-12,24,5.17,763
10477,8796,15334,4,16605.82,2024-01-26,36,4.44,1991
10478,1257,18596,3,76356.01,2022-05-21,12,3.87,1105
10479,5696,21504,4,22048.17,2021-07-27,60,8.94,1575
10480,1129,29215,1,66888.28,2021-08-24,12,9.19,1572
10481,11251,14567,3,75795.92,2024-03-29,60,6.81,424
10482,16755,10751,3,68505.71,2020-12-14,36,4.13,429
10483,13048,3341,1,55134.0,2023-06-21,12,7.34,1412
10484,14,1893,3,49030.89,2021-12-24,48,9.38,1945
10485,3329,2368,3,23783.39,2021-11-01,12,7.33,1733
10486,16882,1785,1,4090.41,2023-01-31,12,3.69,1694
10487,1792,38660,3,82369.01,2023-06-17,60,3.37,204
10488,8068,25878,3,47329.17,2024-06-03,48,8.09,196
10489,18438,18278,2,87742.48,2023-03-10,12,7.47,728
10490,3170,12109,2,65682.55,2023-12-11,12,4.2,285
10491,2883,34137,1,27877.17,2023-12-10,48,5.26,1993
10492,2922,21945,3,58544.77,2021-11-25,12,7.65,196
10493,16960,9987,4,68891.24,2023-08-02,60,9.94,307
10494,1241,26273,1,96852.31,2022-12-31,24,4.27,1688
10495,1668,39079,1,83330.09,2021-06-17,36,6.19,14
10496,4552,36622,4,78157.11,2022-12-28,12,7.44,1861
10497,15368,33173,2,37571.33,2021-06-19,12,5.27,1170
10498,10921,17412,2,50086.57,2022-12-08,12,9.16,1962
10499,14307,37837,3,84152.17,2023-03-11,12,7.74,1081
10500,14315,16301,3,42672.57,2021-05-24,12,9.15,723
10501,18774,36927,4,21093.86,2021-01-21,36,3.66,780
10502,16406,5810,4,67753.54,2023-05-03,36,4.5,1234
10503,7543,39156,2,46791.27,2022-11-18,60,7.29,529
10504,11036,31447,3,67552.73,2022-11-22,60,3.18,798
10505,4979,28865,3,22112.93,2022-08-18,60,7.99,344
10506,4703,31818,1,51839.47,2023-02-21,12,3.01,1739
10507,1186,38880,1,57160.92,2022-07-23,12,5.43,1635
10508,4570,28650,1,71613.42,2024-03-12,24,5.0,1303
10509,2051,20693,2,22957.87,2022-08-26,48,6.3,209
10510,18783,38999,3,11876.14,2021-08-18,60,7.7,641
10511,204,8660,3,8098.0,2021-03-29,12,5.35,1359
10512,14034,26592,1,95850.59,2021-07-10,36,6.85,1312
10513,8247,39136,3,14223.18,2022-08-30,12,5.47,252
10514,11491,26943,4,66320.94,2021-01-15,60,4.0,1289
10515,9985,25553,3,4220.76,2023-08-14,36,7.7,271
10516,14502,28341,2,54083.15,2022-04-02,36,5.34,1948
10517,17683,9649,2,11013.22,2022-05-22,48,6.45,920
10518,4141,13681,3,63390.33,2022-08-01,48,4.14,1724
10519,12831,11491,4,12366.87,2020-07-28,36,4.48,419
10520,10550,31322,4,19770.92,2022-11-02,48,3.87,1750
10521,1173,19084,1,65175.54,2022-04-18,12,5.75,795
10522,4873,24177,2,95470.51,2023-12-31,60,8.49,1235
10523,1899,37131,1,31773.23,2023-07-15,36,4.02,1389
10524,18191,988,4,22204.32,2020-10-04,48,5.66,1100
10525,8522,5133,3,14796.01,2021-03-04,60,6.55,1684
10526,19948,18937,1,21707.02,2022-07-31,36,4.87,1345
10527,18817,5642,2,55846.55,2023-05-16,60,6.95,725
10528,17195,16462,3,27493.02,2022-07-28,24,3.56,433
10529,2154,10186,2,89752.21,2021-01-09,60,6.38,109
10530,9939,38242,3,27717.04,2022-10-18,48,9.28,641
10531,3186,35986,3,42204.15,2024-02-24,36,3.54,1546
10532,14592,30234,4,35475.88,2023-07-30,60,8.6,1071
10533,3788,26872,3,23375.2,2024-01-21,48,4.15,379
10534,16804,35741,3,59642.32,2023-04-16,12,9.88,1851
10535,14514,28826,3,31160.54,2021-01-03,60,3.25,1120
10536,7480,35630,3,81043.02,2020-09-03,48,7.54,958
10537,12488,14787,3,81736.29,2021-04-03,36,8.57,103
10538,325,28802,3,27110.02,2020-09-22,24,4.56,892
10539,6898,15109,4,4769.04,2022-12-31,48,4.87,854
10540,12409,16217,1,48250.72,2022-09-15,60,3.67,1170
10541,14889,10741,4,29070.69,2022-06-07,36,4.34,1904
10542,3143,37224,3,87012.25,2020-11-10,48,4.81,1966
10543,8041,2381,2,99965.03,2022-09-30,48,4.7,1952
10544,6174,6081,1,99207.05,2023-05-07,24,9.92,1051
10545,16390,35381,3,47061.71,2023-12-08,60,8.09,1756
10546,446,7552,4,80642.72,2023-09-06,24,8.32,530
10547,11796,7405,4,52821.44,2022-03-18,24,9.26,679
10548,14558,9477,4,66554.04,2023-11-23,60,3.27,1969
10549,5770,34432,1,29411.23,2022-03-16,12,7.92,989
10550,4742,37784,2,84460.94,2021-08-22,36,8.06,1106
10551,9541,28641,1,1467.89,2021-02-08,24,9.85,428
10552,15540,34336,4,97318.31,2023-06-01,60,5.96,1608
10553,6692,14668,1,30943.77,2021-03-22,60,9.01,822
10554,12816,22195,3,3404.91,2021-04-30,36,6.33,1503
10555,16319,1250,2,67169.49,2022-08-12,12,5.65,1790
10556,11141,10079,2,37212.36,2022-10-09,24,4.99,1186
10557,6441,4082,4,65399.58,2024-01-31,48,6.21,1863
10558,14385,13167,3,70340.11,2023-07-06,60,8.03,932
10559,19376,8209,2,83413.38,2022-06-25,36,6.64,1426
10560,16412,35090,1,11450.44,2023-07-06,12,4.11,1532
10561,2555,34322,2,60853.41,2021-07-05,24,3.63,1062
10562,10502,2664,3,43355.71,2023-08-24,48,8.34,1979
10563,18347,35463,3,13699.37,2020-10-13,60,4.44,511
10564,3034,9488,1,53531.3,2020-11-22,36,6.12,393
10565,16942,33524,3,38215.42,2022-07-08,48,6.76,713
10566,5310,34704,3,86871.37,2022-06-08,36,6.65,494
10567,4699,851,3,45634.84,2022-04-17,12,8.0,1224
10568,10722,8456,1,84769.65,2021-01-23,60,5.0,1279
10569,5979,26511,3,29654.9,2024-02-12,12,6.24,1203
10570,13087,20084,1,69570.62,2022-05-14,60,4.13,547
10571,10816,24029,3,38799.04,2024-03-31,36,8.11,594
10572,13174,12889,2,35649.56,2023-01-24,24,7.95,389
10573,4316,26437,3,59273.93,2021-08-26,12,6.56,1422
10574,5229,22469,1,87590.89,2022-04-12,48,7.37,1756
10575,6391,7526,4,2617.82,2021-01-29,24,6.74,158
10576,17794,21796,1,56130.33,2021-06-18,36,9.7,1028
10577,8775,12824,2,76012.78,2023-05-22,48,5.55,167
10578,12404,15568,1,12658.77,2020-07-22,24,6.76,1492
10579,16512,16177,4,18784.87,2021-03-05,36,4.97,960
10580,13815,19735,2,8233.6,2023-11-23,12,4.48,409
10581,18606,124,3,62206.5,2021-02-22,60,4.1,1436
10582,2976,12246,1,63411.65,2023-09-05,36,7.77,1228
10583,14235,26285,1,27866.95,2024-04-22,48,8.3,194
10584,276,31765,2,35143.54,2021-11-13,24,4.65,235
10585,17543,25384,1,39981.96,2023-01-25,12,3.66,718
10586,1131,4882,3,67281.68,2021-10-30,12,9.89,1174
10587,17566,8157,1,42362.48,2023-07-09,12,6.14,1183
10588,18534,3748,4,6430.69,2023-03-08,48,8.67,1303
10589,6959,39097,2,11706.35,2023-07-21,60,4.58,816
10590,1914,32818,3,62900.78,2020-08-18,60,8.04,404
10591,12231,37258,4,10862.76,2021-11-27,12,9.84,893
10592,8961,2018,3,36554.58,2022-08-01,24,5.51,678
10593,9315,11966,1,37022.76,2022-12-12,12,7.48,1335
10594,1446,15041,2,90315.37,2021-07-09,48,8.97,68
10595,1604,9817,4,77379.46,2021-08-24,24,6.09,1487
10596,14655,18296,1,12319.84,2024-02-19,48,8.87,88
10597,2125,31068,3,95350.4,2021-07-14,36,3.08,217
10598,15934,25336,4,19291.72,2020-11-09,36,5.24,1
10599,16786,17031,2,41330.28,2021-04-25,36,7.47,1159
10600,8123,5223,4,99943.22,2021-05-01,36,8.89,1721
10601,11628,14499,3,87536.77,2021-08-16,60,7.67,1375
10602,4610,5242,1,39132.31,2021-02-01,12,4.64,140
10603,17549,18156,4,58651.46,2022-03-31,12,7.58,618
10604,12477,6088,2,99169.76,2021-06-22,48,9.39,133
10605,19701,27252,2,86952.55,2020-11-19,60,5.49,1644
10606,7740,33430,2,79215.41,2021-12-02,12,8.77,178
10607,4524,28993,3,36524.41,2022-05-31,12,6.57,810
10608,7905,38968,2,52220.52,2023-04-20,48,8.4,1382
10609,6898,13608,2,29785.27,2021-06-08,60,3.29,380
10610,14393,943,3,34672.97,2020-07-16,24,8.91,908
10611,15565,18579,4,20922.61,2020-10-08,48,8.12,1895
10612,10255,26950,4,31605.06,2024-01-04,60,9.57,658
10613,14923,29726,1,42334.69,2023-10-26,60,7.28,450
10614,7767,10805,1,83166.54,2022-12-10,48,8.03,586
10615,2512,11761,4,2523.35,2023-09-26,24,3.25,463
10616,12196,32813,4,9772.51,2020-11-18,48,9.39,990
10617,11506,38368,1,33049.05,2024-06-30,36,6.61,1132
10618,12686,622,2,9619.85,2024-02-15,48,6.04,122
10619,16066,1982,4,32417.93,2020-08-01,24,9.73,17
10620,10829,22310,1,15322.45,2023-11-08,48,5.95,1220
10621,6483,7224,1,38675.19,2023-04-18,12,9.77,327
10622,19597,37754,1,40095.43,2023-04-23,36,9.55,318
10623,15007,26213,4,31950.07,2023-04-09,24,9.13,809
10624,14623,2097,1,73461.39,2022-11-03,12,5.52,1503
10625,12440,1495,1,43010.96,2022-07-14,24,7.91,1276
10626,18324,8384,2,56622.93,2022-12-25,48,8.51,503
10627,11946,28641,4,70228.32,2022-12-15,24,3.42,119
10628,16666,20739,2,18713.47,2022-01-26,24,4.69,1698
10629,16974,4520,3,39386.93,2020-09-15,24,5.59,710
10630,10286,39513,2,66403.5,2023-03-29,48,3.18,1522
10631,2907,13931,2,65413.09,2023-06-30,60,8.55,1510
10632,4046,22080,1,11265.83,2024-02-12,12,8.45,45
10633,18167,26044,4,8832.73,2022-06-10,36,4.99,314
10634,19990,14224,3,81730.24,2021-10-30,24,9.65,1203
10635,10767,4847,1,31005.33,2020-10-01,60,6.0,1918
10636,229,18450,3,47706.53,2024-01-27,24,6.93,418
10637,17676,36974,3,97486.77,2021-02-14,60,5.27,556
10638,14188,19582,2,47888.59,2021-09-24,48,8.86,1807
10639,8041,11261,2,32253.68,2023-10-30,12,8.15,1102
10640,5988,321,4,76844.55,2021-03-14,60,9.61,326
10641,16588,34182,3,61593.28,2021-04-03,24,7.43,1714
10642,3017,29773,4,42382.55,2020-07-12,60,7.9,1381
10643,3447,39455,3,32924.91,2024-05-20,12,7.07,1440
10644,8270,17505,1,16306.81,2021-03-18,12,4.94,1987
10645,2837,11582,3,70818.6,2024-01-11,60,5.53,515
10646,4222,8405,2,86111.42,2020-09-20,12,8.36,214
10647,14524,1102,1,4199.53,2023-03-26,24,3.59,1878
10648,8270,24498,2,79396.8,2020-12-19,24,3.81,74
10649,9011,27722,1,52690.64,2023-05-10,60,7.43,1587
10650,9034,31724,2,21538.82,2020-08-13,48,3.62,1603
10651,15072,30548,3,65940.63,2022-04-22,36,9.96,509
10652,293,15689,2,3208.72,2021-11-28,12,4.89,332
10653,14435,35914,3,97878.06,2023-11-12,48,9.56,1117
10654,4783,22615,3,30299.4,2022-11-09,24,5.01,688
10655,10847,1834,3,7849.96,2024-06-26,24,3.93,657
10656,17599,34780,2,48742.63,2023-06-11,48,4.46,1543
10657,8692,34694,1,64253.99,2020-09-04,48,6.3,1293
10658,19356,32253,1,29141.24,2023-05-20,48,5.42,1400
10659,6615,38629,1,37709.21,2020-12-02,60,3.29,1858
10660,12340,28739,2,41674.34,2023-08-27,60,8.63,1028
10661,16918,19756,4,40654.56,2023-12-22,60,9.28,1162
10662,5831,33854,4,12030.42,2023-12-02,48,6.87,1255
10663,12888,15400,2,4847.54,2021-08-13,12,5.42,600
10664,16298,23385,1,85957.08,2021-08-23,48,8.23,1553
10665,182,39520,1,25312.06,2023-05-11,24,3.29,1076
10666,2714,22968,1,36010.74,2020-12-03,12,8.15,1670
10667,7816,21907,1,39275.75,2024-01-12,36,3.55,1747
10668,11908,15962,2,34233.06,2020-12-12,60,5.92,325
10669,19341,28005,1,88533.36,2021-06-11,12,3.03,992
10670,1533,27468,3,34850.09,2024-03-21,48,9.76,1994
10671,3446,17065,4,1856.54,2023-03-03,36,8.22,1929
10672,16109,8633,3,93445.13,2021-05-25,24,5.46,1755
10673,10468,20606,2,37676.62,2020-10-21,24,7.26,717
10674,13608,3999,2,65431.6,2020-11-20,48,8.53,723
10675,1944,35421,3,99192.64,2022-02-13,48,3.17,277
10676,3921,22174,4,96111.15,2021-10-17,24,7.14,536
10677,19393,11784,2,85986.53,2022-11-12,48,6.93,1510
10678,10547,23143,3,65841.71,2021-05-22,36,9.32,1540
10679,17228,30170,4,32425.97,2020-07-12,12,6.22,152
10680,15518,1357,4,29063.57,2024-01-07,36,4.02,955
10681,17987,30368,2,68576.75,2023-07-21,48,5.21,1507
10682,13698,6509,4,1229.86,2020-07-13,36,7.92,259
10683,4835,18738,1,74508.3,2022-05-21,12,4.75,324
10684,3261,3685,2,13305.29,2021-01-14,36,4.96,1017
10685,4808,6920,1,57588.14,2021-01-09,12,5.01,869
10686,11657,9107,1,76340.28,2024-03-17,48,7.03,1192
10687,5406,4617,3,7263.84,2021-06-09,48,6.11,688
10688,6861,5990,4,48009.09,2021-10-11,48,7.21,310
10689,15036,29672,4,26979.37,2022-01-11,48,3.87,803
10690,11563,11923,3,17681.4,2020-10-01,24,4.57,1503
10691,4362,34560,2,1540.83,2022-07-15,12,6.37,1080
10692,10699,18032,2,77354.48,2024-03-08,12,7.21,620
10693,6490,33277,4,12631.85,2021-05-26,60,6.52,473
10694,4605,33408,1,35331.72,2021-11-27,36,6.19,1320
10695,8535,29198,2,1643.39,2022-09-29,48,9.12,461
10696,8689,37371,4,29604.94,2021-09-23,12,7.53,1348
10697,18428,1494,3,43012.39,2021-06-08,60,7.7,814
10698,6423,879,3,19035.71,2022-07-15,12,6.7,846
10699,5018,32217,4,39305.69,2022-08-12,36,9.83,1165
10700,14196,26370,2,32123.61,2023-07-26,24,9.5,667
10701,983,27327,1,60971.87,2022-03-17,60,4.49,262
10702,16725,19119,4,16893.47,2023-02-15,48,8.26,1809
10703,10373,19263,1,13460.9,2022-10-02,60,4.97,1444
10704,5018,17910,2,67986.26,2022-07-17,48,8.04,1768
10705,2745,32710,3,16897.13,2021-07-22,24,5.82,1265
10706,17576,10149,3,1507.54,2022-05-22,48,7.06,355
10707,12683,3965,1,40891.65,2020-07-26,12,3.26,1873
10708,8265,19787,1,27539.58,2022-08-26,36,8.31,770
10709,5377,29362,1,3105.71,2023-06-18,24,6.41,1785
10710,19137,24620,2,2059.4,2024-03-27,24,6.72,1613
10711,18467,29910,2,81123.84,2024-04-06,24,8.42,180
10712,18573,27102,1,16480.73,2022-10-03,60,4.18,66
10713,14380,25551,1,48216.57,2020-10-08,24,3.59,820
10714,15822,19312,1,60722.12,2024-04-09,60,6.58,1372
10715,9947,36082,4,99446.99,2023-10-10,24,4.43,171
10716,6659,39818,4,55180.85,2022-07-19,12,4.62,474
10717,8903,5493,1,62816.82,2023-09-21,48,4.39,534
10718,5090,2058,1,23654.43,2022-03-24,36,3.14,1391
10719,10463,30236,1,23932.25,2021-08-17,24,8.11,1131
10720,16177,13524,3,1829.16,2022-05-19,12,9.32,439
10721,15113,20069,2,59776.57,2021-05-26,48,6.56,835
10722,4028,34749,1,69058.42,2022-12-21,48,7.22,227
10723,19908,18881,4,96044.42,2020-11-03,48,3.95,1468
10724,12858,26854,1,44561.96,2023-10-01,48,4.93,442
10725,15589,35279,2,57690.64,2022-07-19,60,3.8,396
10726,12895,23477,3,5469.12,2023-06-03,12,9.7,728
10727,1806,27158,4,35172.12,2022-09-25,24,4.44,1605
10728,16033,25131,4,16753.41,2024-06-11,48,7.19,84
10729,17791,3370,3,45318.83,2023-05-18,24,4.57,1639
10730,17574,13481,2,57766.44,2020-09-14,36,4.63,1575
10731,12443,17681,4,86613.04,2020-09-11,36,9.56,1037
10732,17893,1229,1,30834.31,2020-09-09,36,5.86,1833
10733,17117,13947,2,15735.84,2022-01-31,12,3.89,1849
10734,1760,26978,4,9548.47,2021-10-02,36,5.91,693
10735,3627,16669,1,1940.45,2020-09-25,60,5.76,493
10736,1881,32432,3,17359.82,2022-04-10,60,3.99,1292
10737,12079,13275,4,72121.07,2023-12-14,48,5.78,1549
10738,7874,24571,1,18416.54,2022-11-06,24,8.36,1144
10739,7669,18456,3,8694.81,2023-08-12,48,9.17,970
10740,12870,24743,4,3940.45,2021-05-23,36,3.6,353
10741,16363,3631,3,27004.86,2021-03-24,48,9.65,1081
10742,3951,6611,2,16573.8,2023-07-16,12,3.76,40
10743,6778,4481,4,82675.35,2024-05-23,60,8.44,1910
10744,7170,12316,2,15305.45,2024-01-11,36,9.95,1360
10745,346,36828,2,32338.01,2022-01-26,36,4.27,640
10746,16662,25658,1,27273.42,2022-10-10,60,4.35,173
10747,4664,37095,1,5600.91,2022-05-11,60,5.44,1571
10748,18542,3647,2,66004.0,2021-10-15,24,4.48,259
10749,15736,27560,2,20578.34,2022-12-07,12,6.29,1912
10750,13813,2919,2,78106.3,2022-05-28,36,9.56,517
10751,9428,37336,1,4319.13,2023-08-13,48,7.71,730
10752,13038,5164,4,12427.67,2023-11-19,24,8.28,523
10753,2534,37428,4,66207.12,2023-07-09,36,4.9,1918
10754,1639,28600,4,86385.22,2022-04-27,12,3.14,839
10755,5855,11836,3,50729.03,2022-11-11,12,8.94,117
10756,15749,36300,2,73158.34,2023-04-11,48,7.01,184
10757,15033,10453,2,95397.86,2021-09-03,12,5.91,1930
10758,2526,11722,4,69556.07,2021-10-30,60,5.72,1898
10759,14826,31891,3,13297.01,2021-01-10,60,8.73,1140
10760,19395,30519,3,64391.77,2023-11-25,12,6.19,162
10761,12814,10773,3,39374.55,2020-08-25,60,10.0,1603
10762,19419,30684,1,66041.07,2021-09-13,36,5.62,1736
10763,4953,5609,2,4163.31,2020-08-23,24,3.12,543
10764,2429,24396,2,17276.67,2024-06-08,12,3.34,1611
10765,1167,19635,1,70208.56,2022-07-27,24,9.85,1261
10766,4323,15112,2,65361.13,2021-12-14,60,5.72,839
10767,18443,11288,1,77781.59,2023-03-02,24,5.07,1090
10768,10641,16873,3,46146.02,2022-08-02,60,5.52,1094
10769,12830,15859,2,99990.22,2024-02-02,24,4.32,1833
10770,17090,33577,3,8724.12,2020-07-06,60,7.39,447
10771,1894,10524,4,28387.79,2022-12-02,60,7.43,416
10772,2311,876,4,12827.66,2020-07-19,48,3.93,532
10773,10027,10748,1,55860.62,2022-01-01,60,7.54,441
10774,1999,31228,4,75258.64,2024-06-16,60,6.16,738
10775,5672,25515,3,36403.85,2022-02-21,48,8.13,1970
10776,10827,30035,1,96109.46,2023-01-13,48,9.87,464
10777,13772,37478,4,7245.98,2023-03-30,36,3.68,1945
10778,2926,30747,4,80686.99,2023-02-15,48,5.35,396
10779,15061,21958,1,1774.25,2022-06-07,36,4.78,711
10780,8911,15129,2,95256.48,2022-09-05,48,3.23,1575
10781,19019,7369,3,5880.58,2021-07-15,24,5.52,1681
10782,4113,25777,2,99801.41,2023-10-20,60,8.47,1581
10783,17659,7880,2,28127.85,2023-03-06,12,9.99,395
10784,18177,10705,4,10205.39,2021-09-29,12,9.63,326
10785,6813,2223,4,49451.33,2022-10-25,12,8.21,1917
10786,8933,11958,4,62712.76,2021-12-06,24,5.76,1943
10787,13462,12617,4,6599.71,2023-05-01,48,3.7,1115
10788,11950,36171,3,74863.88,2021-12-04,60,8.07,750
10789,8664,11097,2,85419.34,2020-09-09,12,9.05,1094
10790,17297,6904,4,9836.15,2024-04-15,36,3.77,1190
10791,12709,20954,4,40453.04,2021-02-14,60,6.06,642
10792,5762,14827,2,23788.63,2024-06-23,24,8.09,214
10793,5820,38535,1,60677.56,2024-05-15,36,8.45,1876
10794,6599,34376,3,26801.8,2024-01-08,48,3.06,1625
10795,15817,3887,3,20827.28,2023-03-18,60,9.76,1359
10796,1009,17663,3,59479.33,2020-09-15,48,6.27,1788
10797,17565,7002,1,3325.52,2024-06-29,60,5.47,369
10798,12772,2322,4,29945.79,2021-04-16,24,3.22,1885
10799,11997,27276,3,54187.14,2023-01-30,36,6.65,1608
10800,140,28689,3,74262.69,2024-02-25,12,8.8,1701
10801,7449,5662,3,88757.89,2020-10-16,60,6.43,49
10802,17615,21148,1,83615.45,2021-03-20,36,5.36,1076
10803,1843,36557,4,48328.44,2021-09-19,60,4.83,1313
10804,13529,13129,1,65084.48,2023-12-30,60,3.48,1814
10805,3342,3176,2,5832.27,2021-03-08,36,6.04,1650
10806,2194,25868,4,71428.57,2022-01-30,24,7.92,1263
10807,7211,25600,3,43440.24,2022-03-17,24,3.72,133
10808,2470,7081,3,41763.46,2020-12-01,36,3.11,999
10809,10017,26182,2,92144.29,2020-12-16,36,3.11,786
10810,9235,1210,1,71147.8,2023-11-07,24,5.29,1190
10811,4485,21734,3,10124.46,2024-06-18,36,8.03,1398
10812,4409,21179,3,84883.05,2023-05-17,24,7.62,373
10813,18355,38696,3,35763.0,2024-02-23,48,4.91,1829
10814,14365,5722,2,66750.47,2024-01-01,24,5.25,1502
10815,3941,28183,2,30666.63,2024-02-05,12,7.26,1779
10816,1066,11918,1,46403.32,2022-11-18,24,8.34,479
10817,12101,18094,1,96838.53,2022-02-23,12,7.45,832
10818,429,15126,4,26825.96,2020-08-27,12,8.53,650
10819,16764,19911,3,31701.78,2022-04-12,24,6.53,1615
10820,11749,17242,1,60065.81,2022-05-13,12,3.94,682
10821,9023,14673,4,47448.96,2023-05-27,60,3.6,1659
10822,12311,32651,1,69961.81,2023-07-26,36,5.76,688
10823,5857,9766,4,22966.16,2023-01-08,60,6.23,1324
10824,10561,26563,3,58118.29,2023-06-04,24,9.5,82
10825,11570,1324,4,77769.1,2020-08-09,12,5.39,87
10826,8124,9773,4,81112.7,2021-12-30,12,9.08,225
10827,12936,30529,1,8245.19,2020-12-24,24,3.13,16
10828,13862,30735,4,28879.19,2020-12-23,60,4.99,822
10829,16461,18601,1,47658.84,2022-10-12,24,7.48,1382
10830,15344,32081,4,90385.22,2022-03-10,48,4.46,163
10831,5647,29874,2,49119.08,2021-08-15,36,9.55,1634
10832,807,16089,2,86999.84,2023-12-02,12,7.47,1692
10833,16571,13457,1,82860.5,2024-06-06,60,6.88,514
10834,12758,15420,1,15195.58,2021-11-29,60,5.17,350
10835,1378,29035,4,65856.5,2021-04-26,36,6.2,1933
10836,9769,10709,4,53206.53,2022-12-01,36,5.89,681
10837,11078,29937,2,82107.44,2022-02-25,36,8.13,1488
10838,3363,9390,4,75084.51,2023-02-06,60,5.01,1851
10839,5106,38812,1,46133.17,2022-06-10,12,9.61,1861
10840,4694,5083,2,64113.53,2022-12-01,36,6.45,1399
10841,1453,17173,3,49899.97,2021-12-14,12,7.27,1116
10842,6217,31402,1,14857.91,2023-06-20,36,7.95,181
10843,1252,18388,1,4859.9,2023-10-04,36,4.94,743
10844,5959,14377,2,22766.9,2020-10-03,60,9.97,1325
10845,16391,29308,4,50315.32,2020-07-06,24,8.27,660
10846,5492,17935,4,4684.96,2023-03-24,60,4.91,1816
10847,17115,13340,1,3961.18,2022-05-02,60,3.38,1213
10848,17303,3293,2,68781.07,2024-02-18,24,6.3,1883
10849,3451,29871,3,19171.43,2022-01-10,60,9.64,1886
10850,9047,23594,2,58950.53,2020-11-14,48,4.29,1338
10851,11674,17790,1,33819.1,2021-01-18,12,4.13,493
10852,9872,30156,2,64268.84,2022-07-09,12,4.7,923
10853,2946,30064,2,2713.09,2020-10-09,12,6.78,1946
10854,4673,29748,3,39736.52,2022-06-30,12,3.79,128
10855,5951,1826,2,63461.32,2023-07-12,24,4.18,1543
10856,12374,37118,4,49670.92,2023-12-08,24,6.0,1450
10857,2759,5301,1,74496.73,2022-04-04,60,4.95,1583
10858,7903,38865,2,65654.74,2022-08-21,12,8.42,565
10859,11398,1821,1,40555.0,2022-01-02,48,8.62,1211
10860,13223,791,3,38768.9,2022-12-06,24,8.9,550
10861,10481,28610,4,73070.91,2023-01-17,48,6.06,453
10862,8435,23574,1,67521.57,2021-03-23,36,6.01,471
10863,14659,8037,1,47280.06,2023-10-19,60,9.99,988
10864,2538,17589,2,43206.98,2021-04-06,48,9.46,738
10865,1510,31127,4,95533.83,2023-05-14,36,8.41,1589
10866,13223,22997,2,14819.91,2020-07-31,60,3.17,1935
10867,11894,2701,1,1517.57,2021-05-12,48,4.73,224
10868,11389,16820,4,6182.39,2020-10-16,60,6.04,154
10869,17747,30755,1,4014.93,2020-10-20,48,5.93,560
10870,10139,32443,2,55508.12,2023-09-13,60,6.47,351
10871,16425,30673,3,67113.24,2021-09-06,60,6.03,1171
10872,17508,32413,2,82341.59,2023-06-23,60,7.96,1929
10873,1668,34976,4,80082.39,2021-07-30,60,8.26,1600
10874,12072,35268,4,65582.88,2020-11-25,24,5.47,349
10875,1370,28225,2,15787.34,2020-09-12,24,3.61,182
10876,3603,3094,1,97959.21,2021-08-29,24,5.65,637
10877,14696,21209,1,51831.74,2024-06-26,12,6.08,1018
10878,6012,19764,4,45942.75,2023-12-28,24,4.73,179
10879,11602,20001,1,14334.72,2022-02-15,48,6.02,1063
10880,19012,35937,1,73862.1,2021-02-19,60,7.12,772
10881,2480,18826,1,35228.1,2024-05-22,48,4.48,894
10882,10489,2258,2,32936.41,2022-12-17,12,7.31,1027
10883,5329,5603,4,23688.89,2022-08-16,12,3.08,1016
10884,15639,18081,1,62342.03,2020-12-05,12,4.47,64
10885,8885,1262,4,56695.82,2022-09-10,36,8.5,29
10886,3901,8909,3,53980.37,2022-03-28,60,9.45,372
10887,3078,29544,3,49591.65,2024-01-31,48,7.76,1547
10888,18658,38328,2,1401.02,2020-07-14,60,9.39,97
10889,1687,12914,2,47888.46,2023-04-23,12,5.41,1894
10890,7039,24984,3,39424.33,2022-04-26,12,6.63,1466
10891,15626,38531,1,88970.02,2022-05-01,12,6.42,1227
10892,9734,23225,1,87379.77,2021-06-11,36,8.05,1435
10893,6945,17377,1,96711.22,2023-09-03,24,3.87,993
10894,19571,33827,2,6851.64,2021-02-16,24,6.95,21
10895,17948,37623,3,23152.7,2023-03-24,48,8.69,1575
10896,11642,4868,1,28295.79,2021-02-28,24,7.17,735
10897,19926,10484,4,22327.94,2024-03-08,48,5.86,1126
10898,6160,10950,2,82186.38,2022-06-28,60,6.82,1070
10899,12838,35755,1,65349.15,2021-10-13,12,3.19,66
10900,16501,12374,1,82608.6,2022-05-28,12,7.53,603
10901,19896,4607,3,79489.43,2020-08-26,12,9.82,1188
10902,11404,13503,1,49556.99,2023-05-04,60,4.51,1995
10903,18597,4254,4,78481.09,2024-05-07,48,3.11,1135
10904,7333,18294,4,5943.43,2024-03-25,60,6.97,338
10905,2012,32670,1,50778.04,2021-08-26,12,7.65,123
10906,5941,12948,2,65946.29,2020-09-23,60,3.51,1729
10907,19359,26684,1,51215.77,2023-08-05,36,8.73,447
10908,10227,2951,2,14736.09,2023-07-13,36,6.67,611
10909,13819,28369,3,80030.7,2022-11-07,60,9.44,1315
10910,2035,8851,2,2448.82,2020-08-23,12,5.06,671
10911,9423,7888,1,96758.99,2024-04-14,24,9.08,1436
10912,18851,30647,3,22997.09,2021-09-11,12,6.29,615
10913,17715,16809,4,4363.18,2023-10-06,12,3.37,897
10914,3821,38857,4,15984.52,2022-07-28,24,3.13,281
10915,16731,37765,1,53449.14,2022-02-02,12,5.34,1067
10916,5983,11156,2,59643.54,2024-01-31,60,9.58,1510
10917,10878,22640,2,65170.03,2023-01-15,12,8.37,596
10918,1276,1584,3,78746.53,2023-03-01,12,7.32,1987
10919,4459,4411,1,90196.88,2021-03-15,12,6.67,703
10920,8185,5145,3,47577.32,2022-08-30,48,9.87,1075
10921,9013,13422,1,80068.16,2024-03-11,36,9.77,1922
10922,14970,31807,4,27469.51,2023-04-24,24,8.2,210
10923,16774,37544,1,18075.42,2023-04-03,48,7.05,126
10924,16727,20250,4,76294.13,2022-10-15,24,7.3,492
10925,8603,33604,3,74913.61,2021-01-22,36,9.26,1533
10926,11072,17017,3,9108.8,2023-02-26,12,4.18,960
10927,12812,20567,1,45443.76,2022-10-04,12,9.99,970
10928,19135,18063,4,64829.22,2022-10-17,60,8.04,581
10929,7283,34013,3,73405.53,2023-11-25,60,9.69,777
10930,15954,28708,2,25103.58,2023-05-21,12,3.94,258
10931,12606,10120,2,61058.06,2022-11-01,48,9.65,1954
10932,6485,32277,1,93497.25,2022-07-07,48,7.64,1212
10933,16601,4267,4,91764.65,2023-09-01,24,8.2,230
10934,18312,26517,3,65547.14,2022-06-17,36,7.74,189
10935,3929,8754,3,93850.32,2022-11-16,60,4.04,1439
10936,11776,5208,1,18029.55,2024-06-12,60,8.42,10
10937,2209,8133,4,91776.86,2020-07-26,24,9.53,1138
10938,15875,26118,2,81489.75,2023-04-09,12,9.98,1100
10939,796,28504,4,75348.25,2021-01-13,60,6.17,676
10940,8492,28148,4,77965.37,2024-03-29,24,3.46,502
10941,4215,33772,2,67356.65,2022-04-15,24,4.97,85
10942,19765,3877,4,24331.51,2022-10-30,12,3.57,49
10943,12074,11765,2,43560.54,2024-06-08,48,9.29,1519
10944,18139,12960,1,34888.54,2020-09-15,12,3.53,838
10945,17294,33937,2,72096.63,2024-05-27,60,3.27,1008
10946,14678,7694,1,5706.29,2021-05-25,36,8.41,689
10947,13858,6559,2,94274.62,2023-11-12,60,4.78,387
10948,14370,39225,1,52516.05,2022-02-23,60,4.74,970
10949,8805,38347,1,60000.98,2022-02-22,60,3.89,1413
10950,1249,27376,2,87059.2,2023-11-22,36,8.63,1006
10951,14590,29658,3,7514.67,2021-07-29,36,8.72,218
10952,11098,28028,2,4068.48,2023-03-03,60,5.53,1725
10953,7966,11965,2,24692.5,2021-05-28,36,6.98,1005
10954,12980,21701,2,12560.95,2024-02-01,36,6.58,1370
10955,4363,17817,3,58766.15,2022-05-30,24,9.11,1254
10956,19411,38659,2,62561.24,2022-07-28,12,5.35,255
10957,15097,22803,2,29595.93,2022-04-04,60,9.37,236
10958,15019,6942,4,24875.75,2023-08-07,48,5.77,1050
10959,5713,28021,1,53104.3,2022-01-10,12,3.05,1608
10960,2741,29638,1,68587.54,2024-02-02,60,8.8,1285
10961,4860,18255,2,43123.75,2024-04-26,60,5.97,1790
10962,13985,12021,3,20372.46,2024-02-11,48,9.82,271
10963,7143,7054,1,79959.78,2023-09-23,48,8.96,123
10964,4373,6219,1,34277.15,2023-12-04,60,6.16,656
10965,19178,2124,2,20454.92,2021-10-01,24,9.85,1281
10966,16115,1491,2,76102.44,2024-06-24,36,3.71,1680
10967,15132,14739,3,66388.79,2022-04-05,12,7.67,1445
10968,15948,29990,4,10814.45,2021-02-16,36,10.0,259
10969,4708,14550,2,12948.28,2022-03-12,60,4.04,948
10970,10441,11746,3,83882.83,2023-02-24,48,5.39,47
10971,18229,14523,2,8950.67,2024-05-12,12,8.59,863
10972,12698,24823,4,24167.8,2022-10-09,48,9.18,525
10973,9913,38032,2,27658.62,2024-03-14,36,3.16,888
10974,11968,15272,3,64116.05,2021-09-01,24,6.58,208
10975,7198,39409,1,54619.5,2022-06-25,48,3.96,1335
10976,7218,13000,4,94057.56,2023-04-24,48,9.06,747
10977,9749,33100,2,43932.09,2020-08-21,24,6.97,149
10978,17464,27189,1,70272.03,2020-09-30,36,8.19,1858
10979,10893,22807,3,74353.81,2023-09-30,24,3.11,438
10980,902,36052,2,57786.61,2021-04-10,48,4.99,155
10981,11933,34571,1,46604.16,2023-07-05,24,8.82,1702
10982,9945,32334,2,80006.69,2022-04-06,48,3.92,1114
10983,15632,13318,1,45562.23,2022-12-05,36,3.07,1722
10984,7158,29892,3,83561.37,2020-09-27,36,6.47,1854
10985,3590,28559,3,3465.12,2023-11-14,36,3.14,358
10986,17803,37912,4,9881.75,2022-11-18,24,6.66,1198
10987,12969,7328,2,57437.63,2024-05-02,36,8.75,1241
10988,17609,37471,2,14948.88,2022-02-16,36,6.71,1931
10989,10513,2062,2,41643.54,2022-09-18,60,3.34,456
10990,4500,30965,2,92242.52,2022-08-22,36,7.59,776
10991,5010,38996,1,46332.04,2024-02-15,60,9.18,1633
10992,15968,32722,4,47514.48,2021-08-26,12,9.34,629
10993,15762,4792,4,29309.31,2021-02-09,12,5.61,1223
10994,19412,26097,2,50291.65,2023-08-25,24,6.09,832
10995,19790,6952,3,89456.19,2023-06-13,12,9.55,486
10996,10916,17048,2,56563.17,2020-11-13,60,3.01,533
10997,761,27652,2,15149.98,2021-09-19,60,3.66,200
10998,12698,5864,2,33134.38,2023-11-09,12,8.91,371
10999,16367,23148,3,77529.05,2023-09-12,24,7.97,1014
11000,1951,14043,2,25139.18,2023-11-17,12,3.19,1983
11001,16885,21223,1,82319.38,2020-07-19,12,8.41,853
11002,8369,20704,3,56057.34,2023-03-02,48,8.29,1472
11003,13885,4871,1,4254.1,2023-11-30,36,9.27,248
11004,6441,2127,2,35396.02,2023-03-28,24,9.06,788
11005,9275,29577,3,64138.97,2023-04-20,48,8.39,264
11006,2072,400,3,40244.06,2022-06-09,60,8.72,1082
11007,8583,11676,3,95691.02,2023-09-22,36,5.43,1326
11008,15704,18521,4,53292.8,2024-01-06,60,9.42,31
11009,8732,1913,1,51852.48,2023-03-31,24,3.98,1522
11010,5713,13038,3,8761.1,2024-06-25,24,7.4,1273
11011,13956,12682,4,76402.43,2022-09-17,60,8.86,605
11012,18778,10615,3,72424.82,2023-02-05,48,3.41,1801
11013,15206,18224,3,30893.46,2022-10-02,60,7.44,1295
11014,5677,7227,1,65561.5,2023-12-03,12,3.23,1630
11015,18927,6065,1,8925.37,2024-03-02,48,8.06,1690
11016,11260,38420,3,63572.5,2020-09-02,48,8.95,1418
11017,3848,29417,2,88389.21,2023-09-26,60,6.4,1821
11018,10438,6932,3,96871.12,2022-12-27,24,5.34,502
11019,11297,5848,2,55157.24,2023-07-26,48,7.42,1616
11020,12059,37773,1,22554.0,2022-04-05,36,8.77,1828
11021,2127,29301,4,23997.1,2023-04-19,36,4.7,1108
11022,703,4436,4,88970.4,2024-04-11,48,3.19,1389
11023,1652,17418,4,66238.71,2023-04-08,24,8.58,886
11024,19670,21801,2,15162.53,2021-04-14,12,5.42,549
11025,6507,13960,3,8165.01,2022-12-12,48,5.69,1366
11026,4335,30560,3,40427.32,2024-04-26,24,4.39,839
11027,6683,31305,1,86598.48,2021-07-19,36,3.25,1431
11028,18553,20305,3,78791.99,2022-07-23,48,5.62,1449
11029,10353,14287,4,81210.02,2023-05-12,24,5.15,1768
11030,11470,29111,3,89304.77,2021-03-11,36,4.98,1117
11031,6016,8521,4,47420.4,2021-01-08,60,5.24,848
11032,559,28146,2,68235.7,2022-01-18,36,8.68,614
11033,34,19887,2,52106.58,2023-10-21,24,5.76,412
11034,19856,24342,4,49464.92,2023-03-29,24,6.54,432
11035,1521,30680,4,27610.51,2020-07-05,60,9.81,678
11036,12317,35146,3,67720.17,2022-03-23,48,6.23,159
11037,6048,24091,1,56609.23,2020-09-29,60,6.11,14
11038,3530,9831,2,38009.84,2024-02-29,12,9.28,373
11039,4070,36912,1,57815.85,2020-10-14,36,6.13,225
11040,2009,13142,1,92187.9,2021-05-25,12,3.33,1529
11041,1564,12090,2,76014.53,2023-11-23,60,4.98,1097
11042,11143,25729,4,7105.88,2023-03-15,36,7.28,1273
11043,2656,11944,1,38375.94,2024-06-06,12,5.43,511
11044,185,36446,1,12311.13,2021-09-02,36,8.7,603
11045,7617,15013,2,63372.84,2021-06-14,60,7.23,216
11046,10902,18703,3,30369.03,2021-06-03,24,3.74,1997
11047,18059,33272,4,50904.01,2023-02-03,12,3.76,1626
11048,17135,9809,3,64304.13,2021-08-12,24,7.45,1565
11049,11849,22285,2,61416.14,2023-04-25,12,8.07,1971
11050,7016,36316,2,91455.28,2023-02-04,36,3.85,1841
11051,11826,39832,2,25737.19,2022-08-01,24,7.57,1963
11052,7267,13362,2,95087.48,2023-06-08,48,3.76,988
11053,3291,17936,4,4968.64,2023-03-12,36,5.15,1244
11054,17013,24686,2,98991.6,2023-07-28,48,9.13,840
11055,897,39071,3,96473.09,2021-01-24,36,6.0,727
11056,14180,32700,2,1587.88,2021-07-11,36,5.74,1245
11057,7517,14575,1,27005.56,2024-02-14,36,5.64,1413
11058,7612,36122,1,91506.35,2020-11-20,24,9.95,554
11059,14366,34738,2,9053.5,2020-12-18,60,7.01,1671
11060,7407,38680,4,90603.16,2023-10-27,48,3.81,1066
11061,5678,12143,1,29126.42,2021-05-29,60,4.63,676
11062,725,36604,2,44626.0,2021-02-25,12,3.43,873
11063,6821,840,1,68170.35,2023-05-19,24,7.96,283
11064,830,23102,1,93735.56,2021-07-23,48,7.97,1082
11065,6952,6627,2,64797.65,2023-04-27,12,7.64,1838
11066,18032,11449,1,69204.25,2022-03-04,60,8.93,834
11067,4646,34610,2,96076.95,2022-12-15,36,8.44,537
11068,15908,37112,2,65102.11,2023-05-16,60,9.24,1097
11069,4385,19297,4,30864.08,2022-08-05,36,6.86,1909
11070,11892,1899,4,91123.79,2023-12-01,48,9.56,923
11071,5639,28961,2,92052.79,2022-12-03,48,6.17,1153
11072,11276,20211,3,91088.3,2022-11-16,60,4.23,1623
11073,4170,37926,2,92345.97,2023-01-13,36,5.86,842
11074,17789,27445,4,60560.94,2021-06-27,36,5.18,1450
11075,32,36711,4,93099.13,2020-12-19,36,6.86,948
11076,11871,22068,1,9714.48,2023-04-20,24,6.18,665
11077,12722,21893,1,15322.78,2023-09-06,12,6.67,1718
11078,4440,30686,4,79645.79,2022-11-07,36,6.73,1149
11079,19294,4012,1,80257.08,2022-10-16,24,5.12,67
11080,18777,31767,2,26093.2,2023-04-23,24,4.62,6
11081,17361,21242,2,24975.6,2023-09-08,60,9.4,637
11082,10466,7542,4,57392.3,2022-11-04,24,7.95,314
11083,9780,12695,4,72054.36,2023-02-10,60,7.71,1350
11084,13971,38521,3,2995.38,2023-06-30,12,7.71,565
11085,7839,15872,2,14213.99,2021-02-20,12,3.79,1602
11086,9405,22726,3,90774.65,2023-02-17,12,7.79,826
11087,16203,38567,1,74285.5,2022-07-27,60,3.17,506
11088,3392,15086,4,8121.31,2021-10-03,24,6.13,1106
11089,3281,37599,2,32075.51,2021-04-30,48,3.99,1623
11090,6602,11462,4,49208.07,2020-08-19,48,6.25,1026
11091,12973,21795,4,30387.42,2023-06-07,60,6.97,204
11092,5905,6969,2,64689.83,2021-02-17,24,8.57,662
11093,2028,37385,4,89806.54,2020-12-05,36,4.75,805
11094,15665,5513,3,78058.55,2021-09-21,24,6.77,404
11095,12706,7364,1,37551.05,2022-12-18,36,9.96,1127
11096,6486,18247,4,96262.19,2020-07-23,12,8.82,536
11097,6915,29842,3,82854.0,2022-11-24,60,3.62,1392
11098,3280,29470,4,81162.21,2022-02-09,24,3.99,1236
11099,4660,25122,1,25910.13,2020-12-08,48,8.68,577
11100,11620,39537,2,58791.47,2024-04-02,60,4.93,1985
11101,16143,26339,4,11424.31,2021-06-01,60,6.21,1233
11102,581,31026,4,23618.8,2020-07-13,36,3.38,763
11103,9589,3877,3,69233.04,2020-08-11,12,6.2,1921
11104,11575,11949,3,70316.06,2022-09-27,48,6.63,117
11105,14024,17703,3,12164.17,2022-04-22,24,9.91,628
11106,17953,13485,3,56810.43,2022-09-27,24,7.43,749
11107,15532,35263,3,49959.22,2023-10-29,36,6.8,1502
11108,14113,16711,3,87608.37,2021-09-03,12,6.61,105
11109,16634,3297,1,75175.63,2022-09-13,48,4.17,495
11110,18513,29601,2,33136.84,2022-03-09,48,7.91,1795
11111,371,24245,3,79651.96,2022-01-25,12,8.32,46
11112,7624,33726,1,8276.35,2021-01-25,24,6.27,823
11113,18248,20202,4,44339.14,2021-10-27,12,9.87,1355
11114,15326,24367,3,59783.17,2021-04-19,36,6.35,1240
11115,2135,38703,4,17225.06,2023-03-26,12,6.62,982
11116,10159,7163,4,43417.26,2021-11-02,48,9.54,960
11117,11338,24360,1,7355.14,2022-09-10,48,4.77,1516
11118,1067,33010,2,61821.41,2022-07-05,12,6.83,1837
11119,3360,8423,4,88688.8,2020-10-29,60,7.82,1946
11120,14812,24761,1,99579.65,2021-11-27,36,3.5,845
11121,1829,7179,4,89370.53,2021-10-05,36,3.16,449
11122,14921,14331,3,96019.15,2022-11-29,12,4.36,536
11123,17770,16228,2,25737.66,2022-07-06,24,3.26,511
11124,13694,15358,1,3070.37,2024-05-19,36,9.73,1482
11125,18416,22860,1,22867.85,2024-01-04,12,6.66,1571
11126,16756,1750,4,86707.88,2020-07-28,12,4.85,1560
11127,14509,37690,2,55014.27,2023-02-08,60,4.99,540
11128,11830,25502,2,64452.07,2021-02-11,12,7.82,1508
11129,13777,33076,1,85371.82,2022-12-29,48,8.13,2000
11130,3534,3800,1,91038.47,2022-09-28,12,7.36,16
11131,2348,37191,3,1484.18,2023-06-28,24,4.94,1595
11132,19759,7791,2,28970.64,2023-07-21,24,4.45,2001
11133,4633,14655,1,26377.65,2021-12-13,48,3.89,243
11134,5447,13562,4,51848.96,2024-06-07,48,7.26,1974
11135,5737,15254,3,59709.03,2022-05-14,48,7.39,1231
11136,2283,4171,1,67662.83,2023-03-19,24,5.3,912
11137,407,17345,1,48111.06,2022-01-15,12,3.33,1295
11138,14424,25358,1,33706.67,2021-05-23,48,8.66,761
11139,13481,18833,3,31424.75,2021-03-29,12,7.21,1803
11140,19794,27259,2,35745.74,2024-03-24,48,3.63,705
11141,18864,2235,1,1058.35,2023-08-31,60,5.79,1871
11142,16458,35414,2,95759.57,2023-05-31,60,9.18,1754
11143,9682,34137,2,63385.46,2024-05-28,24,8.06,115
11144,11716,35032,1,93844.15,2022-10-06,24,5.22,1604
11145,8706,38647,3,71405.99,2022-07-07,48,7.55,1323
11146,18441,25188,1,79594.68,2023-08-27,12,9.79,1861
11147,5924,9697,1,70404.52,2022-03-23,12,9.51,1507
11148,7637,1158,2,63454.22,2024-04-18,60,9.32,397
11149,14195,1813,1,14199.74,2022-04-06,48,3.56,394
11150,1422,26945,1,70356.34,2024-02-07,60,4.07,1099
11151,13069,16528,2,11347.26,2022-01-11,36,4.87,978
11152,5706,34863,4,92888.13,2020-08-21,24,7.41,1506
11153,1082,17356,3,30156.52,2023-06-19,12,3.24,1127
11154,15950,25636,1,98453.78,2023-11-30,12,6.66,297
11155,13509,23916,1,23560.85,2022-10-18,12,7.28,1002
11156,4058,22750,3,70414.16,2022-02-28,24,6.45,178
11157,17887,28061,1,38148.98,2021-06-05,36,6.74,1239
11158,11489,21103,3,85951.63,2024-02-02,48,3.61,967
11159,3325,5801,2,18997.7,2022-03-28,60,7.89,315
11160,19044,29008,4,12691.24,2021-07-03,48,4.0,1063
11161,14298,37974,3,80061.32,2021-06-07,60,5.5,259
11162,18783,15299,1,77798.84,2024-05-08,48,8.65,1740
11163,5982,37542,1,58385.55,2023-06-03,12,3.92,7
11164,3549,17498,1,69323.29,2022-12-13,24,4.54,49
11165,1451,920,3,50984.62,2022-09-19,60,5.81,1562
11166,2952,21390,4,98276.61,2021-06-08,48,3.29,161
11167,6478,3625,3,36876.07,2023-07-18,24,5.83,1893
11168,3073,6013,2,29882.36,2021-01-10,36,6.52,176
11169,16476,13730,2,35561.52,2022-11-05,60,6.31,1615
11170,8447,10841,2,64108.25,2024-02-11,60,8.71,1026
11171,5970,12362,3,38162.81,2021-08-23,36,9.62,1001
11172,18276,4160,3,41716.61,2020-07-09,48,8.91,1919
11173,4612,22076,2,14486.01,2020-10-22,24,3.81,455
11174,9763,8739,1,50832.85,2022-03-30,12,6.66,1952
11175,1076,5181,2,19774.02,2021-08-22,48,5.28,1668
11176,17045,13189,3,41604.81,2023-01-24,48,4.98,276
11177,16401,21349,3,48472.87,2024-02-26,48,5.29,498
11178,4020,34086,3,91136.56,2022-12-28,12,5.06,1653
11179,7531,16670,1,94490.11,2022-05-11,60,3.36,676
11180,1302,11776,2,24326.48,2023-11-22,12,8.26,1824
11181,1342,34874,1,18837.24,2021-07-20,12,7.98,1052
11182,2397,609,4,97995.3,2023-07-22,36,8.1,1357
11183,3630,24794,3,99264.68,2022-01-15,24,4.74,1025
11184,8954,33849,2,38130.42,2020-09-30,12,6.51,1212
11185,6279,13270,4,3464.07,2023-10-20,36,4.25,56
11186,7945,39566,4,82135.58,2023-06-29,24,9.16,547
11187,2849,36481,3,44789.25,2021-11-27,36,5.38,1136
11188,17955,19015,1,55186.08,2023-07-07,36,8.48,1822
11189,8255,5265,3,13105.17,2023-02-11,60,7.53,1334
11190,19390,17654,2,65292.14,2023-02-22,36,3.73,36
11191,8076,28316,1,83043.82,2021-04-25,60,5.64,439
11192,19569,6898,2,85437.25,2024-07-02,24,8.27,1753
11193,5562,26160,4,19498.66,2023-11-10,12,5.16,1616
11194,18097,10741,3,53202.95,2021-10-19,36,3.18,1850
11195,18073,16979,3,86572.14,2024-06-16,12,8.01,595
11196,12592,35851,1,43657.39,2023-10-07,48,8.8,1601
11197,341,15744,1,89299.17,2022-05-05,12,7.0,1349
11198,14147,5839,1,78661.97,2022-05-02,60,5.62,1664
11199,12571,3757,3,78797.14,2020-07-30,48,3.74,307
11200,3204,15007,2,87317.56,2023-04-07,36,7.09,1558
11201,14543,27573,1,92617.84,2020-11-13,36,4.64,1752
11202,15108,27409,1,58729.25,2024-03-20,48,7.82,619
11203,19140,16485,3,61998.77,2021-06-20,12,9.09,1133
11204,3089,21054,3,72699.44,2020-10-18,36,9.37,1396
11205,16474,34092,2,69573.69,2023-07-01,60,7.94,357
11206,19840,39719,3,77498.47,2024-02-23,36,8.04,181
11207,15945,3729,1,97411.97,2024-01-31,12,4.4,1380
11208,8199,22460,2,25564.73,2023-05-14,36,3.32,1700
11209,9443,34456,3,2175.25,2023-01-29,24,3.84,68
11210,17810,22119,2,75189.44,2020-10-15,24,6.18,292
11211,14444,13956,1,88301.69,2020-07-27,48,5.68,692
11212,17853,38124,3,6273.21,2024-04-01,12,8.24,181
11213,12083,4038,2,95185.2,2023-08-04,48,4.31,1490
11214,8073,33022,2,4503.69,2020-10-15,12,3.48,434
11215,18884,21179,2,45415.78,2021-02-12,12,5.15,1488
11216,1470,10742,4,69742.06,2022-02-12,12,4.72,1705
11217,14533,38298,2,16491.66,2021-02-10,48,8.06,914
11218,18183,4485,4,95890.55,2021-07-06,48,6.45,1558
11219,13457,3891,2,74630.92,2021-06-18,36,3.6,66
11220,1180,35678,1,63344.92,2023-03-06,48,4.14,1045
11221,12755,29035,4,98646.9,2022-01-10,12,6.13,1636
11222,17886,24970,4,94551.64,2021-12-16,36,7.7,384
11223,2168,19272,3,93555.3,2023-05-15,36,9.44,1836
11224,3908,20152,2,82194.68,2021-11-27,12,6.57,1639
11225,11392,36937,4,92105.16,2024-01-17,48,3.71,1583
11226,8003,31728,4,37768.15,2021-03-29,36,4.54,39
11227,6247,32661,1,90533.88,2022-08-18,36,7.73,1309
11228,17122,3415,4,27703.32,2022-01-16,60,4.13,822
11229,14940,13291,4,95507.11,2020-10-08,60,5.38,602
11230,14834,16334,3,18952.8,2022-07-29,24,8.11,1621
11231,6950,23268,3,63913.84,2023-03-23,48,8.08,785
11232,4212,39985,2,20825.93,2021-12-22,36,9.93,1360
11233,15134,11283,3,67290.57,2021-09-13,36,5.29,1212
11234,1817,1271,4,78770.94,2021-04-22,24,7.67,671
11235,7340,11078,3,14869.56,2021-12-10,36,4.44,1267
11236,4295,4299,4,42165.23,2021-11-01,12,3.69,1097
11237,14260,36921,2,85310.6,2021-01-22,36,9.75,479
11238,16796,27241,1,73999.44,2023-10-30,48,5.68,1998
11239,10848,26614,4,95123.35,2020-12-20,24,4.18,561
11240,7427,15671,2,87295.78,2020-11-13,12,6.24,101
11241,12968,1588,2,78227.02,2023-12-20,60,9.05,514
11242,13508,32356,2,75027.33,2024-01-05,24,6.04,1780
11243,10790,15800,4,85709.74,2023-04-17,24,4.12,176
11244,18542,8103,2,95753.57,2021-02-16,12,7.83,238
11245,9099,25110,2,66473.94,2022-09-10,12,3.71,910
11246,7166,11233,3,17637.49,2024-06-29,48,7.08,1083
11247,984,28372,3,93170.97,2022-03-14,12,5.27,1889
11248,3672,11210,3,77649.92,2024-05-12,12,6.39,1123
11249,10334,25784,4,62259.27,2022-05-27,36,9.77,1978
11250,12227,14040,3,73768.2,2023-05-07,48,3.66,871
11251,9805,17478,4,80274.11,2022-10-05,36,8.27,1978
11252,10922,14109,4,2815.85,2022-11-03,60,7.95,495
11253,16697,30561,3,56523.99,2023-11-21,12,4.96,947
11254,1654,7694,2,9003.74,2023-10-12,60,3.14,1538
11255,15319,9464,3,95098.08,2022-08-10,24,7.69,755
11256,2988,1058,3,24364.57,2023-06-10,48,9.33,1321
11257,5704,35976,4,84984.93,2024-02-02,36,4.68,211
11258,7446,35517,2,58668.83,2023-09-20,60,8.62,1147
11259,1057,37602,1,28436.99,2023-01-01,24,4.63,1253
11260,1727,11486,2,11318.28,2020-07-31,36,6.78,1618
11261,2133,38260,4,69776.14,2022-12-25,24,6.34,1680
11262,131,39297,4,24577.92,2022-12-05,24,5.96,1412
11263,14536,30539,2,74980.41,2023-09-01,12,6.1,140
11264,15534,9752,3,43156.71,2024-02-11,36,9.86,541
11265,8806,28466,1,27335.05,2022-01-21,48,9.49,1415
11266,5372,27027,3,44097.44,2020-07-24,36,8.31,270
11267,509,5247,4,94223.0,2024-04-03,36,9.5,1783
11268,5802,28590,2,30179.92,2023-06-09,60,7.26,1036
11269,11242,26605,2,31377.43,2024-06-09,60,9.25,1891
11270,8065,27855,3,2264.19,2022-10-04,24,3.8,1413
11271,17083,20542,2,78202.26,2020-07-03,24,3.26,1361
11272,9315,16355,2,70292.56,2022-01-25,12,3.2,506
11273,3505,29479,2,56780.86,2023-10-28,24,5.62,1130
11274,813,554,4,64657.45,2023-02-25,48,3.22,32
11275,11795,5170,4,29574.13,2022-05-14,36,7.45,1098
11276,5815,6809,1,22765.23,2024-02-16,36,5.09,1195
11277,5952,18334,2,79991.39,2024-04-01,48,8.76,1873
11278,3600,35434,1,95127.88,2022-07-19,60,8.36,1093
11279,6413,14691,4,17012.69,2023-09-26,12,5.57,813
11280,5185,7573,1,29318.12,2022-08-12,60,7.58,362
11281,5039,24817,2,6958.17,2022-06-21,12,9.54,1673
11282,11488,13580,3,86942.87,2023-03-27,48,3.46,1457
11283,19503,29935,3,64653.7,2021-03-07,24,4.18,929
11284,18070,25777,3,3708.61,2024-02-17,12,5.27,100
11285,16406,23252,4,45163.82,2024-06-02,12,4.59,1682
11286,17681,24915,4,90617.28,2024-01-27,12,5.78,9
11287,7951,9488,3,44783.27,2020-10-20,48,3.45,1598
11288,2638,29056,4,84870.99,2023-03-10,48,3.8,697
11289,6622,27883,1,64058.46,2021-12-26,60,9.17,1053
11290,16579,23234,2,89874.32,2024-04-08,48,8.19,1917
11291,7016,5010,2,44550.57,2021-08-16,60,6.85,1138
11292,6169,34699,1,88801.88,2023-07-09,48,5.47,462
11293,1400,27578,2,20671.11,2023-12-27,12,5.01,921
11294,14077,10683,2,18994.04,2021-09-17,24,3.21,1167
11295,12407,13397,1,34691.49,2023-04-29,12,6.89,390
11296,445,3012,1,85441.1,2021-02-17,36,5.99,632
11297,2599,36053,3,39162.86,2020-09-26,24,3.73,682
11298,7635,37390,1,69588.17,2024-03-26,12,9.76,157
11299,15406,19838,1,39459.62,2023-07-30,48,5.54,335
11300,12425,5252,4,13866.81,2022-10-29,36,5.39,1885
11301,3225,22402,2,17771.12,2023-10-28,48,5.52,260
11302,11468,21929,1,60804.05,2023-04-02,24,4.78,82
11303,19124,30601,1,81697.84,2022-03-18,60,5.01,754
11304,5976,20956,2,83496.22,2023-07-31,12,3.06,1465
11305,16551,236,3,67609.88,2021-07-13,60,7.11,1969
11306,12289,10427,3,14467.8,2020-11-14,48,7.21,1196
11307,172,14841,1,47549.06,2023-08-31,48,9.32,1255
11308,2007,24736,2,36276.76,2023-02-24,24,6.7,720
11309,15168,12028,4,9603.46,2023-10-03,24,7.28,75
11310,17310,23482,1,16527.36,2024-02-28,48,6.11,1294
11311,14811,5714,3,73764.48,2023-07-17,60,8.65,1923
11312,10848,8604,2,34560.41,2022-09-21,12,9.15,626
11313,5200,21114,1,74363.59,2024-06-09,12,7.29,62
11314,12494,1496,4,94571.68,2021-02-24,24,5.66,874
11315,16738,7993,4,85334.56,2022-07-31,48,3.71,320
11316,16901,18689,1,70899.4,2023-12-04,60,7.76,102
11317,10570,13985,1,83804.33,2021-06-17,24,9.74,1453
11318,12713,12615,1,96375.93,2023-06-21,12,5.2,874
11319,13881,31629,4,84594.33,2023-11-13,12,9.74,1746
11320,13834,2269,3,80133.39,2021-07-25,48,5.43,954
11321,6429,33171,1,97894.77,2021-09-30,24,9.78,255
11322,1646,31609,4,13063.41,2020-12-31,48,8.7,1556
11323,12270,893,4,17002.9,2022-04-06,60,9.16,570
11324,6038,15743,2,99017.27,2023-02-20,24,5.12,112
11325,19604,20111,1,38764.23,2021-11-23,12,3.79,985
11326,17848,4501,2,22403.14,2020-10-23,24,9.17,1337
11327,11290,557,4,54450.95,2022-05-06,24,9.46,998
11328,19208,22129,1,73560.58,2020-11-24,12,9.8,461
11329,17883,24275,4,93024.6,2023-07-13,48,9.93,708
11330,5459,25384,1,29256.91,2023-12-31,36,9.55,887
11331,5470,13432,3,77326.96,2021-11-02,48,6.83,1486
11332,2513,15712,3,70959.01,2021-07-26,60,6.25,1889
11333,16936,6243,1,28200.56,2020-09-06,24,3.03,1116
11334,11456,35860,1,68472.17,2024-02-02,12,7.55,1076
11335,12578,13823,4,48085.98,2021-03-26,60,8.86,1829
11336,9513,20103,4,26678.64,2023-08-02,12,8.88,520
11337,19855,24598,2,49651.59,2022-01-31,24,7.66,812
11338,12265,23874,2,62710.3,2022-09-15,48,4.46,1122
11339,10850,19243,3,72318.36,2020-09-03,48,8.22,236
11340,6123,6872,1,61384.47,2020-10-06,60,6.71,1925
11341,1435,1761,4,29081.31,2023-06-19,12,9.15,1398
11342,6281,14928,1,54762.46,2022-04-18,60,9.02,1605
11343,7686,38855,2,14911.5,2021-10-08,48,6.79,927
11344,4769,17359,1,53773.33,2023-02-04,48,8.35,557
11345,11086,2751,1,90158.32,2023-10-05,36,3.13,649
11346,10783,17533,3,22860.98,2023-08-10,24,8.7,234
11347,361,31493,4,42953.33,2021-03-11,12,3.77,1056
11348,18553,35617,4,32038.63,2021-11-09,60,3.82,1313
11349,2645,7659,2,68794.8,2023-05-12,24,7.35,1662
11350,16794,14543,2,8114.7,2022-05-02,36,3.72,579
11351,9167,11120,3,10460.74,2021-05-07,12,3.83,542
11352,14821,39102,1,6590.12,2021-07-29,60,3.51,114
11353,7665,27082,4,67249.31,2023-11-04,48,7.17,204
11354,2611,2712,3,33383.78,2024-05-01,36,3.71,1053
11355,12665,35683,4,78087.83,2021-02-04,60,7.31,643
11356,1283,35784,4,8783.37,2020-10-13,48,3.8,474
11357,16427,29095,4,95268.52,2021-07-09,24,8.96,697
11358,13062,19004,3,91341.15,2020-10-31,60,7.67,253
11359,12957,37839,2,13847.02,2020-07-25,12,3.44,1822
11360,18061,4229,4,44331.9,2020-08-11,60,6.31,905
11361,15893,261,1,12256.92,2021-03-18,60,4.48,1946
11362,2803,20283,3,54427.65,2023-03-26,12,8.67,386
11363,3706,19769,3,28896.61,2023-12-07,48,5.0,62
11364,14676,32025,2,26305.49,2021-07-23,36,5.77,515
11365,4653,28867,3,32425.48,2022-08-15,36,6.59,430
11366,18075,2268,2,26855.88,2024-06-24,60,5.41,580
11367,16020,10335,1,81472.14,2024-02-02,36,8.67,1561
11368,2499,3807,3,61074.74,2024-02-17,36,9.27,1715
11369,17745,33444,3,86112.76,2021-09-15,12,5.02,1165
11370,6242,5998,3,2764.98,2021-07-14,24,8.02,743
11371,12708,809,2,38486.14,2020-09-21,48,7.27,1324
11372,1888,1205,4,92573.82,2023-08-04,60,3.67,675
11373,1414,32467,2,2077.47,2022-03-26,60,6.83,311
11374,352,16617,3,52410.82,2023-11-20,24,3.14,471
11375,5033,23441,3,90815.48,2023-11-20,48,9.22,1417
11376,17260,31232,3,18226.14,2020-12-23,12,7.79,1666
11377,16591,10043,1,80046.96,2023-05-13,36,5.72,1469
11378,12604,4787,1,57876.25,2022-06-12,12,4.5,1782
11379,17293,10889,1,5992.14,2022-09-02,24,8.87,809
11380,2091,14421,3,34375.06,2020-09-22,36,9.32,172
11381,17059,35643,2,41390.15,2022-04-15,36,7.9,576
11382,8304,29772,4,96295.77,2023-05-31,36,3.57,31
11383,10038,15270,3,41688.79,2021-11-30,48,5.03,47
11384,4142,16398,4,64367.31,2023-05-01,48,9.69,130
11385,14568,18605,2,8701.57,2020-10-28,60,5.87,352
11386,7282,3122,3,31280.45,2020-12-29,12,4.9,978
11387,7212,10601,4,21922.3,2020-11-14,24,6.2,1869
11388,8092,11569,2,67675.87,2020-09-24,48,7.59,1646
11389,13078,33680,4,58636.13,2023-09-21,12,4.43,1605
11390,15144,4988,1,34180.92,2020-08-24,12,4.0,58
11391,1620,2085,4,52331.38,2020-09-29,60,6.71,1130
11392,12009,24891,3,19986.7,2020-08-03,60,5.11,812
11393,5847,21453,2,61004.09,2021-03-08,12,6.13,1354
11394,6875,8759,4,80686.47,2022-05-09,60,9.42,768
11395,12436,13216,2,34623.74,2024-02-05,24,4.36,1848
11396,12900,13292,3,79928.47,2023-09-17,36,6.04,683
11397,840,32586,2,94146.37,2024-05-07,60,7.65,1407
11398,10578,753,4,71946.45,2023-10-29,48,3.91,1186
11399,4297,22852,3,9531.94,2021-10-24,12,4.83,997
11400,8276,17362,1,89688.12,2023-03-09,60,8.61,286
11401,3252,10322,4,86433.93,2023-09-17,12,6.95,1095
11402,10426,16182,3,49033.5,2023-07-06,60,7.06,1791
11403,14850,36743,2,98852.05,2020-09-07,12,8.03,1478
11404,17169,8674,3,50371.43,2023-01-21,60,9.21,886
11405,1173,3928,3,8037.29,2022-05-28,24,8.13,1591
11406,4435,4762,3,80306.59,2020-12-30,48,3.6,1859
11407,8490,2617,2,58585.08,2022-06-20,60,3.09,397
11408,18988,2191,2,18809.87,2021-12-27,36,5.59,1539
11409,2868,21157,4,60678.57,2022-08-16,48,8.46,26
11410,9325,36757,3,73980.5,2023-07-30,48,9.18,313
11411,8180,19987,3,95205.63,2024-01-23,36,8.62,126
11412,1206,27784,2,39363.77,2020-08-22,60,7.01,1432
11413,17658,59,3,62383.82,2023-12-13,36,8.21,1589
11414,19379,17666,1,22088.43,2024-02-09,60,9.09,1222
11415,7320,22626,1,53395.35,2021-06-17,24,9.82,811
11416,3210,26264,4,21864.28,2023-05-13,12,5.89,188
11417,18223,9789,4,37007.05,2021-12-07,48,9.59,698
11418,15335,8639,1,50527.99,2023-09-12,60,3.07,1841
11419,16058,10739,2,92555.0,2023-04-06,48,7.36,810
11420,10468,15671,2,50491.97,2022-03-14,36,8.41,716
11421,10884,14218,2,3297.45,2024-06-27,48,8.35,1508
11422,3069,3100,4,39117.58,2024-05-14,36,3.62,450
11423,8091,2025,1,42451.97,2023-05-14,24,4.63,523
11424,5437,25438,4,17227.46,2021-10-23,24,5.83,1895
11425,2669,24542,3,18827.14,2023-01-05,24,5.62,1378
11426,2904,35033,1,96438.98,2020-09-16,48,4.89,986
11427,6472,19499,2,25223.48,2023-09-09,48,5.77,658
11428,4214,11635,4,58649.19,2021-08-26,60,6.36,597
11429,6074,23531,1,31601.32,2021-10-09,60,3.3,100
11430,17143,17382,3,5455.92,2021-01-04,60,8.21,616
11431,18498,7706,4,72622.25,2021-01-08,48,5.46,948
11432,14807,32062,1,49802.4,2023-07-10,36,6.39,1582
11433,3059,29760,3,22480.32,2023-01-14,36,6.52,556
11434,9388,7562,2,65809.43,2022-12-25,60,8.3,278
11435,7468,33254,4,9890.67,2021-09-22,60,3.73,1717
11436,19831,11444,2,25443.31,2021-05-04,36,4.71,1723
11437,7072,14229,3,55679.79,2022-03-14,12,7.38,1650
11438,7554,28187,2,30343.37,2022-11-14,12,4.69,491
11439,11679,26790,1,49659.38,2023-09-07,36,4.81,255
11440,4237,13148,2,56119.49,2023-02-10,12,9.64,381
11441,6656,28355,4,7159.22,2022-08-21,12,8.6,892
11442,12725,15594,3,41529.78,2023-05-02,48,4.16,542
11443,1668,13437,1,38008.15,2020-12-25,60,6.07,1288
11444,6115,340,4,96480.82,2023-05-14,12,4.85,1634
11445,15552,20974,1,35511.02,2023-06-14,48,8.3,825
11446,9794,32793,1,12336.15,2021-10-09,60,7.61,879
11447,4943,23010,4,6727.49,2021-07-07,60,3.36,1353
11448,12414,26012,3,44530.16,2021-03-06,24,4.25,1139
11449,11703,33510,1,3920.04,2023-12-11,60,8.14,1300
11450,3738,32969,3,18057.95,2023-08-16,12,6.81,1512
11451,19920,35997,4,44984.05,2024-06-04,36,5.2,281
11452,11135,31409,4,60480.72,2021-07-21,24,8.5,1299
11453,4419,17601,1,61766.02,2021-07-21,36,9.49,773
11454,6944,9344,3,94244.02,2021-03-23,36,9.59,843
11455,10977,31173,1,94216.84,2023-02-05,24,5.77,719
11456,4470,6241,4,95852.18,2023-06-28,48,7.45,1920
11457,4625,2137,4,73990.98,2024-01-10,24,8.24,328
11458,17753,10823,4,98135.64,2021-02-25,36,4.05,211
11459,2042,32204,2,24428.18,2024-06-15,48,6.36,727
11460,16484,3253,4,39994.77,2022-10-15,60,9.47,923
11461,5101,32211,1,56161.19,2023-06-14,12,7.19,552
11462,2052,606,3,66934.99,2022-09-12,12,8.9,26
11463,1289,7749,3,72514.76,2023-06-15,24,4.18,27
11464,14746,10417,1,64720.35,2023-03-14,48,6.62,702
11465,47,24988,2,70029.75,2021-02-28,24,4.97,1107
11466,10261,30105,4,71148.0,2022-12-09,36,7.16,1920
11467,17187,35152,3,96155.24,2021-12-28,12,6.34,1970
11468,4743,21532,1,69414.18,2022-05-12,48,3.67,682
11469,10016,22683,4,88678.04,2022-11-29,24,4.55,413
11470,8277,11281,1,57600.66,2021-04-01,12,3.52,167
11471,5524,19743,3,59231.83,2022-08-07,12,8.74,1724
11472,14372,35460,1,54888.3,2022-01-17,36,6.56,169
11473,13620,36839,4,40248.43,2022-01-06,24,9.83,1825
11474,8777,10363,1,98206.48,2022-10-14,24,8.54,229
11475,11233,17955,4,99016.35,2021-07-28,24,3.88,1633
11476,4568,31356,2,14821.53,2023-09-02,48,4.65,367
11477,5048,32401,4,78390.91,2022-11-12,60,7.91,528
11478,6368,30122,2,22666.28,2021-10-15,60,7.95,791
11479,18267,39204,3,55503.76,2024-03-08,60,6.63,1671
11480,8638,23146,3,96896.93,2023-10-17,12,8.73,1562
11481,17487,17788,3,2363.84,2021-08-24,24,9.87,1888
11482,15856,22413,2,59755.78,2022-11-20,36,5.63,524
11483,6533,10462,2,75551.29,2021-12-17,24,8.06,1096
11484,11969,15505,2,51867.9,2023-10-02,12,5.88,1669
11485,10174,8857,2,58239.13,2023-11-27,36,3.05,106
11486,8196,39812,2,11710.24,2020-12-11,60,6.08,732
11487,19730,98,3,49966.96,2024-05-12,60,3.26,1909
11488,5723,598,2,65488.6,2022-10-04,12,7.11,965
11489,1287,13479,4,28851.21,2024-02-19,60,9.4,1713
11490,18615,14405,1,80196.45,2024-02-13,48,8.21,1306
11491,15116,31497,2,89118.55,2022-06-13,24,9.65,133
11492,9117,30561,1,63044.68,2023-04-17,36,6.98,534
11493,18792,13375,4,81133.92,2022-02-25,36,8.6,975
11494,9174,18292,2,89886.4,2022-07-05,24,3.8,269
11495,7183,1145,3,52002.22,2022-03-20,12,9.7,1436
11496,12071,27524,1,86335.91,2021-01-04,24,8.53,673
11497,1850,21438,3,28773.47,2023-05-30,48,8.01,1643
11498,13322,1851,2,78366.68,2022-04-28,60,3.53,791
11499,5863,6822,4,22722.57,2021-05-13,48,3.26,1889
11500,19479,4865,1,99662.34,2022-03-15,36,4.84,1771
11501,3934,19855,4,97917.93,2021-11-17,36,7.57,18
11502,221,36227,3,23313.7,2020-10-18,60,6.7,1778
11503,16280,36119,3,82958.86,2021-05-27,48,8.65,117
11504,16332,10691,3,79941.51,2022-10-03,12,4.2,798
11505,2654,8103,3,69942.17,2020-10-03,48,3.05,1818
11506,18777,38179,2,38007.12,2021-06-28,48,6.11,1168
11507,5036,38056,2,66052.43,2021-12-21,36,4.38,1741
11508,1727,39400,1,83259.92,2021-10-17,60,6.26,551
11509,2677,10048,3,88751.67,2023-07-22,60,3.59,929
11510,2242,36143,4,45040.46,2023-07-13,24,5.61,1690
11511,6373,34902,2,11228.85,2024-06-09,24,3.68,1712
11512,18423,32413,2,23668.44,2023-05-09,36,7.85,1985
11513,6238,8770,4,68267.26,2021-12-10,12,6.42,753
11514,10977,2465,2,6546.57,2022-03-02,36,8.85,422
11515,19575,16393,2,79658.79,2023-01-06,60,8.05,1922
11516,1909,30199,2,69863.19,2021-05-18,12,5.04,1393
11517,1292,13718,3,38351.26,2022-02-06,48,8.62,646
11518,18659,6268,4,19305.55,2022-08-13,48,3.27,558
11519,4945,18876,3,12046.22,2022-05-16,24,7.25,50
11520,4120,8497,3,75005.96,2023-10-18,12,5.02,678
11521,18225,8723,2,81343.75,2024-02-04,12,9.46,106
11522,7309,1375,3,89466.55,2023-04-08,36,8.23,1240
11523,17907,21409,2,65504.29,2023-03-30,12,3.75,658
11524,16273,8939,4,41893.3,2022-05-11,24,7.43,1947
11525,14081,15224,4,86022.73,2022-01-22,24,9.94,1449
11526,20,14049,3,23676.72,2021-02-18,24,3.84,1096
11527,10465,10097,1,86174.8,2021-03-01,36,3.83,988
11528,13478,9913,4,84906.36,2023-06-07,48,7.41,842
11529,19631,7566,2,18098.33,2023-11-30,24,4.59,1809
11530,6935,3600,2,83473.42,2022-07-25,36,7.25,1783
11531,18492,23181,4,30373.85,2022-09-09,60,3.7,446
11532,4556,26854,1,33597.26,2023-02-10,24,7.99,1949
11533,5696,34237,3,60432.85,2022-02-08,48,7.37,1210
11534,14646,36962,3,30703.32,2023-04-18,48,4.45,70
11535,8596,20962,3,90308.73,2023-07-01,36,5.72,1998
11536,2849,1964,3,21392.63,2020-12-14,48,5.27,150
11537,16454,26801,1,93222.21,2020-08-18,60,9.77,1270
11538,1712,31407,1,41003.34,2022-02-23,60,5.43,774
11539,6996,36882,4,22737.4,2022-04-11,12,6.46,1562
11540,16321,9872,1,73273.69,2023-04-23,12,8.57,1959
11541,9507,35176,1,39509.57,2023-02-23,48,7.3,1676
11542,17435,19428,1,63303.08,2022-11-12,36,9.31,1123
11543,6425,23937,3,42214.34,2021-01-23,24,5.02,1934
11544,18468,19017,4,5553.48,2023-07-22,60,7.75,1302
11545,8863,31383,3,68608.9,2021-11-05,36,9.9,1587
11546,4867,34172,2,80214.93,2024-04-13,48,3.95,1687
11547,2112,14943,3,85797.83,2021-12-11,48,5.27,944
11548,15074,33383,1,35403.37,2022-10-08,36,9.26,455
11549,18772,22411,1,71938.62,2023-12-15,12,6.75,1128
11550,17556,15446,3,85448.73,2024-02-15,12,9.74,946
11551,9930,27349,4,64545.0,2024-04-28,12,8.8,601
11552,1260,24639,2,96256.21,2021-08-17,24,6.71,653
11553,12264,6638,2,94201.18,2021-06-17,60,9.56,725
11554,12208,18889,1,61692.85,2024-01-05,24,8.64,233
11555,14895,14923,1,2708.18,2022-06-15,24,5.35,1418
11556,12222,35053,3,19601.17,2023-06-16,12,8.09,1525
11557,18187,15242,4,53053.07,2023-09-30,36,8.72,1719
11558,3558,31685,3,94784.13,2021-12-31,36,5.3,251
11559,19992,21906,3,78799.11,2024-02-20,24,3.26,1545
11560,12212,10354,4,58293.36,2021-06-05,48,8.62,79
11561,15216,37292,2,96141.18,2023-12-10,36,5.81,1076
11562,2097,31369,4,40778.26,2022-06-29,36,4.47,898
11563,12489,36962,3,36867.18,2020-12-09,48,8.53,921
11564,7688,36832,2,67112.33,2021-11-24,12,4.09,781
11565,13563,7004,3,82500.35,2023-05-16,24,4.4,226
11566,15172,24093,1,65691.33,2021-04-23,48,6.27,1075
11567,17725,23711,3,16775.59,2022-03-06,60,7.99,1210
11568,9206,25618,4,93097.61,2023-04-20,60,5.85,1058
11569,10279,11843,3,50625.66,2021-06-22,60,8.27,803
11570,17868,19594,4,48399.98,2024-07-01,36,8.77,742
11571,8912,20148,2,96243.15,2023-03-26,36,7.73,131
11572,12441,28275,4,1937.99,2022-12-27,60,9.78,1023
11573,4266,28872,3,62494.31,2023-05-18,12,7.16,632
11574,18825,39111,1,42329.66,2021-03-19,48,4.61,1467
11575,17982,23914,1,4817.66,2021-07-15,24,5.06,838
11576,7193,7565,1,64686.13,2024-04-27,60,4.33,759
11577,7698,5020,1,31530.52,2023-09-18,12,7.55,1456
11578,4498,17299,2,93270.81,2020-11-30,24,4.0,704
11579,11235,20949,3,80797.34,2020-11-26,60,6.76,497
11580,12713,14130,2,85756.08,2021-09-07,24,3.86,1427
11581,9071,25692,1,61323.7,2020-08-05,12,5.82,323
11582,14446,37684,3,70703.41,2021-04-16,48,5.95,1234
11583,6022,14140,3,82574.54,2021-04-03,24,5.3,615
11584,2067,3823,4,80137.37,2023-11-08,36,4.12,329
11585,16573,21102,1,82880.16,2023-04-19,24,6.47,1396
11586,635,1094,2,15769.88,2023-04-30,48,8.28,1484
11587,15277,36563,2,97220.47,2021-02-22,48,6.48,133
11588,7698,5422,4,53200.75,2023-01-14,60,5.87,835
11589,2118,38405,4,63253.47,2020-08-24,12,4.63,651
11590,5972,35458,3,71246.96,2023-02-26,60,7.61,121
11591,17715,36728,3,38722.08,2020-10-29,24,7.6,606
11592,11680,38257,2,65791.34,2023-01-16,12,7.33,1476
11593,11086,6106,3,37756.77,2022-01-08,60,8.98,965
11594,11538,34423,4,3168.61,2020-10-08,12,5.18,129
11595,14936,3942,2,16631.28,2022-07-10,60,8.87,1115
11596,13801,33304,1,83520.92,2021-03-21,24,6.83,1628
11597,10269,7061,2,49289.64,2022-03-24,24,6.21,1599
11598,6715,17864,1,73066.34,2020-10-13,24,7.71,29
11599,19619,10560,2,80169.41,2022-12-31,60,9.9,722
11600,12595,25382,4,9355.3,2023-10-11,48,3.74,1548
11601,7590,21470,3,95942.16,2024-06-22,24,6.1,333
11602,16034,3379,1,59868.71,2021-11-22,48,8.62,1321
11603,5905,25127,4,27661.27,2023-01-03,36,7.71,1154
11604,19622,4681,2,32193.21,2020-10-29,48,8.05,1317
11605,16597,28014,2,70687.59,2024-06-19,12,5.72,1197
11606,7222,34942,3,16508.74,2023-02-19,48,9.89,1744
11607,13336,18087,4,82610.26,2020-08-20,60,7.29,944
11608,14254,21897,4,76995.13,2022-11-18,60,6.27,1048
11609,280,8972,1,12917.94,2020-10-02,48,8.46,1123
11610,9373,7174,4,13427.88,2023-05-29,24,5.52,1430
11611,5256,6817,1,70858.72,2021-05-07,60,3.27,356
11612,11487,39447,4,8277.56,2021-08-19,48,9.04,139
11613,9056,15947,4,21420.77,2023-11-08,24,4.99,1527
11614,3445,30008,1,52583.44,2021-08-23,36,8.53,1850
11615,12734,4565,3,75048.31,2020-12-20,12,4.29,1198
11616,17515,14100,3,73695.93,2021-05-18,36,3.05,29
11617,14286,35014,1,90068.4,2021-12-12,60,5.45,931
11618,19196,4033,1,31940.09,2022-06-05,60,3.79,496
11619,16847,11221,2,26599.67,2020-12-22,36,3.85,1014
11620,18643,306,3,57421.45,2023-08-27,24,5.13,655
11621,8671,5381,2,35907.67,2022-05-10,24,6.96,828
11622,16667,26339,4,53583.12,2021-09-12,60,7.16,351
11623,13414,3537,2,97053.37,2020-08-24,24,3.42,554
11624,11423,16841,4,49351.2,2021-11-23,48,9.28,299
11625,7473,25191,4,86757.47,2023-02-06,48,7.46,1744
11626,7283,4581,4,51527.37,2024-06-23,24,4.9,1866
11627,15849,23895,3,52674.53,2023-05-24,60,4.09,1969
11628,19220,23306,3,86878.95,2021-12-29,60,8.1,1216
11629,3966,37854,3,30737.45,2023-05-14,48,9.26,1696
11630,18753,24780,3,13439.36,2022-11-29,36,4.23,64
11631,6502,22028,2,2687.16,2021-03-08,48,4.71,755
11632,660,16982,3,16254.37,2021-04-25,60,8.42,770
11633,10733,18148,4,28513.35,2021-04-28,12,5.62,1688
11634,5499,5120,2,36818.66,2021-10-16,48,5.08,1239
11635,11845,32338,1,70677.85,2024-01-19,24,4.2,834
11636,15882,17969,1,29756.64,2021-08-03,48,5.99,166
11637,10283,36852,3,1327.31,2022-11-10,36,4.46,1567
11638,4967,39466,2,10962.33,2022-11-14,24,9.86,1907
11639,16285,16676,2,79827.74,2022-03-27,36,5.82,1256
11640,19117,30514,1,99632.87,2021-07-25,48,4.62,1818
11641,18812,2139,2,36052.41,2021-06-28,24,4.3,1565
11642,16040,13985,3,84595.01,2022-01-04,12,5.84,1219
11643,15406,39514,2,34701.5,2022-04-17,36,8.82,506
11644,10446,3078,4,60812.93,2020-07-28,12,4.41,1358
11645,6705,25880,3,55131.14,2021-01-10,48,3.27,1792
11646,17481,9537,4,43209.48,2022-04-16,60,8.14,793
11647,4027,21973,1,49826.94,2023-07-14,12,3.83,1328
11648,15332,19626,4,6608.69,2020-11-29,60,8.06,833
11649,1931,10828,4,26111.56,2020-11-24,60,5.78,1461
11650,2187,25835,2,86604.89,2022-12-10,12,8.17,1347
11651,9156,11264,2,52597.15,2020-11-20,36,9.87,1526
11652,6195,38512,4,12143.02,2021-03-03,36,5.88,858
11653,8761,18914,1,83885.1,2020-10-16,12,9.22,1938
11654,841,13691,4,7583.6,2022-12-20,48,4.56,1417
11655,14345,20613,1,4576.04,2020-11-27,12,3.42,806
11656,18708,22324,2,75713.68,2021-02-15,12,7.83,1623
11657,17859,23808,4,54206.88,2020-07-09,24,7.5,1173
11658,13938,37485,1,76771.62,2024-01-26,24,4.89,761
11659,14711,22982,2,34879.66,2021-09-25,60,5.13,833
11660,4623,9788,2,66789.0,2021-12-18,12,8.13,1429
11661,11573,19739,3,61925.88,2023-01-12,48,9.83,283
11662,19963,13665,4,8089.76,2022-01-30,36,9.87,1386
11663,19365,30606,1,49449.54,2021-05-21,48,4.54,379
11664,10539,19600,3,44627.91,2021-02-13,60,6.73,198
11665,652,10992,2,10487.57,2023-11-17,60,8.29,1015
11666,17140,25497,3,7359.14,2024-04-16,60,9.41,1024
11667,10177,32437,2,45256.16,2022-04-06,12,5.03,556
11668,16785,22848,2,64299.93,2020-12-29,12,3.69,356
11669,248,18326,4,88201.19,2020-11-04,12,6.21,1564
11670,7045,15929,2,58690.34,2022-04-22,48,5.58,1453
11671,8321,39743,4,39848.49,2023-07-27,36,4.48,1041
11672,16845,12567,1,21175.62,2022-04-17,60,3.28,639
11673,9254,31762,4,4536.3,2020-09-02,12,4.58,379
11674,7765,9095,1,21399.42,2023-10-31,60,5.86,680
11675,620,38679,4,54839.18,2022-01-28,48,6.96,506
11676,10544,33934,2,39872.85,2022-07-05,36,4.74,1780
11677,3086,27711,3,15144.33,2021-10-06,12,4.78,899
11678,14093,37151,3,64396.11,2021-03-02,12,4.16,76
11679,15055,37793,1,96893.15,2020-12-21,60,7.84,231
11680,17613,17338,3,82885.43,2020-08-13,24,3.01,1740
11681,19772,24827,3,66398.06,2023-01-05,60,7.84,962
11682,16831,1593,4,79489.07,2021-02-15,48,9.45,1272
11683,3652,39812,4,39701.49,2022-06-07,48,5.37,302
11684,4246,20143,2,3963.03,2020-08-28,48,9.63,726
11685,18657,20930,4,82309.85,2022-10-22,24,3.13,215
11686,14946,19142,1,59766.59,2024-02-17,24,4.75,1182
11687,17910,6247,2,19269.43,2022-01-28,12,8.7,69
11688,10888,4941,2,98924.43,2023-08-31,48,3.54,393
11689,5448,38152,2,31901.48,2020-12-01,12,8.99,1109
11690,10532,21528,3,5106.54,2022-03-20,60,3.36,267
11691,13801,15437,4,67682.29,2021-07-10,48,3.94,1093
11692,13115,7291,3,12932.73,2022-03-29,24,3.02,611
11693,6664,25989,1,48777.87,2023-09-12,12,4.04,1371
11694,4288,3423,1,70489.07,2024-05-20,48,5.08,1009
11695,9325,35453,2,74488.64,2024-03-28,24,3.44,962
11696,3127,39542,1,40214.56,2023-03-09,48,6.93,728
11697,13571,15184,2,74769.58,2023-08-02,12,5.37,1951
11698,15708,18400,3,97849.49,2021-04-04,36,4.01,673
11699,10035,4220,2,45003.17,2020-07-11,24,4.33,423
11700,10025,26460,3,7347.89,2022-08-24,48,3.67,1630
11701,14213,25358,1,96666.51,2024-06-05,60,7.69,1198
11702,11478,6242,1,3815.8,2021-01-27,24,9.36,1701
11703,17187,8728,1,38788.2,2022-01-01,60,3.62,115
11704,12761,16252,1,81364.57,2021-04-05,60,5.54,220
11705,12999,348,2,76678.17,2022-11-09,12,7.58,1980
11706,9418,24229,3,73463.73,2023-06-04,24,9.01,31
11707,10832,6734,2,6270.73,2023-09-24,12,9.39,1547
11708,14586,22821,4,31859.36,2021-06-03,24,5.03,1367
11709,17425,2405,2,13745.65,2022-08-21,48,8.43,1401
11710,3384,37459,2,16579.31,2020-09-12,12,8.96,1154
11711,9934,17282,3,85866.78,2022-10-20,60,9.25,617
11712,4375,39581,4,91814.99,2023-04-07,12,3.28,539
11713,10934,31609,3,13503.86,2020-10-21,12,5.01,739
11714,14764,27380,3,11518.09,2023-11-10,24,6.96,1026
11715,11532,1021,4,74064.41,2024-03-12,60,5.95,871
11716,17583,34250,1,16200.58,2022-01-28,48,8.56,101
11717,5090,229,1,69282.24,2022-05-06,48,4.61,1557
11718,10757,20327,2,35670.25,2024-03-21,12,7.27,1082
11719,6843,30808,2,95619.86,2024-04-22,48,9.64,1413
11720,6927,36636,4,68797.3,2024-03-18,60,9.25,692
11721,4855,35043,4,82258.05,2021-06-27,48,9.84,941
11722,7286,14502,4,93554.46,2022-01-22,24,7.11,341
11723,12293,21167,4,62305.95,2023-07-15,24,5.93,861
11724,17845,11866,3,94621.8,2023-06-07,24,4.05,1044
11725,5405,23071,4,99600.02,2023-03-29,24,6.41,1279
11726,3365,5343,2,59261.07,2020-10-20,60,8.93,1341
11727,14964,12126,4,89528.91,2022-03-31,60,7.0,38
11728,7298,16942,1,25006.17,2020-11-29,48,4.14,660
11729,18357,35090,1,46056.85,2023-04-01,12,4.73,1561
11730,16534,39780,1,94665.71,2023-04-14,48,5.72,1410
11731,12527,553,3,30975.45,2021-12-17,60,6.7,1657
11732,18707,39628,3,22392.44,2023-09-06,48,4.0,928
11733,15292,25862,3,72492.68,2022-02-14,24,8.22,1050
11734,12646,26403,4,33392.68,2021-01-21,12,8.65,454
11735,14811,36281,3,31719.88,2021-09-13,36,9.1,1705
11736,18408,32312,1,6324.58,2022-05-01,12,9.72,1347
11737,3463,13062,1,98682.08,2022-02-26,36,9.43,737
11738,18630,29519,3,79558.41,2020-09-16,60,4.87,1537
11739,18911,29799,2,94425.71,2023-07-31,12,4.46,819
11740,7247,21887,3,60390.76,2021-03-27,36,7.06,773
11741,13756,18160,3,14493.77,2021-06-18,36,3.21,13
11742,4535,8088,4,86733.0,2023-06-25,12,5.81,915
11743,5442,28547,2,72480.58,2023-01-18,12,9.41,1932
11744,19286,30691,2,68222.62,2023-01-28,60,3.05,1584
11745,4542,39638,1,8488.91,2020-12-18,48,5.02,921
11746,13449,36064,4,39988.08,2020-08-08,60,8.69,825
11747,10703,3798,2,26787.39,2024-02-02,60,8.63,371
11748,3626,14407,2,48989.77,2022-11-22,36,8.11,1315
11749,747,26385,3,57375.1,2024-03-06,12,7.48,332
11750,19675,20417,1,85876.88,2023-05-26,12,8.0,1630
11751,9747,7637,4,10170.93,2022-12-26,12,4.69,261
11752,6100,20601,4,31733.49,2020-12-01,48,9.58,1814
11753,16477,11280,2,42309.69,2024-01-21,24,7.5,1895
11754,11023,36245,3,17225.38,2022-04-24,36,5.34,1229
11755,6217,3520,4,51100.62,2022-01-05,48,5.28,697
11756,11169,1835,4,84308.82,2021-11-03,48,9.42,687
11757,4703,37718,1,27055.5,2021-05-28,24,5.65,950
11758,15168,15381,3,54784.16,2024-04-04,24,3.06,387
11759,5129,20953,2,83365.44,2023-04-29,24,8.41,1916
11760,2191,37356,3,26097.96,2021-08-12,12,4.57,821
11761,8254,16081,1,99130.33,2022-09-12,48,5.95,468
11762,5272,6902,1,25413.99,2023-01-23,48,8.54,1439
11763,14236,7242,3,30404.83,2023-06-14,48,5.06,69
11764,2377,24503,3,27306.23,2023-08-20,48,3.47,1496
11765,5425,16110,2,76031.57,2024-04-15,60,4.41,1128
11766,1512,18669,3,65626.49,2020-11-26,60,7.78,1782
11767,15797,25045,4,22625.14,2023-11-19,60,7.2,1185
11768,15411,14064,3,16850.63,2020-11-15,48,7.27,200
11769,10280,2859,1,38646.17,2023-05-04,24,5.48,216
11770,226,23090,1,58523.86,2022-03-22,12,9.1,1970
11771,14724,26964,2,55895.75,2021-06-04,60,7.41,212
11772,6750,338,2,72301.74,2021-04-26,48,6.96,508
11773,17905,35770,2,58307.46,2023-04-29,12,9.53,16
11774,5335,32356,4,11502.57,2020-10-05,48,5.67,1522
11775,18447,33312,1,63491.68,2022-01-12,60,5.12,884
11776,4326,16271,4,41692.74,2024-02-03,24,5.16,332
11777,12976,38006,1,68917.89,2021-07-12,36,6.05,717
11778,5238,23633,1,79157.93,2023-09-01,60,9.58,1901
11779,8326,1008,1,32421.51,2021-05-03,12,6.8,551
11780,15815,10336,1,38350.25,2021-06-15,12,5.91,1625
11781,11064,6116,1,92782.48,2022-02-18,48,6.6,942
11782,850,29265,4,74645.34,2021-04-12,48,7.38,256
11783,15690,25658,4,33180.9,2023-12-23,36,4.97,992
11784,1952,5393,1,58275.1,2022-08-16,24,5.22,1790
11785,18341,17659,1,99658.05,2023-09-05,12,3.14,728
11786,17307,24242,2,8675.99,2023-11-24,24,9.62,880
11787,1560,4479,1,75217.46,2024-03-21,60,7.98,815
11788,1353,11916,2,14781.94,2021-03-19,12,3.38,1196
11789,5680,16796,4,57044.87,2022-01-22,36,6.7,649
11790,11893,24125,1,21596.34,2021-09-19,24,7.4,1000
11791,1338,17322,3,7876.84,2020-07-29,24,6.28,1522
11792,10408,4424,3,61241.8,2024-04-01,60,6.28,471
11793,8049,24507,3,62507.65,2020-11-27,48,8.31,1408
11794,15438,16776,3,40029.69,2023-01-20,24,4.1,690
11795,7111,8651,2,5861.7,2023-02-09,24,8.51,1613
11796,12197,4170,1,65678.92,2024-06-15,60,7.25,700
11797,136,5287,2,46655.51,2023-12-14,12,5.82,507
11798,6888,11066,1,85807.74,2020-11-25,60,9.04,992
11799,7548,5987,1,86961.66,2021-08-01,24,7.34,1010
11800,4133,19353,1,17526.23,2022-01-07,36,6.95,1551
11801,12408,18315,2,90879.21,2024-01-11,12,5.31,804
11802,8196,12821,2,48153.64,2023-05-10,24,3.54,831
11803,15720,27813,3,99517.54,2023-03-26,36,7.27,1349
11804,3006,17693,3,86474.69,2021-05-03,24,5.91,214
11805,441,33595,2,56165.38,2022-10-29,36,8.02,1232
11806,6396,5009,3,70120.92,2021-03-15,36,4.29,169
11807,358,5702,4,50242.1,2021-06-28,48,9.37,1354
11808,12232,2686,4,89387.7,2021-07-17,12,6.05,1304
11809,1591,13222,1,54628.85,2020-07-18,60,7.7,978
11810,5653,22128,3,74600.09,2021-09-02,24,9.8,1329
11811,5235,4554,1,68681.59,2023-03-24,24,8.07,146
11812,9100,5217,4,67663.7,2020-11-25,48,9.28,1799
11813,9977,38654,1,28977.24,2022-06-08,48,7.73,516
11814,16797,8364,2,85869.33,2020-09-25,36,7.76,1114
11815,15888,13773,2,74784.65,2022-10-26,36,9.87,453
11816,18875,24630,1,43140.78,2020-09-10,24,3.69,60
11817,15844,31742,4,61181.99,2021-05-10,60,9.84,1335
11818,10813,22013,1,63720.8,2022-07-20,36,4.27,528
11819,1269,10253,3,21965.03,2022-05-15,12,4.31,1251
11820,1819,27479,2,64479.31,2022-09-21,36,4.26,1024
11821,19761,26842,1,4385.62,2021-06-09,60,5.05,474
11822,19863,23433,3,63922.85,2023-09-24,36,3.52,2002
11823,349,27279,1,36274.17,2024-01-07,48,7.12,1565
11824,438,10020,3,51844.41,2022-04-30,36,8.37,1687
11825,8373,32582,2,64923.84,2023-10-25,60,3.63,757
11826,6774,6656,1,48365.89,2022-11-10,12,7.92,782
11827,14407,19225,2,64927.35,2021-04-23,24,9.02,1103
11828,16807,24009,1,75166.6,2022-04-14,48,7.1,433
11829,3276,4141,1,5243.06,2023-01-06,24,9.27,1825
11830,8233,22918,4,12771.94,2022-09-17,12,7.83,1177
11831,7776,7278,1,86233.57,2020-12-14,12,9.67,1813
11832,11848,26615,2,48443.33,2022-10-27,60,8.29,401
11833,11964,16207,1,72547.06,2020-09-02,24,6.52,1303
11834,8545,34965,3,33426.4,2023-02-24,24,7.63,57
11835,18961,1230,1,38575.41,2020-09-15,24,6.67,1003
11836,18522,34187,2,65915.45,2024-02-27,12,4.94,2001
11837,7914,5253,1,52627.62,2024-03-16,60,3.21,186
11838,16176,14709,3,8373.97,2024-02-17,48,5.94,398
11839,9101,5628,4,10899.33,2021-02-17,60,5.83,605
11840,15369,3171,4,22294.75,2023-08-21,24,9.62,788
11841,7569,20179,3,12718.88,2022-05-31,24,9.48,158
11842,16178,24924,3,30743.16,2022-01-23,48,5.57,1811
11843,14754,4214,3,95046.24,2020-08-19,12,7.01,1717
11844,15778,23599,4,40609.66,2023-06-05,12,9.57,1383
11845,3265,14470,3,79653.85,2023-11-11,36,4.45,1464
11846,15970,14747,2,20204.55,2022-05-28,48,5.6,589
11847,7892,1801,3,67935.73,2023-04-08,36,9.63,466
11848,6326,13508,4,37767.07,2021-11-05,12,3.27,1687
11849,19527,606,4,2200.38,2024-02-22,48,9.43,446
11850,14252,25670,2,68427.0,2022-07-02,24,4.69,1774
11851,13567,7305,2,58260.77,2021-03-08,48,4.74,801
11852,7006,27840,4,15894.67,2021-06-16,24,6.35,1767
11853,1458,19648,3,42863.27,2023-09-10,36,8.15,1512
11854,14620,4229,3,43278.69,2021-05-11,36,5.67,1554
11855,9041,26254,2,24891.23,2022-03-28,48,8.4,1097
11856,12198,8951,3,56380.42,2021-10-31,36,4.03,929
11857,10257,33331,2,80555.47,2020-11-15,60,3.62,1952
11858,17778,20914,2,59408.03,2020-08-15,48,8.99,1725
11859,16101,34014,1,7396.64,2021-09-16,48,5.12,1974
11860,9360,18515,4,92109.43,2022-09-21,24,4.29,17
11861,640,25281,4,35278.9,2023-05-31,36,5.64,1555
11862,9308,14713,4,45455.37,2023-04-08,36,3.32,731
11863,19412,5921,4,66291.99,2020-10-31,48,5.81,326
11864,15292,23021,4,95580.52,2022-06-26,12,8.61,995
11865,18000,23308,4,2418.34,2021-09-09,24,3.71,1656
11866,7393,21089,3,17856.58,2020-08-08,36,8.7,613
11867,5380,22582,2,93261.26,2022-02-04,60,3.45,546
11868,5439,4239,3,50556.29,2022-09-02,36,9.33,596
11869,6080,15064,2,65217.23,2024-02-17,12,4.98,921
11870,3232,31390,3,68506.32,2022-02-05,60,9.93,1732
11871,9368,29260,2,90412.62,2024-04-03,12,8.22,842
11872,6911,17893,3,68625.11,2024-04-15,24,5.0,1226
11873,3681,16278,2,86160.43,2020-09-02,12,6.1,344
11874,7771,18396,4,8627.99,2023-08-05,24,6.14,1877
11875,3713,15352,3,41612.72,2021-05-10,60,9.13,1547
11876,1350,8156,1,12967.32,2023-12-20,12,9.37,859
11877,13768,25173,4,15460.14,2021-07-02,36,9.84,1424
11878,12161,35679,3,97926.39,2023-10-17,36,5.02,1242
11879,3758,1868,1,23340.35,2021-12-07,36,6.76,445
11880,1969,5630,3,76358.91,2024-05-31,12,5.12,1789
11881,4182,28838,2,93828.26,2023-05-18,24,4.71,222
11882,4104,33338,3,34408.69,2021-01-28,24,4.23,1407
11883,15324,21948,2,59667.79,2023-11-02,36,7.25,1905
11884,14928,33245,3,37409.38,2021-12-13,12,5.6,592
11885,11497,1215,1,62105.5,2022-06-29,24,4.42,1031
11886,6452,10038,1,47488.37,2024-01-21,60,9.15,1296
11887,4997,11048,4,16866.63,2022-03-28,24,5.59,1763
11888,9838,8476,2,32025.12,2023-05-05,12,9.88,1018
11889,11360,32558,1,99757.61,2024-02-29,36,5.01,16
11890,5624,29943,3,20117.17,2024-04-14,36,6.79,1448
11891,3359,3675,1,68932.73,2021-07-25,12,3.01,524
11892,7634,2631,2,93736.2,2023-03-19,24,7.61,803
11893,3661,4682,1,46292.47,2020-07-21,24,7.83,1777
11894,19804,5872,3,41963.1,2023-07-08,36,9.2,21
11895,5317,34904,2,67081.12,2023-03-25,48,4.45,1714
11896,15023,27102,2,99826.0,2022-12-08,24,7.8,1963
11897,14237,411,1,52269.55,2023-01-08,60,6.05,228
11898,12236,28552,2,49310.97,2023-10-22,60,6.38,1008
11899,552,17226,1,43301.24,2023-10-01,12,3.34,1809
11900,5940,38217,2,27369.83,2024-05-24,12,4.69,1312
11901,15529,29684,1,30074.8,2023-12-13,12,9.77,809
11902,4652,25213,2,20480.32,2020-08-30,60,9.54,1158
11903,13465,25332,2,47872.76,2024-03-17,60,6.07,1307
11904,16684,29729,1,26755.43,2023-02-03,12,6.92,404
11905,16961,18134,2,13569.57,2023-08-19,60,5.85,1689
11906,8628,9974,2,28422.11,2021-09-15,36,7.73,1090
11907,13357,23689,1,80096.73,2021-10-26,36,9.7,1673
11908,1587,98,1,34438.64,2023-02-07,12,7.9,1628
11909,197,2961,3,38633.55,2021-02-04,36,8.64,437
11910,3562,31336,2,58437.97,2023-07-11,48,9.89,829
11911,1457,26731,3,46261.76,2022-12-05,12,5.7,934
11912,13633,39441,1,98992.69,2020-08-25,60,4.49,259
11913,1719,18861,1,45581.68,2022-02-23,48,4.71,1990
11914,16025,1237,2,72984.39,2023-09-14,60,5.87,103
11915,18571,26465,1,45607.5,2021-04-26,60,5.29,993
11916,6214,6637,1,64822.1,2020-12-25,12,5.35,1591
11917,1310,3060,3,16764.58,2024-01-25,60,7.0,769
11918,6833,27395,1,9506.58,2023-08-19,48,3.22,1125
11919,13278,7101,1,62816.64,2020-08-07,12,5.33,1222
11920,2978,31664,2,16992.55,2023-02-23,60,3.61,813
11921,2571,17120,4,10560.38,2023-09-22,24,6.86,226
11922,1264,14816,4,31686.81,2020-08-10,12,3.38,943
11923,3307,22186,1,9885.95,2024-03-22,24,7.58,463
11924,5150,32370,3,87784.61,2021-11-10,36,8.21,237
11925,2780,11145,2,98194.27,2022-02-23,60,9.74,1050
11926,14685,8710,1,7625.14,2021-08-31,12,9.17,1145
11927,6144,18001,3,51915.69,2023-01-15,12,3.82,1934
11928,5841,29039,1,88425.03,2024-01-27,36,3.38,506
11929,15277,1844,4,80970.7,2022-11-01,36,9.72,1206
11930,11911,16810,2,49822.79,2021-08-02,36,4.3,1735
11931,2779,28812,4,49631.23,2024-03-18,48,4.72,814
11932,16281,37410,3,9635.27,2022-04-06,12,4.66,767
11933,15081,16080,3,98827.37,2022-10-12,12,8.32,634
11934,13828,12141,1,77475.22,2024-05-12,48,5.04,1567
11935,695,23713,1,38295.43,2023-06-25,48,6.07,1339
11936,11596,32974,2,97371.79,2023-05-22,60,5.08,991
11937,8490,17534,2,82131.12,2021-10-28,48,3.39,1821
11938,10849,27620,2,91052.59,2024-06-18,36,9.72,618
11939,2851,7685,4,45709.39,2022-04-13,60,5.57,1760
11940,6628,13576,2,32415.05,2021-03-03,60,7.07,273
11941,7382,2987,4,64208.9,2020-10-14,60,9.72,1934
11942,19489,15942,2,32895.56,2022-04-27,24,3.65,232
11943,5161,25960,1,45866.3,2022-08-05,60,9.25,1444
11944,10588,7165,3,84292.55,2023-08-18,60,6.61,768
11945,10693,34703,2,56782.47,2022-11-23,12,8.9,1466
11946,17787,28764,4,93572.44,2022-11-16,36,7.89,496
11947,19090,7633,3,54583.84,2023-08-29,12,7.32,1048
11948,10680,11198,3,85732.17,2022-09-02,48,6.35,1133
11949,4922,29078,3,58553.06,2023-05-03,24,4.53,1727
11950,18360,37187,2,23530.76,2023-08-26,48,8.68,502
11951,9343,19768,2,38107.08,2023-05-12,48,4.6,1883
11952,19067,37718,1,67325.86,2023-10-30,36,9.59,25
11953,18710,8331,1,61656.01,2023-05-22,24,7.39,1211
11954,6250,27963,3,11515.87,2021-05-20,60,3.73,288
11955,9026,301,1,56021.51,2022-08-27,24,8.97,1652
11956,16888,23134,2,58142.71,2023-01-09,24,8.11,338
11957,3809,36747,1,76955.17,2023-12-18,36,4.45,1902
11958,2019,21668,3,24240.96,2022-08-14,12,6.71,1938
11959,4207,7598,1,34248.72,2024-04-08,24,5.65,1061
11960,684,17196,2,31854.56,2021-12-15,24,5.68,1818
11961,16041,32472,4,40126.01,2021-05-31,48,6.79,137
11962,5499,15491,2,74358.86,2020-10-14,48,7.38,508
11963,6945,39930,4,30594.35,2020-08-31,36,9.4,227
11964,17996,20447,3,55656.15,2021-08-22,48,4.41,320
11965,16469,39067,2,5799.26,2021-09-02,12,5.32,1864
11966,18353,5786,3,35835.03,2020-08-06,36,8.61,916
11967,10115,22765,1,69890.04,2023-01-11,48,6.24,1206
11968,10179,27921,4,37029.59,2023-02-15,24,3.11,1898
11969,11921,35420,4,77116.99,2020-09-08,48,6.64,86
11970,15271,19816,3,23016.58,2020-08-17,48,8.48,1491
11971,9108,17358,4,16250.55,2021-01-30,12,3.19,926
11972,10236,18046,3,81689.45,2021-03-10,60,5.18,53
11973,13672,27,4,83987.57,2020-09-29,24,5.81,860
11974,17982,25108,2,58928.78,2023-05-09,24,6.91,867
11975,1726,37892,3,82558.42,2023-09-28,60,7.48,1259
11976,18006,17561,2,37365.89,2022-10-18,12,3.27,1983
11977,465,11382,4,39791.9,2023-12-20,48,7.37,1803
11978,12418,32467,2,22764.66,2020-09-17,60,4.3,1823
11979,9920,7111,4,21750.82,2021-04-26,48,7.15,433
11980,3232,35628,3,40230.95,2021-07-12,36,8.2,1520
11981,4203,6779,1,16636.74,2023-05-21,12,4.15,999
11982,6056,3835,4,31755.41,2022-11-06,60,3.55,100
11983,13904,7056,2,33570.27,2022-02-12,48,9.67,990
11984,2124,862,2,54013.54,2023-08-25,36,4.81,599
11985,2080,21306,2,37474.19,2022-12-15,36,5.9,403
11986,7371,15761,3,19602.28,2021-12-30,48,4.8,396
11987,13923,1085,1,39057.62,2021-06-28,24,7.55,1551
11988,10706,1024,4,14129.91,2024-02-20,12,9.49,415
11989,9785,37666,1,40970.74,2022-11-13,36,8.79,939
11990,19872,11580,4,84270.93,2021-11-22,36,9.1,1637
11991,6087,12658,4,85579.64,2022-07-19,12,8.51,677
11992,3393,2534,4,86069.93,2020-11-15,12,5.64,463
11993,5696,15576,4,26648.83,2023-08-20,48,8.38,541
11994,17665,15245,3,11464.01,2021-08-28,36,7.63,1650
11995,3775,15373,3,13659.89,2021-11-07,12,9.74,1643
11996,4368,10865,1,84430.28,2021-02-11,48,3.91,1946
11997,17874,34304,2,38994.64,2021-01-09,48,6.44,1388
11998,13057,16772,2,17013.05,2020-11-09,48,3.21,1154
11999,2277,22127,1,61745.23,2020-07-25,12,5.04,84
12000,3970,9087,3,28002.4,2022-12-01,24,5.91,271
12001,18290,7273,4,99473.37,2021-02-18,48,4.11,244
12002,4005,26833,3,65665.62,2020-08-04,48,8.23,388
12003,19195,2490,2,26240.09,2021-07-28,36,4.94,214
12004,2238,27839,4,57725.73,2020-10-19,60,4.25,818
12005,2633,13474,4,23446.21,2021-09-03,24,8.25,1190
12006,4649,29239,4,84028.01,2021-03-25,12,8.43,1815
12007,3825,36990,1,81595.45,2021-01-20,24,4.67,59
12008,13150,29523,3,90764.77,2020-07-21,48,4.24,1626
12009,19954,27636,4,78636.62,2021-06-25,60,3.99,883
12010,14888,19468,3,96098.04,2022-03-18,24,5.5,843
12011,826,17521,2,60633.07,2021-05-30,36,7.9,924
12012,18333,38216,2,5106.17,2023-07-11,36,8.44,1528
12013,9806,38096,3,60481.35,2022-02-04,36,5.53,1730
12014,6012,25538,2,90316.8,2023-05-14,60,4.86,123
12015,14586,35578,3,58075.89,2024-02-17,60,7.98,1672
12016,12815,3399,2,87601.29,2023-06-11,60,3.19,1437
12017,4740,36365,1,72290.38,2023-05-28,48,4.57,1163
12018,17752,27236,1,80071.89,2021-06-20,36,6.35,1253
12019,2825,19451,1,56916.52,2022-07-07,60,4.0,1298
12020,6167,14531,4,26137.78,2021-03-16,48,5.43,439
12021,8882,21186,2,56012.88,2023-12-02,36,9.17,1022
12022,9765,18080,2,33972.17,2023-06-04,12,5.67,562
12023,7690,2110,2,9741.79,2024-01-07,24,5.89,1934
12024,9158,39001,2,7202.86,2020-08-30,48,6.92,118
12025,6486,38693,4,45193.39,2023-10-30,36,7.98,1738
12026,16800,17813,4,69065.4,2023-01-28,60,6.22,905
12027,7796,1085,2,80769.19,2023-08-21,24,5.95,1507
12028,4563,15565,2,25780.95,2020-09-24,60,9.73,395
12029,4745,23932,4,58620.16,2020-11-17,36,5.11,1727
12030,19724,29965,3,77838.17,2020-11-03,48,7.75,876
12031,11906,25805,2,73553.46,2022-11-12,48,9.22,1484
12032,19657,12593,2,21961.55,2022-02-18,24,8.98,1859
12033,11484,11756,2,87092.57,2023-07-18,24,7.06,1717
12034,10297,3702,2,50817.19,2021-04-15,48,8.01,935
12035,18512,18571,2,44339.24,2020-08-12,60,3.65,1102
12036,9494,37931,4,5062.31,2022-02-14,36,4.97,952
12037,11374,37661,1,19431.3,2022-04-21,24,4.57,1436
12038,514,4064,4,59564.36,2024-01-01,12,4.75,75
12039,13366,23806,4,61359.73,2023-10-04,12,8.79,295
12040,4293,32680,2,28770.03,2020-09-19,60,7.81,1817
12041,16344,28053,3,36701.7,2023-08-05,60,6.96,21
12042,10805,297,3,91575.76,2021-04-26,36,6.88,1930
12043,7141,33799,1,21237.68,2021-04-27,36,4.45,1195
12044,7023,23680,1,24200.97,2020-07-05,60,5.66,1039
12045,681,10600,4,94190.4,2023-10-12,24,4.74,1235
12046,12191,25189,4,12791.04,2022-11-14,48,6.57,560
12047,16565,8910,4,81254.87,2023-09-04,24,7.23,1110
12048,1580,6951,2,44470.34,2022-09-30,12,4.66,1173
12049,594,6177,3,32329.49,2024-02-16,48,5.96,1724
12050,16875,18954,3,78288.84,2022-01-11,36,8.57,372
12051,7941,38118,1,40490.83,2024-01-19,48,6.99,1504
12052,223,30960,2,14585.25,2022-05-05,36,3.22,818
12053,19136,34609,1,68797.15,2023-12-06,12,8.77,1175
12054,10521,22915,2,7149.31,2024-04-09,48,8.74,1165
12055,17424,36046,4,27073.15,2024-05-28,24,5.64,1093
12056,1859,15637,2,97881.45,2022-05-14,24,9.17,1284
12057,14505,20230,4,6711.57,2021-04-16,48,9.77,846
12058,14190,19589,4,13757.64,2021-09-05,60,3.22,1992
12059,16506,35915,1,4064.89,2023-09-15,12,7.09,521
12060,16211,8102,1,55923.19,2023-12-01,24,3.27,1657
12061,5690,35271,4,91031.83,2020-08-24,36,3.35,371
12062,1486,16651,2,57203.24,2022-12-28,12,4.45,1443
12063,16132,37494,4,29580.45,2024-05-23,60,4.14,101
12064,9429,11537,4,34665.43,2021-11-29,12,8.22,661
12065,5665,30110,4,94789.46,2023-11-22,48,8.82,1978
12066,12255,2043,4,97721.14,2021-03-06,12,6.59,1682
12067,8384,27633,3,49327.7,2021-08-24,24,6.42,1889
12068,4304,25431,2,22653.63,2022-03-12,36,9.25,968
12069,4366,19526,2,93536.72,2022-12-24,60,3.98,243
12070,17882,26664,2,64118.53,2021-05-25,60,4.39,753
12071,6800,2607,3,81819.52,2020-10-19,60,7.57,512
12072,17202,186,3,84288.98,2023-07-10,12,9.01,849
12073,17247,18659,2,2386.41,2022-02-06,12,5.02,555
12074,5103,35658,4,53039.3,2022-03-27,48,3.11,1119
12075,15134,4568,3,6102.55,2021-02-26,12,8.49,226
12076,8938,36852,4,93058.56,2021-03-26,60,6.34,1542
12077,2756,23076,3,9641.18,2023-03-13,36,9.14,214
12078,6615,19611,1,71257.19,2020-12-24,36,7.77,718
12079,16352,2742,3,93860.1,2024-02-06,36,3.47,67
12080,13501,30391,2,52456.49,2022-08-14,36,7.2,396
12081,13362,19056,4,64306.56,2022-12-20,48,6.78,612
12082,5952,16417,2,2895.32,2021-05-18,48,8.47,1036
12083,4406,25518,2,91849.62,2021-05-06,48,4.47,1261
12084,13006,14425,1,29317.88,2022-01-01,48,6.72,1858
12085,12743,24845,2,98135.6,2021-06-01,24,3.63,770
12086,16669,36752,1,13809.58,2022-05-12,12,5.69,1423
12087,14311,32895,1,19658.12,2024-01-09,36,4.85,407
12088,14308,16761,1,48063.35,2023-12-03,36,8.64,925
12089,16008,21352,2,61370.92,2021-03-06,60,5.93,1873
12090,13470,8019,3,82835.63,2021-05-22,36,9.25,1504
12091,16504,5782,4,76373.93,2020-08-12,24,6.33,647
12092,7513,15628,4,78149.81,2022-01-24,12,4.67,222
12093,17822,1752,4,1742.4,2023-05-18,12,3.73,1180
12094,14996,10962,1,50714.64,2023-02-14,12,9.69,654
12095,17519,34105,1,99348.52,2023-01-13,36,9.9,428
12096,15083,36269,1,49457.06,2021-08-24,12,8.47,1182
12097,5809,10674,2,98154.61,2023-10-18,24,6.75,977
12098,4708,18250,1,32721.21,2024-04-07,60,6.05,1440
12099,6281,16009,4,52914.8,2022-11-05,36,9.58,1006
12100,13554,15023,4,52192.94,2022-03-07,60,6.33,1350
12101,19169,10325,2,1262.84,2022-03-25,36,3.53,371
12102,13027,36789,4,61965.44,2021-04-07,12,5.69,1368
12103,2101,9075,2,64660.83,2021-10-28,48,5.07,1286
12104,12908,28829,3,78428.39,2023-03-17,12,7.97,1307
12105,5952,30255,2,88300.28,2023-06-01,12,9.37,850
12106,4350,16077,2,45320.94,2024-01-20,24,7.14,856
12107,6398,32345,2,45214.05,2022-01-22,12,8.68,229
12108,17806,38991,3,31822.07,2020-09-03,12,7.33,1912
12109,868,16488,4,71102.89,2023-07-01,48,9.22,280
12110,6963,14500,4,72911.42,2020-10-31,12,7.49,1894
12111,12960,11707,4,16545.13,2022-01-08,24,8.06,1314
12112,16503,29082,1,58758.77,2024-03-18,48,8.36,1704
12113,2001,14343,4,12105.72,2021-03-27,60,9.61,1071
12114,12825,13708,3,11053.93,2021-04-19,48,6.97,975
12115,643,24478,1,45827.02,2023-04-04,12,8.32,1739
12116,13131,4665,2,44379.27,2023-07-08,36,3.39,1238
12117,2448,16582,2,15936.1,2021-06-26,12,6.91,758
12118,10891,39014,3,33231.33,2022-05-24,24,4.7,1048
12119,3881,32866,1,77597.69,2023-10-03,24,8.8,321
12120,15745,29562,3,98035.56,2022-08-17,12,8.48,274
12121,14352,39485,2,92331.84,2024-03-19,12,7.19,556
12122,9931,15081,1,52680.85,2023-03-03,24,5.02,844
12123,2401,5755,3,67850.35,2021-10-10,60,9.61,1337
12124,15160,34082,4,18911.73,2021-09-10,48,5.42,1387
12125,14916,468,2,89174.62,2024-02-10,36,3.24,668
12126,16435,4451,3,61880.25,2020-07-29,48,6.36,1000
12127,15007,28712,2,98650.76,2021-07-12,36,5.65,380
12128,1055,7824,2,29899.6,2023-03-17,24,6.38,711
12129,19254,32424,2,18165.15,2023-04-15,48,8.93,1943
12130,13634,17865,1,83162.93,2020-12-27,60,4.91,1698
12131,11312,19680,2,55674.57,2021-09-13,36,9.23,1931
12132,8352,37059,1,11169.42,2023-06-09,24,8.34,1494
12133,10219,16453,1,64124.28,2022-08-29,24,8.59,746
12134,14121,14676,2,77370.51,2023-12-20,48,7.45,675
12135,14283,16368,3,66010.67,2022-08-21,60,9.38,116
12136,13237,33232,1,60440.96,2023-07-02,36,8.39,605
12137,14604,4278,1,38664.42,2023-07-05,36,5.98,1066
12138,8566,9853,3,92291.69,2021-06-15,12,8.56,1820
12139,206,23395,3,27659.23,2021-09-07,36,4.74,379
12140,13791,12501,3,14416.0,2022-10-31,12,4.59,1746
12141,4882,4255,1,84657.4,2023-06-07,48,4.5,1230
12142,9175,32640,2,50122.13,2023-07-03,60,5.08,466
12143,959,34602,2,5837.46,2021-09-04,60,5.68,1756
12144,942,10557,3,40675.96,2022-03-13,24,9.95,280
12145,2256,13385,3,77873.36,2020-07-25,24,8.02,1672
12146,8621,1209,1,6240.51,2022-10-10,24,5.23,618
12147,9785,16596,2,51111.33,2023-12-05,48,7.41,118
12148,13804,18873,3,1499.8,2020-07-30,60,4.46,1261
12149,5928,24558,1,69525.98,2023-08-16,60,4.27,309
12150,12017,28076,1,18065.67,2024-02-01,36,9.11,1480
12151,6119,24094,4,76865.43,2021-11-22,60,6.06,1924
12152,12217,7441,2,81863.24,2022-03-01,36,5.2,1499
12153,6212,14845,3,99698.98,2021-06-06,48,3.43,100
12154,12588,13741,4,93961.48,2020-08-18,60,9.47,261
12155,5483,14209,1,22360.95,2022-10-11,60,4.94,993
12156,5114,35445,4,33275.27,2020-10-03,24,9.33,1329
12157,403,27366,4,23939.98,2021-04-14,24,6.81,1378
12158,15598,34220,3,54405.2,2024-01-21,36,4.23,286
12159,7296,2781,1,60552.09,2021-08-02,12,5.15,328
12160,12543,18243,1,31655.56,2023-05-01,48,5.89,1127
12161,11460,39923,2,97743.3,2023-06-29,24,8.35,63
12162,12046,8160,3,68615.52,2022-05-28,60,9.77,687
12163,6494,23777,4,70056.5,2022-10-02,12,5.41,1306
12164,15182,37255,2,96696.08,2021-08-15,36,7.02,1465
12165,5875,27877,1,50261.81,2020-08-02,48,5.97,1317
12166,4253,31616,3,55939.51,2024-04-02,24,4.66,738
12167,7776,7048,1,61830.9,2020-10-06,60,5.97,1031
12168,16270,13528,3,24620.14,2023-03-05,24,3.74,639
12169,13557,2855,3,1076.02,2020-10-31,48,5.44,936
12170,16477,17897,2,91623.44,2023-08-28,12,4.75,1116
12171,12237,12247,2,87505.95,2021-08-10,12,7.99,1959
12172,11765,21379,3,48352.05,2021-06-15,60,5.15,1214
12173,7483,429,1,85320.95,2022-09-27,24,4.66,1895
12174,1251,25563,3,44560.61,2022-11-17,60,4.99,476
12175,14595,1317,1,90172.44,2023-12-06,24,9.33,1535
12176,12841,9012,1,33585.74,2020-07-07,48,7.25,1486
12177,4472,24144,1,48868.09,2021-05-13,36,8.99,53
12178,9371,25331,4,6058.05,2023-06-14,36,3.39,754
12179,3003,3387,4,23744.22,2023-05-31,12,8.17,486
12180,13026,13160,2,3910.96,2022-05-01,60,7.63,1668
12181,13151,13031,1,76931.99,2020-12-18,60,7.39,1514
12182,5395,4851,1,11408.36,2022-10-03,12,8.79,2002
12183,19734,34233,2,1727.98,2021-08-08,60,4.67,1388
12184,15161,19407,3,85753.25,2024-02-26,48,5.46,1136
12185,17199,8843,2,10718.7,2024-05-27,48,8.45,409
12186,17929,14849,1,80298.95,2024-01-01,24,5.32,1031
12187,10287,35205,4,37779.96,2021-11-26,36,7.27,1766
12188,5028,26036,4,42850.39,2023-05-28,48,9.7,668
12189,9635,20093,2,44730.76,2022-04-22,60,9.98,1221
12190,6526,31859,4,57910.66,2021-07-05,60,6.89,835
12191,191,14715,1,61098.86,2024-06-13,60,3.28,876
12192,2609,30246,3,36483.01,2020-08-21,24,4.56,1759
12193,10249,24433,4,35709.81,2024-04-11,60,5.19,367
12194,12622,28069,2,23298.53,2020-09-08,24,3.11,1002
12195,16235,37364,1,81905.21,2022-10-07,12,6.0,250
12196,8077,13112,1,31321.77,2022-03-09,48,7.27,1940
12197,8757,4212,3,49236.04,2021-11-24,36,4.83,1619
12198,7711,6419,2,16931.51,2022-04-09,24,8.87,1264
12199,1174,34957,3,30691.64,2022-01-11,12,5.81,380
12200,14311,37692,3,75380.54,2024-02-12,12,3.63,1931
12201,7034,23916,2,51152.96,2024-04-26,60,9.39,872
12202,16529,3449,3,11666.43,2023-04-24,48,8.1,835
12203,16557,39926,4,24162.02,2023-02-15,24,9.73,1495
12204,11628,13615,3,70957.7,2022-07-24,48,4.48,775
12205,2654,38380,1,26492.22,2023-11-12,48,3.94,919
12206,14386,25611,4,92922.95,2023-06-01,48,7.58,1725
12207,19674,1341,1,10476.61,2022-05-06,48,8.93,455
12208,10221,3059,4,67612.76,2021-10-06,48,8.92,366
12209,17788,33964,4,9852.43,2024-06-25,24,7.11,1314
12210,18531,3609,2,63264.68,2022-04-12,48,6.84,1898
12211,9649,35355,3,52057.95,2021-03-22,48,9.01,403
12212,12616,1955,3,74242.79,2022-11-17,12,8.33,58
12213,7936,6379,3,30775.87,2024-01-05,36,9.54,521
12214,14140,37319,3,91513.79,2023-07-25,36,5.32,1328
12215,7808,3960,1,88844.76,2022-01-03,60,8.54,1139
12216,7379,13327,1,98035.7,2022-06-22,36,6.43,210
12217,19066,19503,4,66935.56,2024-02-26,48,8.51,1065
12218,1236,36981,2,26376.91,2022-07-01,24,8.41,816
12219,19775,13684,1,25349.95,2021-05-11,48,6.24,173
12220,16289,3202,3,2612.5,2021-08-22,24,8.57,234
12221,10973,34446,2,97902.66,2022-03-31,48,6.44,793
12222,8436,21875,1,18850.18,2023-06-01,60,4.37,1908
12223,9664,32978,4,40537.52,2023-03-01,12,3.29,1614
12224,11463,19072,1,39645.88,2022-09-15,36,3.25,1644
12225,19818,10217,2,28496.59,2021-12-05,36,6.65,793
12226,16259,22958,2,93646.44,2022-09-28,60,4.83,1427
12227,4725,1175,3,8039.9,2021-08-09,36,8.94,1063
12228,8582,13198,4,54064.12,2023-01-11,24,4.28,119
12229,6982,22568,3,86114.15,2023-08-13,24,3.81,335
12230,17288,27638,4,26786.25,2023-06-07,36,4.39,1360
12231,19326,8118,3,6025.05,2023-09-15,48,8.04,1563
12232,8504,6700,2,94378.72,2022-03-03,48,3.82,1640
12233,8998,6521,2,66773.31,2021-12-07,12,3.46,1098
12234,17180,13756,2,35519.01,2020-11-23,24,9.33,1215
12235,17697,29007,2,97288.97,2021-11-10,36,8.21,324
12236,18377,3374,1,17915.59,2023-02-23,12,3.36,1011
12237,18955,17188,2,81742.97,2022-12-18,12,5.27,1171
12238,11356,39701,1,88391.62,2020-12-22,48,3.89,1791
12239,13992,35619,2,77220.34,2021-05-09,60,6.4,284
12240,17391,36466,1,28610.08,2024-04-04,12,5.88,213
12241,15576,1021,3,92380.89,2022-09-08,36,4.97,1659
12242,15304,13690,1,1753.33,2022-08-05,48,7.59,1742
12243,13813,11278,3,54828.3,2023-12-05,24,4.76,929
12244,19337,33338,1,32728.16,2020-09-01,36,8.53,752
12245,741,19450,4,31834.69,2023-02-04,60,8.8,1418
12246,15162,14626,3,6462.32,2020-08-03,24,6.63,339
12247,17520,18147,2,38741.02,2020-08-31,36,4.67,1822
12248,19451,14836,3,41327.0,2023-01-02,12,9.63,1046
12249,15908,28632,2,81799.47,2024-01-03,48,7.87,1795
12250,2649,11793,2,62955.08,2020-10-10,48,6.79,1893
12251,16195,8351,1,14053.1,2021-03-25,48,9.18,105
12252,7400,21919,1,74212.83,2021-12-30,12,4.4,1490
12253,15011,17232,1,76017.83,2021-10-23,24,9.21,1483
12254,8594,15295,1,79119.78,2022-03-08,12,9.6,1456
12255,18077,13252,1,33502.74,2020-11-13,48,4.93,770
12256,8461,32483,3,83351.29,2020-10-30,36,3.93,716
12257,12096,915,2,25919.51,2023-12-30,12,5.77,1846
12258,14924,8605,1,69100.86,2022-01-02,60,6.44,1798
12259,5798,27117,4,49503.68,2022-01-29,60,4.62,1643
12260,542,23961,4,86255.43,2022-12-29,36,6.78,763
12261,2258,31771,1,83931.55,2024-04-18,60,9.06,1960
12262,17274,11356,4,82434.26,2023-03-15,12,6.51,1245
12263,13531,35075,3,77783.54,2021-09-12,60,7.41,379
12264,1197,15333,2,19006.32,2022-03-23,12,8.06,1246
12265,7284,39861,4,57453.7,2021-04-12,24,6.05,1282
12266,8980,7838,1,40274.98,2023-12-22,36,7.8,713
12267,17616,19214,4,69305.53,2022-01-11,36,8.88,1391
12268,1787,31478,2,76764.41,2020-07-13,60,6.83,1794
12269,18608,24398,4,88957.31,2023-07-03,24,4.26,1373
12270,2244,3032,1,73404.53,2021-06-17,36,4.46,225
12271,5542,27368,4,5869.03,2024-07-02,24,7.67,1738
12272,15674,24058,1,2198.35,2022-01-12,48,6.12,738
12273,13003,19681,1,39647.39,2021-12-22,48,6.25,236
12274,16556,29157,1,65512.69,2021-10-27,48,9.43,183
12275,9526,998,2,67645.66,2023-03-02,36,8.21,712
12276,7838,21457,2,88457.85,2023-10-04,24,9.85,1893
12277,17521,35759,3,73376.77,2024-03-01,24,5.51,1782
12278,17500,38857,2,83752.58,2020-11-24,12,8.38,444
12279,6035,28505,3,23426.71,2023-06-05,36,5.2,1889
12280,921,10117,1,66526.84,2024-05-21,12,8.1,623
12281,18217,12941,4,7150.35,2021-07-17,24,5.04,1030
12282,8481,11384,3,92387.06,2024-04-04,24,4.63,1260
12283,10237,18788,3,4422.75,2023-05-22,12,6.36,1151
12284,11929,7447,3,78685.9,2024-03-07,48,5.52,1128
12285,13089,33941,2,93998.13,2020-12-13,12,8.34,749
12286,12575,18977,3,22405.16,2021-07-22,48,6.78,1939
12287,9868,2213,1,67899.22,2021-05-08,24,3.27,1504
12288,11677,11437,2,96470.26,2024-04-02,24,3.25,155
12289,19010,34360,3,88906.07,2023-04-10,60,9.13,257
12290,17660,12704,2,36189.31,2024-03-07,36,4.16,235
12291,9913,31620,4,89787.71,2023-05-12,48,3.29,500
12292,10428,7878,3,8625.24,2020-12-24,60,7.11,289
12293,2382,13673,4,52394.11,2023-11-22,36,4.33,510
12294,26,26786,3,69676.84,2021-06-15,60,3.69,1576
12295,6696,9878,3,57997.38,2023-07-10,60,4.19,1824
12296,3566,12949,3,75472.62,2021-12-12,48,9.25,709
12297,6762,31778,2,3195.81,2023-11-04,60,4.6,785
12298,10077,29785,3,69627.72,2023-02-02,36,3.71,894
12299,3346,21657,3,53979.34,2024-03-05,12,3.1,776
12300,9589,19347,3,38856.6,2020-08-21,36,3.47,1593
12301,7564,36660,4,20336.58,2023-02-28,36,9.97,298
12302,18689,37370,4,91418.52,2020-08-03,24,5.57,1634
12303,6576,12230,2,18942.07,2021-07-17,36,7.84,137
12304,9220,29228,4,43516.59,2022-07-28,12,8.28,376
12305,3706,28737,1,96677.89,2021-04-20,60,7.87,87
12306,13026,20994,4,49855.5,2020-07-31,12,4.25,1443
12307,4037,35939,2,15330.54,2020-08-25,48,5.06,1778
12308,4547,39813,4,96835.9,2021-01-04,12,8.89,1223
12309,13544,38821,2,24180.68,2020-08-03,36,4.77,1487
12310,10550,37351,4,44853.04,2024-01-19,36,6.7,437
12311,8987,25525,3,50468.94,2022-04-18,48,4.3,1334
12312,7493,33046,4,96459.19,2022-08-31,12,3.2,1620
12313,9779,31330,1,43265.84,2024-01-25,12,6.43,1778
12314,2608,24676,3,18863.17,2022-10-04,12,5.27,1305
12315,1311,26138,3,35253.28,2022-10-12,24,8.39,1347
12316,1409,17980,4,51122.58,2023-05-21,48,5.81,764
12317,2703,36608,2,59809.98,2020-10-04,36,8.15,702
12318,5214,2688,1,36016.7,2023-09-15,48,8.7,1975
12319,16677,17145,3,36459.78,2020-12-13,48,8.22,942
12320,16192,39158,1,19987.02,2024-02-05,48,8.66,152
12321,16872,24868,4,41232.91,2020-07-16,24,4.59,1326
12322,11633,35375,3,84033.72,2020-10-21,24,7.2,1302
12323,13621,1959,4,39127.69,2023-04-02,48,4.37,1675
12324,16907,36636,3,96418.29,2023-12-02,12,3.48,1712
12325,14421,33750,1,24961.48,2024-02-19,24,7.24,1032
12326,4844,38791,1,46898.51,2022-03-09,24,3.79,807
12327,8822,30974,2,33643.99,2022-08-25,36,6.41,235
12328,12294,39964,2,46946.95,2023-11-02,48,5.4,675
12329,17247,26289,4,61653.47,2021-09-17,24,6.39,561
12330,5235,6311,2,86001.4,2023-09-02,36,7.97,1326
12331,2605,21622,2,91281.92,2020-12-06,24,9.82,38
12332,6208,23103,1,36461.04,2023-08-29,12,4.06,1160
12333,4006,4118,3,8359.88,2022-01-03,24,3.16,822
12334,9695,12698,2,5415.54,2022-08-04,48,6.78,421
12335,6067,30796,1,45272.46,2024-06-09,60,9.25,1243
12336,15332,25686,4,18128.99,2020-11-04,24,8.58,348
12337,2083,32708,3,41129.22,2020-12-08,48,4.99,1832
12338,6866,2510,1,52651.75,2024-04-28,12,5.95,1570
12339,11566,26325,1,8891.15,2023-02-09,60,9.24,1888
12340,6922,3125,2,30401.32,2020-09-05,24,6.7,1103
12341,185,21694,1,5001.64,2020-07-13,48,8.16,748
12342,11576,13444,1,51842.93,2022-10-16,24,9.97,1919
12343,16372,21787,4,79799.65,2023-04-24,36,4.92,273
12344,18820,5871,1,63679.84,2020-07-23,60,4.42,1185
12345,18816,24554,3,67610.1,2021-07-12,24,6.82,1711
12346,593,39992,3,87450.99,2023-11-18,36,9.61,1902
12347,16865,37938,3,70825.97,2021-04-20,12,7.32,308
12348,15090,2743,3,84950.59,2023-01-13,24,6.51,1398
12349,2815,30456,4,98721.33,2021-08-06,12,5.44,976
12350,8258,14521,1,52044.3,2021-12-10,24,3.03,733
12351,2969,38688,2,72701.54,2024-02-28,60,9.77,1033
12352,18348,8400,2,41575.64,2020-12-23,48,7.12,1825
12353,12125,20137,1,3668.12,2020-11-29,24,8.71,444
12354,6842,28534,1,14232.17,2022-01-24,24,8.44,1137
12355,8158,22279,2,69772.12,2021-01-31,12,8.71,1229
12356,6975,36658,4,65640.84,2024-02-17,12,7.4,405
12357,3468,38834,1,36255.66,2023-10-27,12,5.11,1722
12358,5949,32559,4,9631.23,2021-10-31,60,5.55,853
12359,17722,36446,2,28116.18,2021-03-27,36,5.38,1221
12360,14940,28251,1,87071.85,2022-08-15,24,5.78,778
12361,7785,27140,2,25383.79,2022-01-20,48,8.87,1798
12362,10594,5483,2,26513.24,2023-09-12,12,9.35,1784
12363,2660,2855,4,61894.56,2023-01-16,60,7.5,115
12364,9813,12054,3,70738.34,2022-09-25,24,4.71,1145
12365,12255,21309,3,19442.13,2021-06-11,36,6.59,1677
12366,15980,28562,1,72223.13,2024-03-11,60,4.42,65
12367,5268,9648,4,42996.85,2022-10-04,12,6.08,1300
12368,3625,12054,3,71679.25,2023-10-28,12,7.99,825
12369,19720,31792,4,13829.49,2024-06-08,60,7.11,239
12370,9303,26102,4,82338.23,2024-03-01,24,3.58,302
12371,15991,15637,2,29455.78,2023-04-28,12,6.07,1416
12372,8198,35547,3,61374.99,2021-07-10,48,6.85,1546
12373,13379,3848,4,67331.36,2023-10-31,24,8.07,969
12374,13296,5153,2,64468.44,2024-03-03,24,4.11,369
12375,3197,19476,2,37487.34,2022-05-11,36,6.22,233
12376,6571,9460,4,43137.48,2023-12-22,60,5.24,195
12377,14520,28148,1,34764.73,2022-10-05,36,4.83,907
12378,4144,25030,1,35214.7,2022-07-05,12,3.18,1036
12379,14990,28339,3,28490.05,2020-10-24,36,6.95,1930
12380,2178,33341,4,76372.38,2020-08-10,36,6.0,921
12381,1228,25967,3,21261.04,2023-09-27,24,5.76,689
12382,16806,35436,3,82675.02,2022-03-17,24,9.11,177
12383,10408,4820,4,1815.82,2021-02-02,60,3.3,217
12384,5954,18357,2,80723.32,2023-05-09,36,8.88,1035
12385,4180,23030,4,70971.93,2022-12-03,36,7.08,1470
12386,2307,26453,3,46107.76,2021-06-06,24,5.06,630
12387,8841,4854,1,86916.0,2023-03-22,24,4.68,164
12388,11224,2941,1,28240.63,2022-08-18,12,9.03,1575
12389,17407,3917,1,87004.52,2023-02-18,48,6.32,53
12390,14992,10716,4,7478.51,2021-06-14,60,6.67,218
12391,19334,4565,3,18669.47,2022-12-27,24,8.61,1742
12392,8349,8614,2,33001.03,2024-06-07,24,4.4,999
12393,7094,21607,1,95943.89,2021-09-21,48,3.79,824
12394,14891,648,3,11737.18,2020-11-02,12,5.95,1384
12395,6502,6866,1,92365.63,2022-06-26,48,6.29,385
12396,1871,1152,1,12075.23,2020-08-09,24,6.28,56
12397,14959,5506,4,42598.06,2021-10-28,60,5.02,118
12398,3370,6338,3,6226.0,2023-05-13,12,3.15,900
12399,2467,35341,2,17740.13,2024-05-20,12,3.67,1277
12400,8848,35796,1,15762.78,2022-02-10,60,3.89,798
12401,938,37959,4,59962.46,2024-06-23,24,5.63,780
12402,18809,29724,3,18279.19,2024-01-08,24,8.8,1016
12403,11366,10236,2,20125.33,2020-10-12,24,8.67,803
12404,2294,28147,1,85722.38,2023-11-05,12,5.58,845
12405,10511,19021,3,74777.95,2021-08-31,12,6.92,1204
12406,3201,38648,1,66932.7,2020-09-11,36,6.12,1439
12407,753,11177,1,97419.05,2022-09-03,24,6.07,1894
12408,8416,23249,4,65265.56,2022-11-15,48,4.11,1259
12409,16796,21395,1,82831.36,2020-08-10,24,6.39,855
12410,3228,19366,3,8672.78,2024-05-09,24,7.41,708
12411,4192,39603,3,76850.81,2023-09-18,36,7.82,1844
12412,7859,26602,1,60229.16,2021-10-19,12,6.22,1104
12413,16710,12264,1,5813.5,2022-10-25,48,3.11,1671
12414,18502,31207,3,91867.85,2023-01-26,12,9.35,22
12415,9125,26177,2,50056.25,2021-09-22,12,6.73,1501
12416,492,8274,4,55870.57,2023-08-02,48,4.38,843
12417,7151,16683,3,82338.29,2023-06-27,12,4.81,1464
12418,3032,30849,3,39569.96,2021-04-03,12,7.55,1761
12419,1701,26026,3,18479.15,2021-09-06,48,9.51,1594
12420,1334,20782,1,95850.88,2021-07-19,24,9.05,1117
12421,13510,27783,1,89068.86,2022-02-17,60,4.94,192
12422,701,6269,3,97843.04,2023-11-24,24,3.0,1019
12423,16045,2298,1,40988.27,2022-08-08,48,4.28,1127
12424,11757,33883,4,35761.39,2021-01-21,12,6.44,396
12425,563,3217,3,65580.9,2022-10-09,36,9.2,1031
12426,7650,27669,2,94060.32,2021-06-06,48,7.95,640
12427,4226,23039,1,18408.3,2022-07-11,48,9.94,1019
12428,6929,10858,2,94290.86,2022-03-05,48,4.49,567
12429,1886,4722,3,58520.95,2024-05-13,36,3.36,231
12430,11360,4146,1,96051.2,2023-12-11,12,3.31,874
12431,11426,11748,2,61107.82,2021-10-24,36,3.57,574
12432,18362,9177,2,59363.04,2021-08-07,60,5.06,240
12433,11731,29124,4,86659.85,2022-12-21,60,4.16,90
12434,6269,630,2,88756.93,2024-05-09,12,6.43,232
12435,16550,23463,3,80840.83,2023-05-31,60,9.46,457
12436,7043,24878,4,59686.56,2020-08-03,12,3.83,233
12437,5836,16917,2,3916.56,2023-01-07,24,5.67,354
12438,12237,16785,3,96022.46,2024-03-03,48,4.35,1005
12439,19933,29037,1,93316.19,2022-08-19,24,7.28,1357
12440,10321,25280,1,51868.07,2023-12-02,12,9.27,439
12441,19433,21713,2,52244.25,2024-06-06,48,7.75,1399
12442,17531,8055,2,37657.17,2022-10-24,24,8.2,1316
12443,5381,26000,3,71584.34,2023-07-19,12,8.6,345
12444,4336,15257,2,51223.39,2022-05-28,48,8.24,664
12445,2073,14031,2,74367.54,2021-10-25,60,3.28,1452
12446,14755,38233,1,49378.92,2020-10-31,24,4.0,657
12447,9530,24214,1,17676.63,2023-08-13,36,7.12,130
12448,19164,23954,1,21199.86,2021-07-28,12,3.46,141
12449,5749,28344,3,15600.84,2022-07-08,24,3.61,415
12450,14033,3117,3,55907.32,2020-12-06,60,8.98,1117
12451,14582,12794,1,83156.77,2022-10-16,36,7.59,626
12452,16489,9158,3,26505.45,2024-02-13,12,6.67,284
12453,18944,8885,1,24248.21,2024-04-03,12,7.72,1980
12454,19124,20871,2,77559.15,2022-10-06,36,3.49,1947
12455,10705,20557,2,87549.36,2024-02-08,48,7.36,1679
12456,1557,28776,1,64933.11,2022-12-28,12,5.25,223
12457,1448,28243,3,9382.52,2023-09-16,12,8.45,744
12458,2222,7019,3,85065.64,2024-06-08,24,8.83,463
12459,6088,14394,3,69415.91,2023-06-25,48,9.64,1569
12460,1877,14691,3,66110.76,2023-02-25,48,6.16,1300
12461,15947,39904,1,65037.14,2023-10-10,24,6.58,1706
12462,12926,36553,1,30763.37,2023-11-20,24,5.45,1164
12463,17029,5411,3,95678.91,2023-12-17,36,9.72,357
12464,11422,29190,3,83197.86,2021-01-24,36,9.1,1737
12465,12215,14591,1,57685.95,2024-03-01,60,4.83,1047
12466,15272,20268,1,70418.98,2020-09-11,12,9.57,1992
12467,7838,23752,4,8135.27,2024-02-05,60,7.92,1760
12468,8711,35737,1,13194.05,2023-06-21,48,5.25,1904
12469,307,27608,1,12060.65,2021-09-09,36,4.74,1294
12470,16971,18153,1,78444.53,2022-11-28,60,4.11,859
12471,16944,38758,2,95707.76,2022-06-20,24,9.66,665
12472,15816,28610,4,40705.92,2021-07-30,48,7.79,1357
12473,13321,24506,3,57293.64,2023-07-01,12,7.04,1015
12474,4733,18553,2,69718.86,2023-04-19,60,6.65,85
12475,4308,29366,2,72875.27,2020-12-13,24,4.36,621
12476,10396,24049,2,64835.61,2021-04-18,12,9.91,1055
12477,9977,37695,2,74805.86,2024-01-01,36,6.54,1765
12478,1881,21899,1,77513.99,2022-11-03,60,8.54,240
12479,8700,1344,2,24287.99,2020-10-25,48,7.54,1914
12480,13679,7160,4,60429.44,2024-03-31,24,7.04,363
12481,13820,28190,1,8681.43,2022-08-08,48,6.82,822
12482,15907,11335,2,58110.24,2024-03-06,36,7.33,1413
12483,1527,8558,4,28417.36,2023-11-17,48,9.47,1677
12484,342,2367,4,31562.55,2023-01-13,48,3.48,668
12485,16798,13173,4,68363.13,2022-11-18,24,7.88,1323
12486,12174,21378,2,19007.13,2022-05-30,12,8.3,1881
12487,19004,21098,1,37022.26,2022-11-04,24,7.48,1395
12488,7919,24372,3,2633.75,2024-04-17,36,8.98,99
12489,7896,23027,2,19402.8,2021-06-19,48,7.95,47
12490,18243,5323,3,60468.86,2023-05-09,24,4.57,839
12491,5570,5839,2,71767.21,2021-04-27,48,4.91,422
12492,13313,10623,2,16229.68,2020-08-23,60,3.35,1504
12493,10946,10340,4,1701.42,2021-04-20,48,7.64,1603
12494,12148,39665,4,18305.77,2021-12-16,48,4.0,62
12495,3745,12807,2,81105.67,2023-08-08,60,4.02,1133
12496,12442,5683,3,39310.87,2023-08-16,24,7.96,1703
12497,6680,588,1,33001.92,2021-03-22,36,6.3,1573
12498,13787,254,3,1220.61,2021-05-10,12,8.52,1143
12499,12735,20126,1,24303.36,2021-05-26,24,6.04,1010
12500,8748,36468,4,60852.85,2024-02-28,12,8.26,598
12501,2203,2615,4,41030.65,2021-01-13,60,9.85,1406
12502,19968,9196,1,80732.75,2022-08-21,24,4.8,392
12503,2972,20750,1,74213.44,2022-10-28,36,3.04,977
12504,17313,20226,1,96286.0,2023-05-20,36,5.14,1076
12505,18293,11242,4,95868.07,2020-10-17,60,8.12,603
12506,17833,37809,1,15326.19,2022-01-04,48,7.83,1313
12507,15477,13867,3,95756.89,2021-11-16,12,6.81,337
12508,14165,9479,3,80730.74,2022-02-05,48,6.69,810
12509,9814,29946,4,25091.05,2021-03-15,24,5.48,1228
12510,8154,1853,2,95196.11,2024-03-15,12,7.08,1904
12511,17850,31387,3,23585.32,2022-10-31,60,3.39,1262
12512,14355,25502,1,26910.48,2020-12-20,60,5.21,1406
12513,73,22152,4,8322.38,2021-10-15,36,7.23,1691
12514,19869,27710,4,41575.07,2024-03-04,36,3.69,752
12515,13545,32915,3,93450.91,2024-01-15,60,5.06,1160
12516,1659,10959,2,11769.26,2022-07-10,12,8.65,1431
12517,8445,31711,2,68834.21,2021-10-01,60,3.9,1532
12518,7135,7733,3,89481.55,2024-02-22,36,5.4,1386
12519,1251,6204,4,43661.66,2021-09-21,36,4.44,1405
12520,9362,209,3,19113.7,2023-03-03,48,8.23,881
12521,7854,8044,1,9615.79,2021-05-22,48,8.83,1600
12522,9417,7665,4,23676.82,2024-03-04,36,9.82,635
12523,12082,13630,4,58470.89,2023-03-06,48,5.62,254
12524,8586,19143,1,26969.42,2023-01-01,60,7.04,1501
12525,7143,13619,1,2369.95,2024-05-30,48,4.74,1138
12526,2258,21089,2,55933.56,2023-10-27,60,8.02,20
12527,19633,7760,3,45866.16,2023-01-11,60,7.45,528
12528,19520,19454,3,62412.64,2024-06-17,48,3.12,1169
12529,9444,15085,1,80238.17,2023-07-07,24,7.0,1232
12530,13764,26536,1,82530.76,2023-02-24,48,5.21,1555
12531,15016,32314,1,88648.9,2022-11-08,60,8.55,376
12532,7658,2479,4,47008.33,2021-02-28,24,4.21,1528
12533,18039,32111,3,58007.93,2023-05-20,12,9.25,1928
12534,18404,14395,4,2329.45,2023-04-21,24,5.33,166
12535,240,35408,4,68912.82,2024-01-12,36,4.51,1574
12536,3226,35203,2,11248.64,2024-06-19,60,6.85,1205
12537,3534,16560,4,95681.72,2021-06-20,60,8.21,861
12538,2215,13261,4,6892.46,2023-08-17,12,8.22,617
12539,11634,7007,4,27684.49,2023-10-08,60,3.69,612
12540,11300,38653,2,42455.28,2023-07-27,48,4.74,1626
12541,1013,1811,4,98250.69,2023-10-12,24,3.87,1951
12542,5699,34313,1,24584.93,2023-09-25,48,4.18,1836
12543,4902,12639,2,62659.91,2023-09-02,12,9.86,1468
12544,8096,26154,1,19661.49,2022-04-25,60,7.55,1356
12545,4353,37573,3,25275.84,2023-12-26,36,5.57,503
12546,19633,122,1,88519.09,2022-10-11,60,7.86,913
12547,7153,8939,3,12350.73,2021-12-17,24,7.18,79
12548,4651,29640,2,34550.67,2023-08-14,48,3.78,585
12549,4565,4686,2,21040.89,2022-07-21,48,9.54,1959
12550,3496,33619,2,29336.76,2022-09-28,12,5.21,1962
12551,4765,104,3,14642.32,2022-07-13,24,8.62,688
12552,7251,6126,3,39877.95,2022-04-14,24,9.75,396
12553,10586,13504,2,87046.24,2022-03-20,12,3.62,1632
12554,5228,28779,1,2918.23,2022-05-02,60,9.66,1881
12555,8853,34675,2,76517.95,2022-08-01,48,6.51,1127
12556,8081,9441,1,30689.78,2021-09-17,12,5.24,402
12557,6555,29043,4,71368.39,2020-10-23,48,9.91,975
12558,13050,1346,2,22584.93,2022-07-20,36,7.32,224
12559,4061,28289,3,87710.13,2022-12-04,60,5.35,518
12560,7712,35111,2,87328.88,2023-12-28,36,9.92,634
12561,1056,13021,3,75834.75,2022-10-12,36,6.93,236
12562,10763,20065,3,50249.26,2024-02-24,36,9.11,1451
12563,4,11409,1,31706.17,2024-06-09,60,7.44,116
12564,19757,9069,4,56515.47,2022-02-17,24,3.41,1187
12565,17304,14311,4,35629.24,2024-04-17,12,4.14,226
12566,6251,29252,3,10386.6,2023-02-03,48,9.11,230
12567,19091,13369,2,38461.07,2021-04-09,48,4.15,182
12568,1072,31930,1,60693.42,2020-08-22,48,7.63,1273
12569,3682,39958,4,78579.4,2024-06-05,24,6.51,1342
12570,16670,935,3,99807.52,2024-05-29,24,7.19,1989
12571,16795,729,4,92186.95,2023-09-22,24,5.9,210
12572,18401,33004,3,6161.57,2024-02-24,60,5.19,1680
12573,5065,6255,1,89619.97,2021-06-10,24,5.14,1416
12574,19968,6621,4,57848.33,2023-11-13,48,6.35,1881
12575,17619,6066,1,95293.67,2024-02-09,60,8.1,96
12576,10448,3034,1,22576.18,2022-01-30,48,6.07,894
12577,12300,29358,2,77171.69,2022-12-31,24,4.37,1882
12578,3198,11364,1,38201.68,2020-12-10,48,3.4,756
12579,19514,3274,3,29252.13,2021-08-14,24,5.14,1110
12580,3295,33792,2,88420.55,2023-06-26,60,9.45,415
12581,18831,38200,2,13522.26,2022-11-10,36,6.13,394
12582,16045,25105,1,47505.75,2023-05-02,36,6.95,696
12583,1631,4405,2,16394.89,2022-12-24,24,5.88,1657
12584,11821,8038,2,42904.83,2021-11-16,36,8.03,844
12585,16225,17784,2,57001.44,2021-10-06,24,7.94,1525
12586,11203,24569,3,34157.23,2022-04-22,24,3.1,604
12587,747,34647,3,50005.09,2023-08-19,36,9.12,582
12588,10699,23090,3,73665.35,2021-04-17,48,3.03,1940
12589,5749,9464,1,14077.59,2022-07-12,60,4.88,133
12590,13499,16116,4,46475.92,2021-02-17,12,7.49,791
12591,1765,14105,4,27050.32,2022-11-27,36,8.3,649
12592,13933,5002,2,14922.47,2022-02-13,60,4.2,1338
12593,10803,9793,1,35305.86,2020-10-26,12,6.59,1723
12594,16439,29286,4,61910.6,2020-11-26,60,5.1,221
12595,12799,19520,4,57512.05,2021-07-26,24,6.05,976
12596,19141,37863,2,52738.27,2022-02-15,60,9.37,1462
12597,8496,19874,4,5994.29,2023-12-08,36,9.4,1070
12598,6271,8438,3,79538.46,2024-05-08,60,6.69,1814
12599,8284,15127,2,31734.58,2022-06-04,36,9.01,1216
12600,18308,32703,1,29713.11,2020-08-11,60,9.11,1544
12601,17395,14875,3,12358.13,2023-11-02,36,8.06,1403
12602,14368,5642,1,74448.98,2022-08-27,60,5.27,788
12603,7916,31424,2,37162.26,2023-10-24,24,5.29,691
12604,356,35269,2,98176.89,2023-04-14,12,7.73,1358
12605,7627,35904,4,47781.17,2020-08-12,24,3.42,39
12606,18772,34367,1,81166.37,2023-06-03,60,3.4,1317
12607,10949,25164,4,65403.11,2021-11-18,12,9.36,690
12608,12301,1510,3,72077.11,2021-07-16,36,4.88,162
12609,3678,38714,4,25697.59,2022-08-13,48,4.09,1355
12610,19313,16332,3,25757.27,2022-08-28,36,7.24,1910
12611,1529,38500,4,33681.81,2024-05-31,12,8.2,1128
12612,3370,36375,2,83731.37,2023-06-21,48,3.26,161
12613,12217,27806,3,63654.32,2021-11-28,24,7.0,1823
12614,17866,14520,3,45953.19,2021-03-21,60,6.68,1659
12615,10262,3180,4,7804.29,2022-01-22,48,7.08,1078
12616,19518,3513,1,47425.82,2023-12-14,60,9.63,1964
12617,6933,1738,3,86113.24,2024-03-30,12,9.9,1058
12618,19808,36730,2,39849.7,2023-07-15,12,4.29,242
12619,13151,18769,1,61666.12,2024-06-15,24,4.27,967
12620,6981,1346,1,86816.6,2022-05-14,36,7.6,890
12621,768,10303,3,81554.45,2020-09-06,60,4.17,113
12622,16021,37695,2,59794.07,2020-09-09,48,3.1,1014
12623,12975,29270,2,19131.23,2020-12-12,12,8.23,318
12624,14708,1667,3,56915.81,2023-04-22,24,9.06,23
12625,10937,8482,3,94600.11,2022-05-18,36,7.09,1582
12626,18075,18870,2,25429.2,2023-08-30,48,9.99,824
12627,5155,1015,3,90679.62,2023-06-16,60,6.77,1671
12628,1500,35338,3,9156.82,2022-02-26,36,4.77,1142
12629,16854,6181,1,93896.92,2024-05-13,48,5.99,701
12630,9252,23999,4,83162.26,2023-05-22,12,7.17,1667
12631,17842,31030,2,70538.86,2024-04-17,48,8.31,1019
12632,9733,25845,1,11494.0,2023-02-04,24,9.7,1958
12633,9165,18103,2,2976.76,2021-01-07,60,4.19,1236
12634,18456,27877,3,61806.65,2022-01-06,24,9.48,1442
12635,3020,2838,4,96335.0,2021-10-17,60,9.99,1137
12636,7763,9692,2,41803.45,2023-04-22,60,4.22,1068
12637,198,7494,1,65594.77,2020-08-10,36,6.24,128
12638,14558,15530,1,49474.71,2023-02-19,48,7.42,876
12639,11063,28703,1,42251.53,2021-06-22,60,5.7,158
12640,676,4862,2,55435.81,2021-01-21,12,7.01,1809
12641,335,24117,3,6600.99,2022-04-22,12,6.5,827
12642,11749,16909,2,37864.94,2023-11-19,12,4.02,1418
12643,18946,11308,4,48134.33,2021-09-24,24,8.33,1891
12644,5301,7584,1,41568.33,2024-05-31,60,9.91,852
12645,14657,35106,4,79470.46,2023-03-31,60,6.12,512
12646,16169,30161,4,98162.84,2022-10-13,48,4.4,1938
12647,16216,25615,2,15552.75,2022-07-15,60,5.15,45
12648,5462,37613,2,2807.02,2024-02-23,24,9.41,1132
12649,11040,1895,2,58187.61,2022-06-05,24,7.29,219
12650,14919,9130,3,30624.48,2024-03-28,12,6.31,443
12651,701,38343,1,96844.93,2022-04-07,24,4.83,1854
12652,19504,16861,4,14913.78,2022-02-03,48,9.55,315
12653,14673,38521,3,57850.8,2021-10-12,36,5.88,177
12654,8401,8545,3,23950.9,2022-12-18,12,8.18,228
12655,17144,13727,1,36704.45,2023-03-21,24,6.98,1727
12656,12703,34906,4,19372.73,2022-03-18,12,5.06,1696
12657,1719,38462,3,46012.67,2024-04-27,24,6.86,1930
12658,9402,19136,4,14115.48,2021-04-04,36,7.53,267
12659,17327,30491,1,43468.11,2020-10-17,60,7.0,870
12660,7748,32090,4,85043.04,2021-05-05,24,8.71,838
12661,9128,27008,3,18970.7,2023-08-23,36,4.82,1403
12662,3758,18713,3,75757.15,2020-08-25,36,3.77,489
12663,8256,5466,4,54595.71,2022-06-12,24,9.66,702
12664,5531,34614,2,74428.05,2022-04-05,36,6.31,687
12665,19578,39814,4,53277.09,2023-01-25,60,9.37,1314
12666,9203,33054,1,94194.37,2022-01-02,60,5.69,996
12667,12988,24766,3,40474.62,2021-12-03,36,6.13,357
12668,520,27057,1,78446.35,2024-06-13,36,9.49,1681
12669,9842,4570,3,21532.51,2020-10-25,24,5.26,1768
12670,2268,4266,3,4794.8,2021-05-22,24,3.43,872
12671,14223,16093,3,97773.06,2024-03-05,60,7.88,1974
12672,18624,25845,1,39431.94,2024-01-23,36,5.24,204
12673,17290,20406,1,94643.87,2024-04-11,60,4.53,1237
12674,2931,17940,2,43121.06,2022-02-12,48,8.48,552
12675,16121,38301,2,22784.16,2020-09-24,24,5.28,1811
12676,13241,11088,2,22592.01,2023-12-31,48,6.9,323
12677,15874,31656,3,77784.76,2022-03-24,48,5.95,594
12678,9455,25096,1,62703.91,2023-12-20,36,7.32,181
12679,8783,16786,1,98674.08,2022-08-12,36,5.92,499
12680,10853,27801,4,1242.44,2024-03-27,36,5.85,1344
12681,15676,30568,2,58883.69,2023-01-27,12,9.72,83
12682,18366,16173,4,92755.96,2024-07-02,24,9.44,303
12683,3537,20050,4,70348.76,2021-09-22,24,4.86,262
12684,478,21342,2,52813.33,2022-08-01,24,5.73,784
12685,11884,18711,1,51513.43,2022-05-24,24,9.7,1224
12686,6084,22259,1,53216.92,2023-07-29,60,8.7,1264
12687,11746,28578,3,71212.43,2023-12-02,36,7.5,914
12688,14799,39060,4,19153.68,2024-05-21,60,3.5,692
12689,8839,19862,3,52230.97,2021-10-25,12,4.02,944
12690,10216,29981,4,31924.33,2022-11-09,60,5.46,683
12691,12417,31031,2,44132.69,2021-07-18,48,3.43,1319
12692,14331,6545,2,55232.99,2021-09-07,48,6.75,1536
12693,4199,39233,4,78412.43,2024-01-29,12,4.85,689
12694,15808,39804,3,5995.64,2021-12-29,36,8.19,1905
12695,17660,3993,4,5470.06,2022-11-19,48,8.13,396
12696,2482,25060,4,36121.63,2020-12-12,24,8.1,1773
12697,9449,1,4,95388.85,2024-03-27,60,7.71,1162
12698,4791,35132,4,92933.24,2023-08-10,60,3.78,839
12699,4249,5595,1,66599.44,2021-10-19,12,9.47,878
12700,8735,9210,4,59227.34,2021-10-06,12,3.23,823
12701,19731,587,2,99013.99,2022-06-01,36,9.41,1153
12702,14717,7410,3,89356.68,2021-06-04,60,8.83,49
12703,5125,21539,4,85086.62,2022-11-29,60,4.88,1700
12704,17143,36720,2,2146.56,2020-09-11,24,8.46,789
12705,10360,28798,3,52236.91,2022-01-22,24,6.01,293
12706,19715,28099,3,22598.65,2022-01-08,48,5.03,1652
12707,4952,32120,1,46435.34,2023-07-27,24,5.01,536
12708,12050,8198,1,44800.51,2021-06-09,60,6.77,311
12709,6312,26548,3,61637.63,2021-05-20,24,6.54,537
12710,1484,6292,3,61184.37,2022-05-10,36,6.67,1927
12711,2630,11323,3,85333.84,2023-12-08,24,6.65,639
12712,6302,1690,3,39498.82,2022-05-06,24,7.01,234
12713,16872,12215,3,8834.42,2022-06-21,12,3.12,1233
12714,1302,39047,2,16771.69,2022-06-17,12,7.42,605
12715,13592,4424,4,60142.3,2022-04-07,48,4.89,94
12716,15962,4590,1,65246.64,2023-01-15,36,7.53,327
12717,8349,22873,2,96013.29,2024-03-28,60,5.32,225
12718,4934,16723,1,32577.08,2021-03-16,12,6.03,967
12719,5181,30644,2,2251.19,2021-11-28,24,5.43,890
12720,13840,28897,3,9183.21,2021-12-16,36,6.28,1816
12721,15803,5918,2,47336.24,2021-11-17,48,4.81,11
12722,12639,31820,4,72054.56,2023-02-06,12,4.77,1353
12723,8568,24554,3,1171.38,2020-07-29,24,9.25,1036
12724,19696,39456,4,18045.33,2024-05-24,36,4.9,35
12725,8723,26999,3,69027.82,2022-10-21,48,5.3,447
12726,15009,37982,3,47268.51,2020-07-26,36,5.77,1476
12727,5357,36107,2,24309.72,2020-12-21,36,9.84,1764
12728,5549,38720,2,67329.88,2020-11-25,48,4.93,1244
12729,10611,4595,3,30562.67,2020-11-08,36,5.58,441
12730,378,15950,4,16360.38,2021-09-28,12,5.8,653
12731,7855,1814,2,73824.48,2024-06-12,12,3.82,1559
12732,19359,20873,2,85138.2,2023-12-05,60,8.14,595
12733,11041,22478,1,88092.53,2021-08-23,24,4.48,229
12734,892,29152,1,19472.22,2021-08-06,60,6.53,1959
12735,13934,36489,3,25886.36,2023-08-15,36,8.23,344
12736,18242,38625,4,36051.63,2023-11-19,48,3.48,1104
12737,8033,22228,2,11156.96,2024-06-23,36,4.59,1377
12738,1419,20197,4,34807.28,2022-12-25,24,8.46,1420
12739,5510,2468,3,81852.66,2023-12-09,60,7.72,1314
12740,17306,21828,3,14573.34,2021-08-03,60,9.42,1479
12741,12745,36316,3,59422.68,2022-08-07,24,7.34,1867
12742,10476,36024,4,28167.87,2022-12-09,60,8.41,1695
12743,11049,30715,1,2297.11,2023-12-03,36,9.19,989
12744,18317,36282,4,63214.89,2022-07-17,36,7.16,1152
12745,6935,462,1,71744.65,2024-06-09,60,9.02,1726
12746,10079,19689,1,75394.47,2021-08-14,36,3.94,909
12747,25,10935,4,92799.37,2021-07-28,12,3.2,1567
12748,1965,1798,2,37661.67,2020-09-26,24,7.65,1922
12749,8607,28413,1,32062.64,2022-08-22,60,9.18,1383
12750,16929,21112,4,80216.42,2023-09-27,48,5.6,527
12751,575,20174,1,68423.34,2021-10-19,24,6.11,1337
12752,14474,35179,1,1326.7,2023-08-14,36,6.06,75
12753,7391,1229,1,75960.64,2023-01-23,36,4.67,1570
12754,19722,13816,2,15165.72,2021-09-03,60,7.36,1895
12755,18851,18971,2,34533.82,2024-01-31,12,4.37,196
12756,13066,29313,3,26825.22,2022-11-16,48,8.36,1867
12757,8080,33186,1,35026.68,2022-10-05,24,3.14,29
12758,7870,3223,1,75811.86,2024-03-08,48,5.82,706
12759,18022,19224,4,92560.97,2023-07-22,24,9.93,1021
12760,12317,20964,2,75635.74,2022-02-25,12,3.38,16
12761,12647,1127,4,63906.61,2023-04-09,24,6.84,1447
12762,3717,21847,1,75830.6,2022-02-25,36,7.6,1613
12763,3106,30728,3,35801.23,2023-09-27,36,6.9,805
12764,15116,10112,3,78995.74,2023-02-27,36,3.93,1617
12765,16289,14887,4,85309.04,2024-02-15,12,7.07,1429
12766,17352,31926,3,71682.2,2023-06-03,60,5.68,940
12767,10639,38849,1,19604.73,2023-01-17,36,9.43,1660
12768,14167,9205,1,56585.25,2024-02-08,24,6.12,1555
12769,13077,34511,4,26198.91,2020-10-29,12,9.81,967
12770,4162,34648,3,79384.77,2020-08-16,48,8.54,1638
12771,9553,440,2,5537.02,2021-08-14,12,6.32,1928
12772,7952,9290,3,4413.52,2022-04-28,36,3.71,1101
12773,14995,17253,3,36874.17,2021-11-13,36,4.5,229
12774,7800,24274,1,48550.42,2022-03-12,48,5.34,962
12775,18602,34975,1,37436.42,2020-12-30,36,7.98,1321
12776,7968,29506,4,94461.2,2020-12-30,12,8.52,1534
12777,18612,13109,2,91866.14,2023-01-17,24,8.6,715
12778,19566,39129,4,12801.44,2021-01-17,48,8.16,984
12779,201,34920,1,48884.1,2021-12-12,12,3.45,1990
12780,11131,22813,2,65151.89,2022-04-20,36,4.56,573
12781,8814,14654,1,78697.22,2023-08-25,48,9.4,1562
12782,4293,30421,3,6493.25,2021-03-29,60,3.36,1607
12783,3171,12851,4,48344.09,2021-07-29,60,9.18,615
12784,11850,31738,1,56900.85,2020-07-31,12,7.28,326
12785,19842,23407,3,78432.43,2021-11-26,36,7.62,1387
12786,14639,14196,2,3950.49,2021-01-28,36,6.99,1693
12787,19069,23597,1,61384.51,2020-07-07,36,4.02,875
12788,12883,2042,1,73464.45,2022-01-21,36,6.76,359
12789,6458,39703,3,68606.37,2022-05-23,24,4.63,1730
12790,6593,14701,4,97649.56,2023-08-13,48,7.63,1811
12791,11004,26903,4,30771.27,2020-10-03,48,7.56,324
12792,9882,19039,2,47009.51,2020-08-14,60,8.53,1722
12793,511,9700,4,65826.25,2022-02-11,36,3.01,1350
12794,11148,8330,3,66029.36,2021-12-30,36,4.83,1649
12795,9587,19020,4,90866.97,2021-12-20,12,9.43,1849
12796,19572,123,4,71973.13,2020-12-30,12,9.82,165
12797,15851,28913,3,17267.37,2023-03-22,36,4.27,1597
12798,9708,4015,3,84613.43,2023-05-06,36,5.02,1628
12799,8564,24576,3,34368.62,2020-09-04,24,4.14,798
12800,9297,25456,3,57071.72,2022-10-16,48,8.98,455
12801,9354,2424,1,80406.72,2022-06-07,48,4.29,1993
12802,8675,39689,1,77775.91,2021-07-04,60,3.81,1177
12803,14993,36447,1,76720.21,2022-12-27,36,9.73,1761
12804,9404,3090,3,20854.76,2023-11-11,36,8.36,1151
12805,2851,18598,2,57360.38,2021-04-22,36,5.4,193
12806,12214,29714,3,13509.75,2020-10-06,24,7.6,627
12807,13251,25609,1,44302.5,2021-08-24,36,3.49,1798
12808,7623,10951,1,70807.21,2022-11-04,48,6.04,530
12809,15240,37159,2,93945.38,2023-08-13,36,4.18,1034
12810,6999,26578,2,28651.1,2022-06-28,24,9.74,92
12811,2088,17397,2,45497.09,2022-04-25,36,7.15,139
12812,1563,29116,4,94324.2,2021-07-09,24,5.78,481
12813,1345,22004,1,74056.94,2024-04-02,12,4.09,449
12814,19837,4468,1,41731.42,2023-12-14,12,9.62,1357
12815,12748,22373,2,81411.74,2020-09-10,60,5.54,869
12816,13111,14926,2,18169.73,2021-11-12,24,6.06,340
12817,8087,16681,2,18488.69,2024-03-04,36,3.57,1985
12818,11597,6654,3,71994.73,2020-11-24,60,6.51,1076
12819,18374,26324,3,79096.13,2022-04-23,12,6.49,1731
12820,12774,37205,4,8393.52,2022-01-27,60,7.45,466
12821,1049,30223,3,77206.71,2023-10-18,12,3.04,718
12822,557,1074,2,68041.79,2024-03-08,24,5.18,799
12823,8429,32954,3,8015.47,2020-09-08,48,7.14,475
12824,11415,29979,2,78283.24,2020-10-29,24,6.68,401
12825,19966,35739,3,7453.01,2023-04-23,48,4.67,1463
12826,9250,14967,2,59420.93,2023-01-25,24,9.32,1902
12827,3243,11836,4,4444.35,2023-12-10,48,7.54,605
12828,17859,18617,2,73100.34,2022-12-20,24,3.81,932
12829,8494,28664,3,45714.38,2023-10-30,24,9.15,997
12830,9730,35830,3,57215.86,2023-09-19,60,9.81,922
12831,11124,21714,4,11583.1,2023-03-27,12,3.47,821
12832,15233,35292,4,37052.36,2022-05-21,24,3.03,657
12833,12113,37981,2,65314.9,2021-09-16,36,6.4,598
12834,6231,25225,2,36380.55,2021-11-10,12,8.91,1533
12835,6756,2020,3,64073.41,2020-09-03,60,3.52,1177
12836,10323,19990,3,83196.22,2022-10-08,12,7.1,514
12837,4872,27863,1,39427.53,2022-07-10,48,7.62,1527
12838,13566,17241,2,59614.89,2022-09-18,36,8.63,1878
12839,10968,20930,1,80283.82,2021-02-01,12,6.16,1925
12840,5875,14557,3,3553.39,2022-10-31,48,7.67,1796
12841,19930,4222,1,16771.66,2021-03-26,12,9.94,1700
12842,13455,27555,2,47779.18,2022-04-29,36,6.64,1030
12843,5893,25702,1,7620.55,2022-03-04,60,3.68,500
12844,15177,12995,1,1478.09,2021-04-25,60,4.84,1685
12845,19454,18476,2,35397.11,2024-01-15,48,7.22,717
12846,13109,20233,3,38683.98,2021-09-21,36,3.4,1142
12847,12010,24813,1,48357.24,2021-09-08,60,4.3,1509
12848,6639,14865,2,30373.8,2023-05-27,60,4.18,601
12849,3237,290,1,79098.28,2022-08-22,36,7.52,666
12850,5202,27214,2,44935.29,2021-07-25,36,4.54,1975
12851,17705,13815,1,87797.93,2020-11-24,48,9.18,1703
12852,19751,1398,3,31113.42,2021-02-02,60,8.13,468
12853,4856,13876,1,21234.5,2020-08-31,48,8.1,161
12854,18527,19553,1,48365.83,2022-05-14,48,4.94,270
12855,8380,22922,4,22581.97,2023-08-14,12,7.11,1080
12856,791,21546,1,21792.91,2021-01-23,48,9.36,228
12857,10512,32470,2,49021.27,2021-09-21,60,3.6,849
12858,5388,33869,2,33794.05,2021-07-09,24,9.84,149
12859,14634,10531,3,19253.14,2022-04-12,12,4.01,1070
12860,16185,15735,4,41960.89,2021-04-05,48,8.22,1168
12861,9501,6390,1,65184.81,2020-10-17,60,8.64,1774
12862,2152,6262,3,91431.05,2021-07-22,48,8.84,1808
12863,12136,10579,3,12125.88,2022-05-22,24,7.45,632
12864,14027,18004,1,95095.63,2023-06-18,24,8.99,1364
12865,19658,27056,1,59075.9,2021-07-17,60,3.91,413
12866,2414,1116,1,77412.52,2022-10-19,12,8.68,1756
12867,18372,30133,1,83257.63,2021-10-05,36,4.86,520
12868,9736,32214,1,95315.91,2022-12-14,24,5.21,1368
12869,12499,33107,4,10057.13,2022-04-14,24,3.94,387
12870,7062,16459,2,54489.81,2022-09-05,12,4.85,1497
12871,15786,32616,1,90287.45,2023-09-15,36,8.5,275
12872,14074,27125,1,56926.11,2022-10-02,48,9.21,353
12873,14584,27578,2,93448.52,2023-06-07,60,9.53,1090
12874,10209,21069,3,42883.14,2022-04-05,24,8.6,1103
12875,19917,10571,3,47430.25,2021-10-26,60,9.91,598
12876,10885,27024,1,59212.66,2023-07-13,48,3.69,1660
12877,7504,177,2,52783.79,2022-06-19,36,6.79,1226
12878,9515,15155,2,11172.58,2023-09-14,48,4.12,2002
12879,19219,24146,3,67809.69,2021-04-01,48,7.35,1686
12880,9732,31650,3,83483.76,2024-05-03,12,9.25,558
12881,667,12181,2,64993.11,2023-05-01,12,8.16,113
12882,2829,26575,2,57310.08,2022-12-25,48,9.35,1115
12883,17406,23343,3,28538.92,2023-02-20,12,8.44,141
12884,11935,18115,3,40989.75,2023-12-29,24,5.55,1313
12885,19729,27413,3,55813.09,2021-08-01,48,9.87,1925
12886,241,21662,2,18834.85,2022-05-04,12,8.0,730
12887,9969,34475,2,79944.94,2021-05-12,60,8.03,589
12888,13173,6286,2,18150.04,2020-11-24,48,9.74,411
12889,5973,1690,4,23835.06,2021-08-17,12,5.87,377
12890,17911,21858,3,71224.14,2020-07-25,12,9.11,1408
12891,3677,38793,1,3863.64,2024-04-12,12,7.82,1870
12892,6997,33800,4,31611.51,2022-08-31,60,4.41,1176
12893,12164,28289,4,21753.88,2023-01-04,36,8.0,1859
12894,14650,27150,3,91933.71,2024-03-05,36,4.37,751
12895,9810,26261,1,5696.54,2024-04-13,60,7.7,627
12896,855,13689,4,21257.69,2020-12-20,24,4.66,1343
12897,4575,14637,3,5954.58,2024-01-07,48,7.11,1393
12898,13928,614,3,73802.49,2022-08-05,36,7.55,1630
12899,5213,6482,2,36444.67,2022-01-01,60,7.17,995
12900,13466,39973,2,66124.93,2024-06-12,36,6.43,1584
12901,16246,37672,2,48133.56,2022-12-03,24,5.73,703
12902,9700,15086,4,25970.03,2024-03-28,12,7.34,462
12903,19327,30349,2,29074.47,2023-02-10,12,6.5,12
12904,8196,26572,4,54006.38,2024-04-18,24,6.68,1180
12905,8141,9055,2,34023.41,2020-11-15,24,8.03,1708
12906,15844,25751,3,48131.08,2023-11-18,60,9.41,477
12907,5766,16727,1,69040.78,2023-06-24,36,4.58,939
12908,16030,5246,4,97826.56,2024-02-24,48,5.18,401
12909,5126,3889,1,13025.68,2024-04-08,12,6.43,808
12910,10996,36908,1,18103.81,2022-10-19,48,8.52,177
12911,19207,3480,4,36044.5,2020-12-25,48,4.01,1365
12912,8554,13178,3,56287.36,2023-05-24,36,3.19,57
12913,9424,4228,3,16932.99,2023-05-23,60,6.33,1879
12914,17151,29041,2,74593.32,2020-09-30,60,3.63,1876
12915,13438,36808,4,33679.91,2023-08-02,24,5.69,448
12916,241,37160,3,97154.2,2022-09-23,12,3.81,203
12917,1484,4572,2,49064.45,2020-12-19,36,6.86,1721
12918,871,6045,3,86380.79,2023-01-18,12,7.47,1657
12919,1746,3917,2,33021.8,2023-09-08,60,4.97,738
12920,8308,11151,2,11262.27,2023-03-02,24,8.55,202
12921,7740,4972,3,32485.87,2022-02-27,12,8.11,1354
12922,17429,25831,2,14127.34,2021-09-21,24,6.89,363
12923,482,27737,4,58225.94,2021-06-22,12,4.5,892
12924,5709,19706,2,88547.72,2021-11-23,12,7.74,454
12925,16601,32088,4,14850.65,2023-10-19,36,9.53,356
12926,8195,11607,1,79880.16,2022-03-19,12,6.03,216
12927,12927,806,1,82743.21,2021-01-24,12,9.3,972
12928,14907,17715,1,36113.32,2024-02-07,24,9.49,555
12929,4217,3320,1,70040.42,2024-06-02,36,5.88,887
12930,17974,38248,1,70331.15,2024-03-22,36,7.68,23
12931,8548,30219,2,27829.33,2022-06-08,12,3.84,155
12932,5667,10682,1,55608.34,2022-05-12,48,4.49,1210
12933,15640,18753,2,49821.73,2024-04-13,60,4.95,249
12934,1892,3719,4,4703.72,2020-11-10,60,5.1,749
12935,5561,22174,4,44644.22,2022-05-26,36,5.96,805
12936,10626,7182,1,95377.83,2022-09-14,60,7.66,134
12937,13329,22614,2,25733.61,2023-01-26,12,8.09,321
12938,9723,7356,4,60496.39,2024-03-27,12,4.07,390
12939,6222,8995,1,56107.22,2023-09-29,36,8.3,434
12940,7192,27298,3,63326.33,2021-05-29,24,4.23,1046
12941,5500,31928,3,27718.1,2022-08-14,12,8.86,873
12942,18881,32310,4,81952.61,2022-02-08,36,8.86,1624
12943,13508,38768,4,37272.8,2020-07-30,24,8.93,1689
12944,6627,2484,1,93172.35,2020-08-15,60,9.14,1149
12945,5698,222,1,72123.0,2022-04-30,36,7.18,1103
12946,7728,12393,2,56630.64,2022-11-01,12,6.63,858
12947,11609,28769,4,61867.44,2024-01-03,12,7.41,1992
12948,10082,39189,4,48066.67,2023-01-11,60,9.73,51
12949,9052,862,4,59446.67,2023-07-30,60,8.19,1752
12950,2414,27956,1,10134.79,2020-09-29,60,7.58,176
12951,17269,9615,1,97737.76,2022-03-25,12,7.93,870
12952,2184,9536,4,83206.62,2021-05-17,12,4.28,253
12953,9465,26455,1,44990.44,2022-05-30,24,9.96,966
12954,7093,5288,4,57094.64,2022-09-21,60,3.92,1270
12955,15868,12085,2,3741.6,2020-08-25,12,9.61,739
12956,9700,12819,4,80843.52,2021-08-04,24,7.51,1130
12957,14008,2045,1,13421.45,2024-01-13,60,3.21,1217
12958,16502,22267,2,98898.83,2021-09-24,12,7.61,1340
12959,13247,5671,4,12409.99,2022-06-23,36,7.96,302
12960,16987,19989,3,79148.96,2022-10-05,24,8.49,548
12961,682,37093,3,68697.7,2021-09-27,24,5.01,1978
12962,17270,12041,3,81408.46,2021-04-11,48,3.26,716
12963,13829,30537,4,66855.93,2023-06-28,60,4.08,1958
12964,8528,2365,4,87859.95,2023-12-20,12,6.87,779
12965,15072,23016,4,83781.07,2021-06-21,48,3.79,268
12966,8074,3596,3,6860.11,2022-10-13,12,6.58,1194
12967,5262,28826,4,60698.38,2022-01-08,60,7.46,1010
12968,12076,11807,3,8608.87,2024-05-07,24,6.92,551
12969,13954,25540,4,26493.53,2023-01-04,60,7.93,1479
12970,7926,23701,4,37397.52,2021-01-26,24,6.84,1675
12971,102,27681,3,6411.63,2023-07-09,48,4.76,1316
12972,12140,1965,2,10912.44,2024-04-12,12,3.82,1588
12973,5058,23460,1,25469.19,2022-02-17,12,9.8,1823
12974,16051,14764,2,78565.28,2024-06-16,48,8.88,1825
12975,4725,17146,3,32768.82,2023-11-26,60,4.83,1165
12976,19915,19950,1,93524.18,2023-10-17,36,4.95,1170
12977,4063,8290,2,55259.15,2021-02-10,60,8.63,1449
12978,787,14307,1,3737.6,2022-09-01,60,8.3,314
12979,12784,23733,3,62860.31,2021-02-17,60,8.49,184
12980,6970,38453,3,87443.85,2022-01-17,36,8.86,1688
12981,15117,4612,4,52311.05,2021-12-14,12,4.23,713
12982,19314,30859,1,92225.63,2024-05-16,48,7.78,128
12983,459,1702,2,45571.91,2023-11-08,60,3.33,1311
12984,487,24191,1,10158.89,2023-03-28,12,3.36,1847
12985,14799,12605,3,31844.02,2023-08-18,24,6.71,1277
12986,481,23972,4,96656.99,2022-01-16,12,3.13,1802
12987,17786,28557,2,20350.88,2022-04-26,24,9.22,700
12988,10132,34442,4,26376.33,2023-02-15,24,7.04,386
12989,15633,18846,4,3979.17,2024-06-25,36,6.46,1254
12990,8115,15386,4,46918.23,2022-10-06,36,7.11,271
12991,13389,22477,1,62045.73,2021-01-30,60,3.91,1795
12992,14589,2230,3,83634.85,2022-02-09,24,3.67,811
12993,17029,13701,4,15260.72,2022-01-06,48,3.94,415
12994,1826,29142,2,82398.76,2021-02-23,12,7.39,198
12995,1520,32336,2,79199.24,2022-10-06,48,6.73,1347
12996,11160,5056,3,49495.41,2024-01-30,36,3.05,1080
12997,19823,7151,4,10079.44,2023-03-21,60,7.11,831
12998,5631,38645,3,31433.13,2020-10-21,24,9.52,1227
12999,11457,2824,3,49402.01,2021-09-23,36,7.03,1807
13000,14700,39257,1,21910.5,2023-10-16,24,3.68,1645
13001,10537,4113,3,47026.96,2021-10-22,60,7.76,628
13002,4927,979,3,47167.23,2022-04-01,60,4.37,604
13003,16107,13976,3,99784.08,2024-07-01,36,5.44,1162
13004,13685,35367,4,47047.05,2020-11-06,36,7.27,1446
13005,1064,13874,2,94856.71,2023-03-21,24,9.03,1839
13006,4781,7495,2,59115.02,2021-02-08,60,6.88,1081
13007,17325,4626,3,55270.33,2020-10-07,24,4.42,1586
13008,10433,9060,3,34074.44,2020-10-30,48,8.94,1010
13009,9423,7638,4,13056.94,2020-09-06,48,7.12,71
13010,16363,25992,4,55771.07,2022-02-06,48,5.01,911
13011,2177,39701,2,64678.42,2021-12-23,24,5.77,1938
13012,19490,32454,3,82263.75,2023-04-03,12,4.59,594
13013,16921,14385,1,67515.16,2023-11-29,36,8.41,1396
13014,11084,25906,2,15225.98,2022-09-26,12,8.79,1641
13015,502,39846,4,44443.52,2021-05-08,24,3.64,600
13016,7515,4272,1,1855.1,2024-04-14,24,8.66,514
13017,3823,2710,1,77408.68,2020-07-03,36,5.2,1896
13018,14344,38085,2,95682.66,2021-06-01,60,9.16,84
13019,2249,2726,4,86343.36,2023-10-02,60,4.49,994
13020,12289,32772,4,74961.37,2021-11-02,12,6.99,1067
13021,19149,32497,1,56119.39,2023-01-02,48,6.38,1690
13022,17386,7134,3,88897.98,2020-12-31,48,9.73,839
13023,14262,29667,2,93281.71,2021-06-16,36,9.98,1958
13024,3480,19648,1,49082.84,2023-11-10,36,6.57,606
13025,9228,33837,2,31181.23,2022-03-02,48,7.43,810
13026,14708,14703,3,8728.54,2021-08-09,36,6.82,133
13027,3911,29688,1,42144.94,2020-10-24,36,5.81,1419
13028,6162,15679,3,17406.74,2022-10-01,60,9.27,1089
13029,5102,5390,4,98941.13,2022-02-21,12,7.58,290
13030,15078,25487,3,29149.28,2020-07-15,48,4.08,376
13031,17092,36205,2,37970.31,2022-03-01,60,8.11,769
13032,14899,38128,3,63684.32,2021-09-29,36,7.1,467
13033,3074,7203,3,52951.04,2022-02-10,24,5.53,1922
13034,7055,1758,1,41129.62,2022-09-10,12,3.34,1237
13035,19142,28910,2,39923.77,2023-10-20,60,8.33,1172
13036,6925,18549,3,60671.76,2023-05-30,60,5.6,1597
13037,11680,31841,2,3841.18,2023-12-25,12,5.69,471
13038,13338,7542,4,47691.64,2021-11-26,12,9.0,149
13039,12394,24205,3,9166.51,2020-08-04,48,6.09,88
13040,12076,29304,3,13103.11,2024-04-22,36,5.53,1348
13041,15373,4098,2,44975.37,2021-06-23,48,4.98,1919
13042,15653,2400,1,47539.17,2023-04-11,48,5.37,396
13043,18238,6680,3,33154.82,2021-10-14,60,5.62,790
13044,16115,27711,2,28864.91,2022-05-26,24,4.44,1428
13045,11285,29244,1,13132.04,2022-01-22,12,3.59,1106
13046,4531,36171,3,29968.4,2023-11-18,24,7.16,1665
13047,14570,24482,2,94714.32,2022-02-26,60,9.03,1310
13048,1939,16342,4,93586.85,2021-09-21,12,4.31,1406
13049,12627,24417,4,88579.52,2023-11-27,24,5.31,865
13050,11269,4336,2,81256.4,2022-09-22,36,7.85,1816
13051,16367,518,2,99943.43,2022-06-23,48,8.53,1294
13052,15061,33438,3,56844.29,2021-04-16,24,5.32,1316
13053,7779,16740,3,40157.89,2021-05-26,12,9.76,1477
13054,13640,30176,4,18792.11,2023-07-20,60,6.75,1739
13055,17353,14786,1,94876.97,2023-03-07,24,9.8,24
13056,8793,16069,2,81928.82,2021-11-12,12,6.53,956
13057,16093,24107,1,54644.86,2022-03-17,48,4.4,1887
13058,17619,24256,1,39740.72,2024-06-24,48,9.7,311
13059,7238,32127,1,25586.7,2023-11-11,24,6.13,1485
13060,7098,11176,2,71918.87,2023-12-26,36,5.12,1232
13061,2535,3989,3,44189.93,2021-02-23,36,7.51,1816
13062,18560,27299,2,26246.18,2022-06-23,36,7.48,1741
13063,7901,36740,1,93553.83,2020-11-29,36,4.06,664
13064,5662,26879,1,77084.31,2021-10-25,12,8.2,438
13065,4296,21444,3,88187.04,2023-02-03,24,5.98,1562
13066,11114,10199,4,82229.93,2022-06-10,48,5.59,706
13067,6917,34657,4,63204.35,2021-02-26,12,7.11,1360
13068,6583,31025,2,53860.81,2021-08-11,36,3.24,422
13069,4621,11478,3,9051.93,2021-02-26,60,3.85,1774
13070,13859,19416,2,90759.78,2022-02-15,48,4.64,321
13071,12253,11497,4,85059.17,2021-08-01,60,3.7,1521
13072,19161,11273,2,82162.3,2022-12-23,60,4.66,587
13073,3650,5286,3,21299.61,2024-04-12,12,7.79,947
13074,3501,39802,2,64279.84,2021-09-04,12,8.21,1187
13075,730,10179,2,51806.29,2023-02-14,24,3.58,1835
13076,12421,12075,1,57635.49,2020-10-20,24,9.68,1565
13077,599,10447,4,62693.09,2024-05-31,24,8.67,1189
13078,9803,10201,2,83223.93,2024-03-23,48,5.81,849
13079,4140,34744,1,97833.04,2020-12-18,24,3.88,1722
13080,587,32624,4,63871.24,2022-04-25,48,8.56,1590
13081,4743,33148,4,51037.74,2022-10-28,24,5.17,1319
13082,16429,9327,3,71623.38,2020-12-02,60,7.37,42
13083,1799,32701,4,31317.62,2023-01-07,48,7.18,1948
13084,13419,27177,3,39888.38,2021-08-10,60,8.89,1309
13085,4990,31594,1,18783.84,2023-10-09,48,7.9,939
13086,12759,7555,2,10835.03,2023-08-06,12,3.36,387
13087,9073,36418,1,59993.76,2022-11-18,48,5.71,1162
13088,6175,31662,3,5905.39,2024-01-15,24,6.59,1211
13089,19787,33104,4,5503.33,2024-06-23,12,3.9,910
13090,5370,8503,3,89400.66,2022-04-16,12,4.88,716
13091,10812,8592,3,62687.59,2021-10-07,24,7.66,431
13092,16472,38496,4,72928.45,2021-09-12,48,4.94,554
13093,7918,14588,1,50914.58,2022-03-28,24,8.93,1886
13094,10644,18744,1,22034.99,2024-05-10,36,9.85,1440
13095,9613,34934,3,96406.03,2022-03-31,60,8.65,800
13096,5350,18165,3,17435.14,2023-04-11,24,9.38,426
13097,8204,19759,4,53699.49,2023-07-19,12,7.36,1440
13098,18945,24261,1,34585.46,2021-10-21,36,8.58,26
13099,17747,30564,4,13254.88,2020-10-29,12,4.61,1395
13100,18474,36818,1,37917.8,2023-06-03,60,7.23,385
13101,12444,1511,2,8237.32,2023-05-27,24,7.89,56
13102,8289,12275,2,31920.76,2023-06-28,24,3.39,1277
13103,19327,32904,2,18736.16,2022-11-05,48,5.9,634
13104,18810,5021,4,8273.74,2024-01-14,24,6.06,106
13105,6638,37109,2,44841.8,2021-01-01,60,6.25,1154
13106,7005,4746,1,12269.92,2021-05-25,60,8.06,849
13107,1772,16220,4,6989.7,2021-10-15,60,6.1,670
13108,13248,32097,4,75841.72,2020-08-29,60,3.9,376
13109,8647,12772,1,36168.85,2021-10-03,24,3.65,743
13110,2911,5034,4,63546.96,2021-12-26,12,6.8,967
13111,2335,8617,4,39342.98,2020-12-26,48,5.48,308
13112,4173,21941,1,95641.85,2023-05-31,60,4.0,91
13113,8812,29219,4,91005.22,2022-12-17,24,4.26,1417
13114,18789,32475,2,79206.13,2021-07-08,48,9.17,1558
13115,4934,18735,1,95599.53,2022-12-30,24,7.51,802
13116,8153,33689,2,50885.78,2023-07-05,24,7.49,110
13117,8855,12433,4,23171.18,2020-11-02,48,3.85,1585
13118,13773,25631,3,44813.19,2023-12-28,24,3.02,1665
13119,9918,23793,4,47363.44,2023-06-13,24,3.43,585
13120,232,14730,2,65501.48,2024-04-03,60,3.97,340
13121,18896,23291,3,85367.85,2023-02-24,12,8.54,1589
13122,19883,16398,1,26295.43,2023-12-28,48,4.97,979
13123,1180,5501,2,78964.74,2020-11-21,12,4.07,356
13124,10793,31365,1,74852.6,2024-02-06,24,3.92,1916
13125,16789,8600,1,3249.59,2022-04-10,24,4.38,168
13126,3037,36692,2,80756.43,2024-03-08,48,9.2,557
13127,4746,23902,1,8409.67,2023-10-17,60,6.25,1476
13128,19620,8563,2,1640.31,2020-12-20,60,5.19,905
13129,2702,30557,2,30517.16,2024-01-01,36,9.24,105
13130,12891,2431,4,28059.17,2022-09-09,60,4.01,150
13131,12879,9852,2,85443.61,2022-12-08,36,3.15,146
13132,1833,21137,1,29536.26,2021-11-23,36,7.83,716
13133,18143,24048,2,7667.03,2024-03-22,24,3.28,874
13134,16246,6988,4,84285.53,2020-09-22,36,9.27,299
13135,6060,29905,1,51559.59,2023-12-06,12,7.79,1191
13136,16029,25537,4,99467.8,2023-11-27,12,5.77,1737
13137,17352,35712,3,97102.17,2021-01-05,24,7.96,646
13138,3146,10984,4,4346.01,2021-11-19,48,6.5,723
13139,15113,11643,1,50951.37,2023-03-09,48,8.25,1072
13140,16975,1061,1,62265.1,2021-11-29,36,5.72,638
13141,15729,37276,2,98921.79,2022-11-24,48,8.26,239
13142,14322,37872,2,84973.9,2022-03-15,12,8.51,1031
13143,11158,6871,2,96781.68,2022-07-22,48,9.15,464
13144,13487,22889,2,66261.58,2024-04-10,24,8.54,453
13145,18711,3717,1,46847.07,2022-04-15,24,6.27,784
13146,9313,10089,2,47541.76,2023-12-10,12,5.41,897
13147,3066,27558,2,46669.02,2023-02-12,24,7.28,371
13148,15677,24416,2,93697.46,2024-01-07,12,4.59,1573
13149,15418,38150,2,95239.75,2023-05-24,60,4.12,487
13150,643,12749,1,83145.58,2023-06-28,12,8.13,1235
13151,11628,16537,2,20063.4,2020-12-04,36,7.24,165
13152,12929,27162,2,76881.71,2021-09-07,12,6.75,1149
13153,15109,14374,3,43902.45,2022-07-29,48,7.69,1361
13154,8991,20169,3,1383.11,2021-09-02,24,6.78,192
13155,7886,31035,3,17230.77,2022-05-07,24,5.31,730
13156,6176,33953,4,63766.73,2022-01-10,60,3.27,214
13157,874,895,4,40111.29,2020-11-30,36,9.2,574
13158,16920,35129,1,69870.51,2022-01-17,12,7.66,1352
13159,14048,5656,1,58879.91,2021-02-20,12,3.26,957
13160,13268,20260,1,98793.08,2022-04-02,48,5.51,381
13161,15648,16650,4,62274.29,2021-05-09,24,9.47,673
13162,5062,38359,1,50826.41,2023-12-20,12,7.32,1602
13163,18294,23897,3,57263.23,2022-09-11,60,7.81,798
13164,2606,29628,1,61630.92,2023-06-29,24,5.83,239
13165,12387,36678,4,15587.97,2023-07-13,24,5.83,1556
13166,4866,36175,3,45688.37,2021-11-29,48,8.42,700
13167,9969,39839,2,40574.86,2021-02-04,60,6.79,1106
13168,10989,30199,3,66355.45,2022-05-18,36,8.52,1387
13169,6432,7555,3,84448.65,2024-01-23,36,4.55,505
13170,3573,35162,2,33289.07,2021-05-22,60,7.74,202
13171,5627,19491,2,13160.76,2023-03-07,24,8.3,920
13172,13290,28395,1,10818.12,2023-05-17,12,9.92,1528
13173,3349,18087,3,39546.48,2022-06-21,36,7.82,1668
13174,11833,11639,2,20981.74,2022-11-30,48,9.04,37
13175,16811,10156,2,15092.17,2021-05-26,36,6.32,644
13176,935,5463,1,59810.98,2021-01-21,60,6.84,1613
13177,8485,19724,3,35858.65,2022-01-20,60,3.39,1625
13178,10034,17129,4,66695.23,2023-09-29,48,3.73,1997
13179,15891,18110,4,5083.47,2024-05-06,12,5.73,1426
13180,8536,35773,2,85793.32,2022-04-30,12,4.48,765
13181,11253,10049,4,79796.79,2024-05-20,24,7.35,1880
13182,2542,6136,2,58970.08,2021-01-13,36,6.65,706
13183,7920,9441,4,68137.14,2022-11-20,48,4.75,1200
13184,6768,14691,2,82587.42,2022-03-13,12,3.74,545
13185,9128,9952,4,97616.33,2023-08-03,36,5.65,1594
13186,18157,30779,3,99244.53,2022-03-18,60,4.12,1491
13187,14528,9959,3,26006.8,2021-11-07,24,9.14,1225
13188,16432,12274,1,57401.62,2021-08-05,12,3.28,540
13189,11211,8326,4,75285.42,2023-07-07,60,7.17,1571
13190,2763,36681,3,95379.81,2023-01-07,48,4.45,1017
13191,19593,27240,4,41677.24,2024-06-21,36,9.85,1661
13192,15807,2148,2,56898.34,2021-01-05,36,4.03,394
13193,2135,3360,4,98680.95,2021-12-20,12,8.68,833
13194,1187,17294,4,40537.09,2022-04-22,48,6.2,1066
13195,14540,24456,1,61618.03,2022-03-04,48,4.15,597
13196,1500,16388,3,90121.21,2021-09-04,48,7.51,393
13197,16911,443,2,4912.44,2024-04-14,24,9.65,700
13198,13521,113,1,36000.11,2023-09-24,12,6.76,1647
13199,7947,26235,2,89916.36,2021-04-15,24,8.46,1807
13200,10400,14819,2,68698.8,2022-09-28,24,6.9,441
13201,10755,27161,2,19936.96,2023-03-27,24,8.25,1861
13202,9895,3957,1,64589.92,2024-03-28,36,5.37,1641
13203,10974,38020,2,32772.74,2023-03-20,12,8.83,1530
13204,17102,15352,1,31486.67,2023-05-21,60,7.53,918
13205,17152,22449,3,49041.17,2024-06-10,36,5.82,320
13206,3773,26154,1,89744.89,2021-06-29,60,9.7,553
13207,11314,18435,2,67513.53,2023-11-30,48,9.48,1239
13208,11640,32293,3,29265.15,2024-02-24,12,9.5,1095
13209,8765,2644,2,92122.24,2024-01-21,60,5.02,568
13210,15315,2439,2,11122.99,2020-10-01,12,5.3,919
13211,8972,3791,4,26210.56,2020-10-07,48,6.3,236
13212,6461,27240,1,11519.36,2020-12-03,48,3.47,1305
13213,12090,28694,3,95958.97,2024-05-19,48,4.09,987
13214,17956,2222,1,16143.39,2024-06-21,24,6.27,1641
13215,17055,25042,2,72769.39,2020-11-06,48,9.58,1926
13216,13283,34683,3,56960.5,2022-10-16,48,6.08,1911
13217,2028,30790,1,81002.66,2021-02-12,60,8.42,1186
13218,2934,19892,1,32683.93,2024-03-05,36,9.59,1215
13219,15054,32779,2,47486.45,2021-11-29,60,5.63,1033
13220,15135,24226,3,86056.12,2022-01-20,36,7.55,60
13221,1570,32096,3,12121.24,2021-10-03,12,7.06,893
13222,15923,6236,2,63943.24,2021-11-27,12,5.82,1841
13223,15492,29766,3,4357.2,2022-04-04,12,7.66,225
13224,1497,24866,1,36597.48,2023-06-09,12,5.9,1843
13225,2722,25725,2,97261.34,2023-03-20,12,4.3,700
13226,5588,24763,4,23579.42,2023-11-19,12,6.95,582
13227,8312,26861,4,87875.62,2021-01-11,36,3.36,1829
13228,6779,2476,3,32461.65,2021-05-16,12,5.45,1311
13229,4837,13160,3,46216.51,2021-01-04,24,7.08,994
13230,4749,12414,1,13663.69,2021-11-09,36,8.13,169
13231,2376,7731,3,76622.67,2022-12-30,48,4.83,1086
13232,18100,1341,4,34549.77,2021-07-20,36,3.64,1373
13233,3279,39762,4,5339.13,2022-07-31,60,8.68,1466
13234,14036,21391,4,48886.83,2021-07-22,24,3.43,14
13235,14208,2261,1,44819.87,2021-03-28,36,7.15,164
13236,6357,15735,2,10467.15,2024-01-19,24,5.06,1444
13237,2533,8992,1,14747.4,2021-09-04,24,7.08,757
13238,14074,3411,4,50246.15,2024-04-17,60,3.45,1871
13239,15254,37322,3,31966.14,2024-03-14,48,7.69,1544
13240,14387,1413,3,62673.93,2020-09-25,12,9.78,1690
13241,3781,16848,4,25837.88,2021-08-17,48,4.41,1572
13242,5246,186,1,75925.91,2021-12-04,36,7.95,1584
13243,13099,25289,2,77715.07,2023-11-29,48,4.18,1621
13244,14205,16700,3,32806.5,2023-01-30,48,9.59,1052
13245,9938,29270,2,60994.03,2023-10-16,24,9.76,1732
13246,6827,19245,1,22923.82,2024-03-27,24,4.06,446
13247,15225,21656,2,84321.61,2021-06-21,24,8.92,1232
13248,14493,28486,2,97238.14,2020-11-26,36,3.1,1494
13249,6236,25109,3,62731.61,2020-12-12,24,6.83,716
13250,6987,21978,4,51479.17,2023-07-29,48,5.17,976
13251,13563,38347,4,42320.24,2021-01-02,24,5.42,819
13252,9543,9499,1,6074.75,2020-10-17,24,8.34,104
13253,9803,14647,2,2543.6,2024-04-12,48,4.07,742
13254,6247,35250,2,63558.84,2022-02-04,60,8.27,426
13255,16482,18743,4,76490.54,2022-11-23,12,9.8,1125
13256,2722,309,1,6340.2,2024-04-30,36,9.09,1565
13257,12644,34733,2,38344.28,2023-04-08,12,9.54,639
13258,19662,20209,2,79897.1,2021-06-02,60,6.1,850
13259,5045,38037,3,24005.88,2022-07-11,60,7.52,1546
13260,8004,36375,1,35252.14,2024-02-24,12,5.97,1130
13261,8926,24070,3,91881.11,2022-05-13,12,5.81,1703
13262,18259,34266,1,80585.45,2020-07-23,24,7.58,2002
13263,170,18985,1,12462.29,2021-04-16,48,4.45,769
13264,5031,9097,4,63205.86,2021-03-22,36,6.08,1831
13265,5703,29685,4,33594.38,2022-12-03,12,9.28,277
13266,5548,21917,3,84194.15,2021-07-24,48,4.02,1089
13267,17483,21792,2,35684.72,2023-05-04,24,6.55,1807
13268,1501,28614,3,53590.79,2023-10-24,60,4.06,900
13269,910,88,3,66516.23,2023-11-27,60,7.83,188
13270,6039,10941,2,47474.19,2021-02-05,36,7.21,1341
13271,12911,5111,4,53617.15,2022-07-16,60,8.53,1940
13272,8315,34840,3,34222.31,2022-12-06,60,6.89,1162
13273,9640,33873,3,97643.35,2023-03-03,36,7.91,1367
13274,3221,16766,3,56436.18,2021-07-22,60,4.49,105
13275,1385,32172,2,23956.64,2023-04-09,24,7.65,546
13276,16672,958,4,2479.18,2023-12-07,24,8.93,380
13277,14393,34389,4,68285.33,2022-12-03,24,7.7,110
13278,18454,39464,1,87770.77,2023-12-05,36,8.71,1968
13279,7878,27859,4,84513.14,2020-12-07,12,3.61,545
13280,13338,1214,4,86629.21,2023-08-28,24,7.24,354
13281,5076,29891,2,89866.3,2024-06-22,36,5.29,743
13282,7546,24718,2,42243.75,2022-02-08,12,9.92,317
13283,4956,22800,2,74705.92,2023-12-09,12,4.75,1290
13284,15771,7929,1,43251.96,2024-01-22,48,5.0,1718
13285,2513,17460,1,78055.36,2021-05-13,36,3.95,1876
13286,19524,3612,4,42506.04,2024-01-26,12,7.99,1089
13287,3347,244,1,67860.02,2020-10-02,48,9.75,333
13288,1989,10610,4,69971.49,2022-12-02,24,4.09,1537
13289,13193,6850,3,69349.86,2020-07-27,48,8.66,1157
13290,7681,17507,2,90363.52,2024-03-02,60,3.8,592
13291,5231,14973,3,45792.57,2023-03-01,24,9.46,783
13292,4395,27764,1,84199.08,2022-11-08,48,4.48,1777
13293,2736,6527,2,87965.41,2021-10-12,48,6.4,540
13294,14699,33709,2,54560.54,2023-05-03,36,8.94,735
13295,5969,3328,3,73329.29,2024-01-29,60,3.82,1559
13296,10256,13125,3,61219.75,2022-04-09,12,3.13,1520
13297,9899,21231,2,84740.7,2021-12-01,24,4.15,621
13298,286,11185,3,25338.59,2022-09-10,36,5.19,619
13299,5047,21829,4,76912.58,2022-05-26,36,3.74,1681
13300,408,21405,3,28289.1,2022-07-08,60,6.97,1393
13301,16098,5232,2,44210.89,2023-01-26,24,7.39,1890
13302,13396,4033,3,35055.05,2021-08-29,24,5.01,909
13303,8802,25772,2,6130.41,2021-12-14,12,3.89,1934
13304,8270,32926,4,98411.84,2023-08-09,36,5.23,1675
13305,8718,14359,1,80747.87,2023-06-27,24,6.56,1820
13306,2535,28747,4,25311.43,2022-11-12,36,3.51,1834
13307,752,18775,1,78746.99,2020-07-14,36,9.03,992
13308,14473,30134,3,5488.27,2021-08-17,24,6.95,99
13309,8073,36314,4,38199.07,2024-04-26,24,7.77,317
13310,16733,1031,2,88025.36,2022-03-01,48,8.79,123
13311,6680,1517,2,99250.25,2022-12-15,48,6.77,1344
13312,8055,39826,1,6697.28,2021-02-11,12,9.06,799
13313,12413,39700,4,7602.7,2020-09-01,48,7.0,1617
13314,11097,4844,2,60260.89,2023-05-06,12,5.51,1519
13315,9419,14739,4,42432.59,2022-05-29,12,6.64,457
13316,11572,7548,1,31805.8,2022-11-03,24,4.99,522
13317,18768,4966,2,60945.06,2021-04-29,36,7.63,520
13318,6827,35923,2,78894.71,2023-03-29,36,6.8,917
13319,2585,17354,1,2415.8,2022-02-20,60,5.91,717
13320,12481,2702,4,33931.5,2021-01-22,24,7.99,315
13321,16675,24990,1,30681.83,2023-09-01,12,8.24,1970
13322,583,25379,3,60784.26,2023-06-24,12,6.55,709
13323,13040,30419,1,71444.46,2021-11-15,36,9.58,710
13324,3693,7278,4,1595.95,2022-10-25,12,7.35,1566
13325,9226,27753,3,4047.29,2021-07-02,24,9.58,1503
13326,14189,5785,1,90064.57,2022-08-19,60,3.59,1937
13327,18341,30960,2,1020.24,2022-04-14,24,6.07,1995
13328,3780,30341,3,90120.02,2023-08-06,36,8.46,1044
13329,16505,16245,2,4829.88,2024-02-29,36,6.07,560
13330,19863,22387,2,76395.51,2021-09-22,48,5.75,969
13331,5156,2481,2,77755.56,2024-01-15,48,9.92,1154
13332,6685,30154,4,42186.42,2020-08-22,48,7.45,1317
13333,19638,37278,2,7471.67,2022-08-13,60,8.84,1921
13334,3610,22908,4,43379.49,2023-08-16,36,5.0,1156
13335,10743,2780,4,11878.13,2023-09-27,48,9.63,356
13336,2896,5822,3,6557.62,2023-03-20,12,3.67,1078
13337,15730,308,4,74994.97,2023-03-09,36,3.04,890
13338,8094,28762,4,3778.8,2023-09-07,36,4.81,793
13339,848,2555,2,79628.6,2024-05-30,48,4.46,1411
13340,15124,26489,1,47607.15,2022-06-19,60,6.47,265
13341,2055,35114,4,1264.0,2024-04-13,12,8.68,982
13342,14684,27605,1,99005.25,2021-04-30,48,4.19,1239
13343,13324,30088,1,71079.81,2024-03-11,12,6.27,1484
13344,4375,14684,2,39705.75,2022-11-24,12,9.91,1482
13345,4493,21754,3,20380.28,2024-03-13,60,6.43,802
13346,8142,3228,1,15804.4,2021-05-08,48,5.24,43
13347,15441,34690,1,53047.37,2021-05-11,12,4.62,1610
13348,14299,23570,2,85158.68,2023-09-27,36,5.44,862
13349,9393,5541,3,52962.46,2024-01-29,24,5.08,1302
13350,16550,16337,4,59852.18,2023-12-16,36,3.94,1862
13351,14132,18225,3,94958.5,2023-04-05,48,4.71,1778
13352,8787,33266,1,50882.86,2021-10-23,12,4.78,1154
13353,351,32121,4,86180.0,2021-12-16,48,6.06,350
13354,12487,38645,4,82735.08,2022-11-07,36,3.38,1730
13355,6499,22251,1,88022.44,2022-09-07,24,6.3,1568
13356,1013,20630,1,88522.65,2023-08-28,60,4.6,1130
13357,3442,33993,4,25003.68,2024-01-16,60,5.06,912
13358,10563,6988,4,65312.3,2023-01-09,48,9.27,1740
13359,5449,30799,4,98704.39,2022-11-04,48,4.51,1
13360,18290,7648,3,33914.68,2023-08-04,60,7.6,1781
13361,2728,22077,4,44630.12,2022-05-07,60,5.34,584
13362,8197,36640,3,94658.62,2022-04-26,48,5.6,432
13363,9597,35916,4,14722.87,2020-12-02,24,8.89,1330
13364,14830,5531,2,83554.39,2022-09-10,36,4.12,1933
13365,18872,28721,3,22202.48,2021-06-12,36,8.98,1551
13366,13825,3963,2,23892.4,2023-05-25,12,6.43,53
13367,14799,22032,4,70968.78,2023-10-11,36,9.01,940
13368,3696,27551,3,61493.61,2023-10-14,12,9.27,520
13369,12061,26092,4,68301.37,2024-03-27,60,4.39,1354
13370,12195,5113,1,69721.52,2023-07-09,24,3.91,1582
13371,3515,32507,4,22060.94,2022-12-16,48,5.7,1349
13372,6264,18222,1,58149.14,2023-03-30,12,9.56,1138
13373,12024,36372,1,38872.45,2023-12-08,36,8.44,147
13374,312,14124,1,42806.8,2024-03-06,60,5.54,1190
13375,8520,30138,2,56683.89,2023-08-13,24,8.61,1403
13376,11142,29048,1,96354.63,2024-01-28,60,5.74,1163
13377,9147,29896,2,75962.94,2021-01-23,24,7.67,629
13378,13194,31661,2,39149.44,2021-04-11,12,3.57,299
13379,4041,83,1,1817.07,2024-06-01,36,6.25,1300
13380,7959,18162,2,27214.79,2022-12-16,36,3.94,1940
13381,14209,29320,4,62265.15,2024-06-30,36,4.95,789
13382,8717,6820,2,50177.53,2023-05-11,36,4.47,850
13383,19559,10883,2,46451.5,2023-07-10,60,6.19,1849
13384,17505,17121,3,71699.97,2022-05-05,60,9.15,178
13385,5394,36729,4,68636.34,2022-09-13,12,9.23,842
13386,10861,12486,4,42164.1,2022-10-12,12,4.39,1378
13387,15836,29233,2,19731.73,2022-12-01,48,3.48,1178
13388,19700,8986,1,48607.65,2020-07-16,60,5.01,1950
13389,13747,8133,1,46312.46,2023-09-27,60,5.06,1225
13390,9537,15187,4,83142.6,2023-09-08,12,7.1,878
13391,15062,3095,2,36646.52,2024-06-17,60,9.25,1139
13392,7028,8286,1,24462.02,2021-06-18,24,7.23,1695
13393,1067,37792,3,14973.35,2022-09-27,60,4.42,1578
13394,17593,18169,2,49691.13,2023-10-19,48,3.77,759
13395,6008,2299,3,42760.2,2023-03-14,24,8.09,1092
13396,18946,256,1,9905.18,2020-12-24,24,7.24,1469
13397,17308,14986,3,68857.9,2022-09-05,60,7.07,445
13398,5567,4074,4,94308.88,2021-11-11,48,9.66,1350
13399,17158,23453,4,28563.39,2021-05-23,60,8.18,1870
13400,704,24829,3,24944.14,2023-07-19,36,7.9,708
13401,2706,1178,4,3524.76,2021-02-04,48,10.0,602
13402,3690,9044,4,61906.71,2023-09-02,36,9.69,1647
13403,15304,28934,3,30112.76,2024-02-19,24,6.54,1904
13404,2198,24493,3,19752.89,2021-05-03,48,5.42,1383
13405,13129,23763,4,52235.67,2021-05-27,48,7.14,145
13406,11635,5237,2,85916.09,2022-11-08,60,7.85,275
13407,15416,24549,4,8674.11,2021-06-05,12,6.02,509
13408,9444,37641,2,42345.22,2020-10-05,12,4.15,1203
13409,12406,18894,2,64282.24,2021-12-05,48,7.04,753
13410,394,18947,1,30090.08,2024-02-12,36,4.93,1862
13411,12122,8517,3,94256.96,2021-01-08,36,7.19,1855
13412,1332,28859,2,90731.75,2022-04-10,12,9.45,477
13413,17411,39309,3,44382.05,2021-04-02,24,5.63,1867
13414,11999,25446,4,87985.24,2022-09-25,48,8.55,2000
13415,18493,2300,2,57084.62,2024-01-13,60,9.62,1438
13416,18218,36014,1,51094.45,2024-05-29,36,4.32,1177
13417,1681,15153,4,26742.47,2022-12-08,36,7.47,1128
13418,5331,18644,3,11972.39,2021-06-18,36,7.46,1099
13419,10545,4184,1,34635.61,2022-11-03,24,4.0,1152
13420,372,10738,1,98571.53,2020-12-30,48,7.7,1735
13421,1055,12599,3,45163.84,2022-11-11,24,6.71,666
13422,10052,10953,4,31401.63,2023-07-22,60,4.24,568
13423,9505,33740,3,15963.19,2023-05-19,24,8.45,1814
13424,5516,26080,1,66147.7,2021-01-08,60,6.88,1369
13425,18064,9955,3,55694.21,2020-10-08,48,5.37,531
13426,3110,12025,2,1983.75,2020-09-09,60,3.92,159
13427,13747,27910,1,47584.58,2022-07-21,24,8.79,1562
13428,7789,20534,4,93148.39,2022-08-28,48,5.51,1450
13429,3415,26302,3,72451.77,2022-02-11,48,3.92,681
13430,17816,2602,3,61932.1,2024-04-06,60,8.64,23
13431,8098,2692,4,13419.88,2024-05-04,36,7.18,1071
13432,8518,26595,2,73624.25,2020-08-21,48,6.75,525
13433,16736,10511,4,15974.28,2022-10-12,48,4.53,729
13434,18259,37397,3,55006.63,2020-10-25,36,6.04,1858
13435,5128,16777,4,18415.2,2022-12-30,60,7.57,1730
13436,19173,36856,3,44603.61,2022-11-10,12,5.45,144
13437,16111,13683,1,26061.12,2022-01-22,36,6.78,1609
13438,1477,8508,2,89114.3,2022-11-27,12,7.05,668
13439,916,12816,4,79893.15,2020-12-09,12,9.61,1613
13440,12964,8285,2,45269.19,2021-05-12,36,4.15,1443
13441,16074,31057,2,7794.81,2023-09-05,12,4.59,681
13442,10398,20723,4,55854.59,2022-07-31,24,8.87,973
13443,10636,11232,3,85024.35,2024-02-14,24,6.7,799
13444,16115,35827,3,11830.39,2023-12-03,24,6.7,85
13445,18707,14693,2,43542.86,2021-08-24,60,7.77,416
13446,17621,30431,1,97612.72,2022-07-03,48,3.18,694
13447,14488,33139,1,75502.8,2021-04-09,60,5.07,482
13448,11879,27433,3,29058.19,2023-10-02,48,4.48,456
13449,15488,32051,1,12881.83,2024-05-21,60,5.11,827
13450,9220,12049,3,28741.7,2021-03-22,60,8.1,297
13451,14875,24993,2,44297.23,2021-04-01,36,9.51,1136
13452,14383,21344,1,24379.31,2021-03-02,36,4.72,1986
13453,8405,17180,4,19791.35,2022-01-16,60,4.11,1254
13454,13698,19881,2,10995.64,2022-01-17,24,3.01,1120
13455,16553,9088,4,53041.23,2021-06-11,48,9.5,950
13456,10944,30255,4,42879.62,2023-10-04,48,5.16,680
13457,11632,28814,2,17153.51,2020-12-07,36,4.91,378
13458,14047,31402,2,20081.49,2021-03-05,12,8.41,1180
13459,2633,15274,3,80951.05,2021-04-19,48,3.61,421
13460,146,19172,1,91551.21,2020-07-28,60,5.75,105
13461,7223,38054,4,53014.86,2022-09-25,48,5.28,1729
13462,19654,5401,1,64719.44,2022-11-02,48,6.38,330
13463,9372,7897,4,43147.57,2021-08-23,36,6.4,439
13464,7034,24779,1,35141.16,2023-02-07,36,5.0,1156
13465,9565,24173,2,25713.44,2021-07-24,24,3.12,1891
13466,247,7030,4,41960.49,2021-08-14,24,4.23,382
13467,17203,1339,2,25299.11,2023-11-06,48,7.39,138
13468,18719,28353,1,67725.79,2023-01-26,12,7.87,943
13469,19066,107,3,52534.29,2023-05-27,12,7.41,843
13470,660,20392,4,10057.07,2022-11-26,48,6.94,270
13471,1920,23765,1,49791.11,2021-02-01,60,9.26,1574
13472,1650,31698,1,11006.97,2023-05-27,12,4.15,396
13473,15325,34065,4,13280.22,2021-12-15,36,9.01,1581
13474,10096,5194,3,99029.02,2022-10-11,24,5.08,913
13475,6957,1417,4,79257.55,2022-07-01,60,3.42,464
13476,3032,3555,3,71159.16,2024-06-03,36,7.71,1699
13477,7980,25463,3,57875.07,2022-01-28,60,9.29,450
13478,4112,29202,3,27901.88,2023-09-06,48,8.98,1355
13479,7076,4040,2,76166.59,2021-10-21,12,7.46,1277
13480,16876,21485,4,7594.35,2020-12-06,60,6.86,1705
13481,13051,7831,1,77100.24,2023-12-11,36,4.88,1987
13482,11418,38368,3,92629.53,2020-11-24,12,4.61,1309
13483,11255,20660,1,9185.7,2021-04-16,24,3.95,1298
13484,11759,4241,4,81507.53,2021-11-04,24,4.66,20
13485,541,26092,4,86074.66,2020-10-26,36,6.8,239
13486,12714,4595,1,39686.45,2023-12-05,24,6.49,1294
13487,11824,1112,2,12093.12,2021-08-14,60,6.51,418
13488,17887,5276,1,72038.75,2022-07-06,60,4.26,1969
13489,5993,607,4,83361.72,2022-09-23,24,9.01,1334
13490,8148,35806,4,92037.7,2020-07-24,12,4.11,1055
13491,5390,32875,3,22144.05,2020-11-06,12,9.03,1850
13492,10506,35667,3,11080.59,2022-01-11,24,7.8,1128
13493,16302,22388,1,95423.23,2024-06-14,48,9.3,1706
13494,9667,25921,1,53703.15,2022-09-10,48,6.14,186
13495,10479,19197,2,58167.85,2022-01-11,36,8.29,1152
13496,9673,17941,4,27156.57,2023-04-19,24,9.9,1234
13497,19908,15722,1,50430.98,2022-12-15,12,9.88,1438
13498,5506,25575,2,83244.96,2022-03-21,48,3.84,1305
13499,15760,3017,3,74549.68,2022-03-12,60,3.24,1983
13500,5949,6585,3,56064.4,2021-12-13,60,7.49,253
13501,7458,2093,2,52882.19,2022-04-05,36,9.66,19
13502,10840,15244,3,29051.33,2024-06-26,48,9.59,712
13503,11262,29385,4,11979.3,2021-05-06,24,7.42,1756
13504,9842,35589,4,44965.34,2021-06-15,12,3.33,1160
13505,396,7027,1,12592.64,2021-09-03,60,9.89,223
13506,18947,10497,4,22164.77,2022-03-27,24,9.24,3
13507,9297,25952,4,6640.95,2024-03-12,12,8.81,1987
13508,2101,34318,4,50201.29,2020-07-15,24,4.4,1260
13509,13427,21441,1,74565.68,2022-11-10,60,6.01,854
13510,4920,33108,2,52312.66,2022-08-12,24,8.99,1489
13511,8129,20456,3,77053.92,2020-11-13,12,6.38,228
13512,12352,32846,4,78585.61,2023-02-06,36,4.23,913
13513,9507,28702,4,30637.37,2023-09-13,48,7.1,1678
13514,4383,29931,3,2726.97,2023-07-28,36,9.1,499
13515,7510,23818,4,22813.47,2022-09-28,48,9.06,521
13516,2158,19065,3,33602.82,2023-12-30,36,5.5,702
13517,2265,18129,1,92057.19,2023-12-18,12,3.2,1886
13518,13828,27607,2,1427.65,2023-06-04,60,4.45,917
13519,11180,19689,3,50128.61,2020-08-31,36,8.22,1996
13520,13674,17377,4,92727.01,2020-08-09,36,8.23,1701
13521,1026,33495,2,35673.51,2022-09-16,48,5.54,1163
13522,12660,25532,4,76306.89,2022-11-08,48,7.87,1300
13523,10337,274,4,58421.37,2021-04-28,48,3.53,291
13524,6706,34996,2,47545.76,2022-05-20,12,6.17,1077
13525,5954,5572,3,41475.73,2022-11-29,36,6.11,1711
13526,8136,4901,2,69130.75,2024-04-12,24,4.74,1134
13527,14848,24453,2,19690.94,2023-06-22,12,9.33,715
13528,1772,26733,3,60585.61,2024-06-09,36,7.48,948
13529,13317,34880,2,27993.22,2021-01-01,12,6.46,648
13530,7551,14342,1,44618.88,2023-05-25,48,8.35,1028
13531,960,14138,4,74939.89,2021-01-27,48,6.37,1691
13532,4305,16487,1,98918.46,2021-07-25,48,3.07,684
13533,3953,31627,4,11831.06,2021-12-09,60,7.52,1960
13534,4057,10835,1,26312.52,2024-01-11,36,5.92,870
13535,2222,749,4,88257.76,2023-04-03,60,6.31,1071
13536,113,10773,3,91095.11,2023-04-26,24,5.24,94
13537,18581,36572,4,41614.03,2020-07-25,24,7.05,940
13538,14072,29631,2,95391.82,2020-11-22,48,8.46,560
13539,10492,15490,3,63486.92,2021-01-11,12,3.53,1776
13540,1104,5517,2,75994.47,2024-02-18,24,4.64,1883
13541,1746,16482,4,38466.28,2020-09-03,36,7.29,213
13542,12023,13183,3,69092.9,2022-04-29,36,3.84,436
13543,17139,26163,2,70260.62,2021-04-10,12,4.9,852
13544,10661,14262,2,19851.15,2022-05-31,60,9.67,508
13545,16485,329,2,67304.34,2023-07-01,24,8.24,836
13546,16527,28174,4,10561.78,2022-09-24,12,9.24,651
13547,8224,2814,4,60093.09,2022-09-23,12,7.2,205
13548,16562,8728,2,45398.99,2023-02-16,36,6.12,381
13549,15198,21833,1,79675.59,2022-06-22,24,3.36,1097
13550,19210,10326,2,72571.44,2023-08-08,24,4.48,1540
13551,13413,28684,4,18292.18,2023-09-24,48,7.51,1100
13552,108,16909,1,66764.54,2021-10-01,36,7.39,1865
13553,5297,35192,4,77017.49,2021-07-14,48,7.02,77
13554,11199,34692,4,53688.72,2020-11-07,60,3.46,816
13555,8533,4289,3,27192.45,2022-05-03,24,9.14,768
13556,11053,12938,4,82646.12,2023-01-05,36,7.66,410
13557,14979,20962,1,61962.19,2021-04-05,12,5.82,1638
13558,6445,38805,2,65507.01,2023-10-05,48,3.45,106
13559,14708,17364,1,90195.63,2022-07-13,48,5.63,1869
13560,1115,3425,1,41828.77,2024-02-23,12,4.16,551
13561,3952,6933,4,27367.16,2020-07-21,12,3.82,1500
13562,15157,12068,4,80139.94,2022-11-07,12,9.12,826
13563,16188,3187,4,65133.85,2023-11-05,36,6.25,1299
13564,17001,20702,2,36748.42,2021-12-25,60,9.91,88
13565,389,14633,1,30088.4,2021-01-02,36,6.56,1747
13566,4476,25031,4,25869.73,2022-06-13,24,8.38,881
13567,2049,2714,4,38180.35,2021-07-16,24,9.29,1101
13568,6259,17695,2,88196.86,2021-04-16,60,4.95,1101
13569,3336,3,1,61234.74,2024-02-04,36,6.71,1466
13570,446,4440,4,62652.1,2020-12-15,48,3.14,540
13571,12232,34862,3,70149.39,2021-08-27,12,8.67,245
13572,10716,9683,3,20326.86,2024-05-02,36,9.61,578
13573,19281,26307,3,91815.94,2020-10-18,36,5.63,1802
13574,18661,38782,3,9075.21,2023-07-04,48,9.88,1406
13575,15756,1507,4,67264.23,2022-06-14,48,3.28,982
13576,17173,23295,2,52600.11,2024-01-12,36,6.72,717
13577,6404,9978,3,51219.99,2020-10-19,12,9.3,1594
13578,6293,814,4,5265.16,2021-11-09,48,4.65,1737
13579,17679,33348,3,99684.32,2023-12-24,60,5.54,1761
13580,14012,6385,1,84992.44,2021-10-27,36,5.61,142
13581,19329,37133,3,50242.54,2023-05-24,60,7.87,893
13582,4975,36321,3,47984.27,2020-10-16,12,9.73,1392
13583,18167,20681,3,64898.01,2023-11-21,60,7.01,1108
13584,12172,20436,2,62738.65,2021-07-26,60,4.03,1167
13585,14857,1363,2,14412.77,2023-09-12,60,5.2,352
13586,11777,34483,2,76614.23,2024-01-30,60,7.06,545
13587,4747,21439,3,22521.33,2024-02-03,36,7.13,913
13588,16117,4239,1,50686.44,2021-02-15,48,6.97,152
13589,8816,36235,2,87502.75,2021-08-05,12,8.22,1182
13590,17213,11616,4,91756.39,2021-01-26,24,3.97,1470
13591,6516,4032,2,13993.28,2024-05-02,60,6.84,653
13592,15624,2549,3,17649.78,2021-12-23,48,4.03,958
13593,16430,1784,1,73013.01,2021-09-15,60,3.63,763
13594,11425,9494,3,72426.58,2023-08-02,36,8.17,1327
13595,8337,16749,2,19606.73,2023-04-04,36,3.85,624
13596,14288,30270,2,55122.48,2021-05-08,48,3.37,656
13597,18107,21079,4,74578.06,2020-12-09,12,5.77,450
13598,2772,22873,1,20720.97,2024-01-16,24,4.78,721
13599,18655,17383,4,99102.06,2021-10-09,24,7.11,1248
13600,9843,19305,2,37957.82,2021-08-04,24,9.51,43
13601,474,31573,2,83765.32,2024-01-25,24,9.77,264
13602,2388,6485,1,75499.79,2021-10-21,48,3.02,1780
13603,14854,13074,1,33612.67,2023-10-27,24,6.97,1027
13604,1612,25666,2,27084.14,2023-01-11,12,6.12,1661
13605,489,35016,3,82685.87,2023-02-12,12,4.29,1292
13606,7859,38221,2,80416.6,2023-03-16,48,5.34,596
13607,9987,38550,1,49376.34,2023-06-09,48,5.82,1040
13608,14391,21551,4,30938.96,2022-06-08,24,4.48,1358
13609,10586,16119,1,59748.09,2020-09-02,60,6.73,1488
13610,7219,12559,4,43560.31,2021-12-02,48,8.65,1083
13611,8510,22013,2,84988.69,2021-05-22,36,3.87,1013
13612,17030,37640,3,2437.04,2023-08-25,48,9.18,177
13613,12301,24224,2,22872.47,2020-11-28,36,6.41,63
13614,789,39126,3,15252.44,2022-05-15,48,6.46,958
13615,31,16203,3,31205.91,2022-12-11,48,7.25,1003
13616,8394,29201,4,8185.19,2022-06-06,24,8.31,561
13617,3885,26651,4,40170.93,2022-01-22,24,8.67,1331
13618,6528,1400,2,49313.88,2021-12-09,36,8.61,1270
13619,1218,27643,4,13424.92,2022-11-30,24,3.88,1313
13620,5856,27317,3,53371.9,2021-06-14,48,3.14,1822
13621,19388,35636,4,72705.94,2020-09-12,48,9.45,955
13622,18770,101,2,39811.97,2024-02-15,12,9.0,1356
13623,15903,9735,4,1662.2,2021-05-05,24,9.56,1551
13624,2939,8949,3,79751.52,2021-10-07,36,6.97,850
13625,7997,10700,4,5740.89,2023-04-26,36,6.89,1279
13626,18179,12705,4,26081.11,2023-02-28,48,7.38,604
13627,8139,14784,4,83278.88,2021-06-21,48,4.2,1534
13628,17352,37914,4,33271.83,2020-12-10,36,7.22,1815
13629,3476,35217,4,56803.01,2023-02-04,36,6.74,1742
13630,16851,9281,3,77898.23,2022-05-14,48,8.65,606
13631,12583,32727,1,14915.05,2023-12-03,36,5.49,1761
13632,5835,21554,4,55112.28,2021-09-01,12,6.39,1837
13633,4207,3243,1,52505.24,2021-05-07,36,5.68,830
13634,10694,31682,4,34894.81,2023-09-16,60,6.82,1487
13635,16626,35625,3,50622.63,2023-01-16,60,4.75,1223
13636,12351,17209,2,61342.72,2021-07-02,24,7.29,1295
13637,5681,14538,2,79177.83,2020-07-28,36,4.46,746
13638,13570,2974,2,17731.49,2022-06-03,24,8.33,558
13639,2692,26303,4,21088.87,2021-06-04,60,6.76,64
13640,17149,36219,3,32476.77,2020-10-03,60,3.96,1254
13641,7047,37994,3,90164.33,2020-12-16,12,6.84,942
13642,3244,38171,4,33884.96,2021-08-13,60,9.62,1976
13643,19583,4642,2,25935.9,2022-03-03,48,3.14,249
13644,14777,21003,4,73920.52,2021-11-26,60,6.31,1270
13645,7256,4668,1,52135.26,2022-10-13,36,5.23,940
13646,2994,27888,3,9130.11,2023-08-24,24,4.67,1611
13647,3879,5601,2,82891.94,2021-12-12,24,9.9,157
13648,4847,15521,4,5898.22,2021-07-09,12,9.08,735
13649,8082,25885,1,53924.92,2020-11-07,60,6.5,1726
13650,9230,21327,4,82418.85,2022-10-23,48,4.72,985
13651,10937,20919,1,70104.13,2021-06-28,60,8.68,1588
13652,18815,7249,2,43916.36,2020-12-10,36,7.82,1974
13653,16551,34907,2,61024.28,2021-03-28,36,5.97,1112
13654,9095,24914,3,38283.49,2022-06-23,12,3.36,1337
13655,13259,18193,2,63653.32,2022-10-13,12,6.23,1875
13656,15841,15140,2,89846.42,2022-06-20,12,4.38,1090
13657,10473,420,2,98063.92,2024-05-30,36,7.12,662
13658,3152,27737,3,10663.92,2021-09-09,48,7.82,1044
13659,9988,33361,2,65193.43,2021-07-07,24,7.5,33
13660,12914,1781,2,40670.03,2023-11-22,24,9.71,1864
13661,6710,17044,1,5340.49,2024-03-04,48,8.2,1817
13662,17999,8980,4,57254.58,2023-12-13,36,3.85,558
13663,16582,2871,3,30671.92,2020-12-29,36,7.7,73
13664,5779,36928,2,82780.63,2022-10-13,36,4.46,1890
13665,14071,16813,2,65303.42,2024-05-12,24,4.28,825
13666,17378,7576,1,69490.39,2021-02-26,12,6.44,1367
13667,950,25128,4,52168.38,2022-08-16,60,9.13,1157
13668,7690,7970,1,74671.73,2022-12-07,48,3.98,1079
13669,17630,24044,2,49462.27,2023-07-14,24,7.63,61
13670,16430,692,3,57576.18,2023-09-12,12,4.67,1881
13671,18073,34147,2,9751.69,2023-07-26,24,4.81,1544
13672,8775,31028,3,43673.37,2021-04-29,24,6.35,272
13673,9298,22624,4,48514.06,2022-10-12,36,9.24,246
13674,9929,28552,4,66358.06,2020-12-30,12,7.55,1200
13675,14507,14109,4,6091.57,2023-09-19,12,4.55,628
13676,5869,21987,1,57649.54,2020-07-21,48,6.0,1341
13677,16861,10398,1,20200.3,2022-04-11,24,5.2,1807
13678,17760,12763,1,93997.48,2024-01-06,12,6.93,705
13679,15802,37481,1,25302.42,2023-05-14,36,6.45,662
13680,4178,2135,1,10583.06,2023-12-30,36,5.47,1155
13681,9505,10417,2,61058.08,2023-07-24,36,6.03,1126
13682,9033,34351,3,69047.52,2022-01-02,36,6.85,310
13683,11862,3697,2,98726.86,2022-08-06,48,3.4,1806
13684,2528,22921,2,17914.61,2022-07-02,48,3.2,1316
13685,9325,39094,2,40378.86,2022-07-16,48,9.44,1746
13686,14568,27437,3,73135.67,2021-06-21,12,3.83,495
13687,12771,12872,2,84217.87,2023-06-09,24,9.18,1385
13688,4269,23793,2,28907.9,2024-01-12,12,6.1,338
13689,18115,9277,4,1068.19,2021-04-24,48,9.76,579
13690,16576,23008,4,49362.26,2022-10-20,36,9.16,10
13691,3011,4197,2,17164.6,2022-02-25,60,9.23,49
13692,8967,32000,2,28311.37,2021-01-15,36,9.88,1511
13693,19694,677,2,53365.59,2022-07-18,60,6.42,623
13694,15082,4870,2,32638.07,2021-09-04,12,8.8,1345
13695,9072,31437,4,33703.9,2020-12-10,36,5.13,731
13696,5448,16099,2,21625.13,2021-04-09,36,10.0,1593
13697,18811,22305,4,7699.56,2021-04-14,12,7.82,795
13698,18878,17088,1,37695.69,2021-02-23,36,4.35,971
13699,16284,9974,1,37836.53,2022-02-09,60,9.59,1649
13700,13668,7209,2,48616.08,2024-04-04,24,8.41,133
13701,13783,31558,3,51242.62,2024-06-16,12,8.48,1607
13702,9018,39701,4,27964.78,2022-04-07,60,6.81,83
13703,9692,27543,3,41577.33,2024-01-04,60,6.93,57
13704,6422,17869,1,96450.1,2021-09-21,60,9.09,376
13705,9603,5092,1,68653.7,2021-05-24,60,3.28,349
13706,10398,32487,3,12809.78,2024-05-18,12,4.05,271
13707,17293,29960,3,34878.1,2022-09-11,60,6.02,1507
13708,4372,9427,1,46717.46,2022-02-28,36,6.32,111
13709,5473,38332,1,39544.95,2024-05-07,12,3.34,869
13710,9007,5187,3,44614.54,2022-03-09,36,3.16,887
13711,16123,16633,2,4228.45,2024-04-09,48,8.46,76
13712,4204,26030,2,37717.92,2021-10-24,60,4.85,1182
13713,10363,18353,2,65985.81,2020-09-12,60,9.86,1556
13714,10150,12015,3,71234.97,2023-04-18,24,9.93,1957
13715,646,11655,4,31106.46,2022-11-30,24,6.15,1667
13716,9642,31465,3,11637.74,2021-08-08,24,3.02,329
13717,15496,15835,1,87325.88,2024-02-25,48,3.29,122
13718,6350,34358,3,60705.29,2023-11-02,60,7.57,41
13719,18086,16413,1,66850.57,2022-12-10,48,6.49,1191
13720,6579,13520,2,91047.27,2023-09-12,60,6.71,922
13721,9377,23126,4,97934.28,2023-04-10,24,3.27,642
13722,9454,22471,4,15253.57,2024-01-02,60,4.74,1047
13723,3411,17031,4,98770.05,2020-08-26,12,9.66,279
13724,13791,39396,3,95670.62,2023-01-26,48,6.01,763
13725,6654,37224,1,61173.62,2021-05-23,36,3.23,469
13726,18484,39671,4,93856.34,2024-05-29,36,7.87,1424
13727,15701,39311,2,72467.97,2023-05-23,48,9.76,9
13728,4952,20459,4,40665.28,2023-04-07,48,3.42,13
13729,12289,30941,1,41771.5,2024-01-29,60,7.3,924
13730,10498,32753,1,18794.42,2020-12-23,60,6.49,923
13731,17147,21977,4,92240.89,2023-08-15,24,3.12,1843
13732,8222,13620,2,67074.09,2021-10-21,12,5.01,1856
13733,19558,33724,2,22274.95,2020-10-30,36,6.62,1076
13734,11247,37182,3,45596.86,2022-11-25,48,3.71,1233
13735,4843,19779,2,28892.7,2023-07-01,60,8.68,1574
13736,16954,32376,1,57196.37,2022-04-12,60,3.98,1636
13737,15958,23531,1,50248.79,2020-07-29,48,6.74,1729
13738,7266,9979,2,32553.45,2022-04-07,36,5.88,1426
13739,325,36700,2,43312.78,2024-04-13,36,9.13,1215
13740,6740,36941,1,5100.2,2022-08-07,48,3.62,1075
13741,12915,32364,4,30038.12,2020-12-12,60,5.56,1417
13742,17296,23228,4,99493.72,2024-06-26,48,7.33,653
13743,5318,34171,4,72258.09,2023-12-12,60,5.29,1704
13744,5059,37483,2,50949.78,2023-05-02,48,4.69,1847
13745,8876,1249,4,11221.75,2020-07-20,24,8.19,621
13746,486,36295,1,54971.11,2022-09-01,48,9.23,1743
13747,2484,23643,3,81159.71,2024-06-07,60,8.33,1963
13748,725,4068,1,8769.85,2020-09-09,48,4.49,1324
13749,19929,10933,2,91124.31,2023-05-05,48,8.9,1646
13750,17463,21259,1,74014.7,2022-07-20,48,5.58,196
13751,9110,17638,1,58010.82,2021-01-18,60,7.06,417
13752,18466,14957,4,8281.38,2024-04-05,60,4.72,664
13753,12355,13062,1,99496.7,2021-08-23,48,3.95,1444
13754,7157,6008,1,37994.15,2022-06-01,48,9.63,1779
13755,6681,10976,4,88362.44,2023-05-22,36,8.47,1664
13756,8235,34698,2,5978.53,2022-09-18,36,7.72,1641
13757,11277,4858,1,30772.11,2023-09-05,12,7.56,1546
13758,1735,15544,4,97128.26,2022-10-24,36,9.38,1380
13759,16538,405,4,37647.72,2023-07-04,24,6.91,148
13760,9271,24643,3,66203.58,2023-11-16,12,5.93,1001
13761,15603,3454,3,60852.59,2021-04-06,48,9.46,1389
13762,18756,32935,1,1097.99,2022-10-15,12,6.31,364
13763,11467,23231,3,72774.31,2022-03-09,24,8.36,1995
13764,17505,24982,1,35445.38,2021-12-09,60,5.07,1676
13765,4458,25372,2,84987.71,2020-11-15,48,8.0,1726
13766,2214,29075,2,3380.89,2020-07-08,60,4.21,402
13767,9314,24854,1,18644.94,2024-01-14,36,3.52,606
13768,19782,8511,3,24786.36,2022-12-16,48,6.34,1516
13769,444,2799,4,21850.85,2021-04-30,48,6.54,229
13770,4610,2247,3,62631.81,2022-01-13,12,6.66,1599
13771,2967,21258,2,39241.29,2023-06-29,12,8.22,1876
13772,10593,19431,2,64599.55,2021-01-25,36,4.53,537
13773,18872,35682,3,89712.98,2022-12-17,24,8.77,268
13774,11180,16000,3,18011.35,2024-03-29,12,9.49,1429
13775,14159,35224,1,98253.09,2020-10-19,12,4.51,1817
13776,12057,12557,2,62451.36,2024-06-26,12,8.34,1035
13777,13976,26384,2,9808.94,2022-07-27,12,6.89,1344
13778,563,36451,4,17581.7,2021-12-23,24,6.43,1737
13779,7681,25011,1,66157.25,2022-07-08,24,4.97,126
13780,11111,38519,2,31446.56,2023-06-17,36,7.05,306
13781,10053,5547,2,87349.15,2023-12-02,48,6.67,1726
13782,10302,35371,2,79950.73,2023-12-20,12,6.89,1535
13783,12802,23717,2,79118.44,2022-09-17,24,4.65,1113
13784,11062,36921,2,48045.03,2022-10-28,48,9.55,1379
13785,4664,6410,4,57611.4,2023-07-22,12,9.31,628
13786,16523,6821,3,11433.9,2023-03-25,48,4.28,1376
13787,5241,36218,1,51084.9,2022-02-09,60,3.78,689
13788,519,39205,3,15833.74,2021-08-16,60,8.34,1038
13789,15464,10282,4,83384.28,2023-11-10,12,7.57,1281
13790,18173,22581,4,10547.14,2023-12-31,60,4.61,1233
13791,13973,34205,4,17979.39,2021-10-19,24,6.66,281
13792,14205,21263,3,86106.63,2024-04-30,24,4.83,443
13793,18649,11922,1,76952.65,2022-03-28,12,9.96,1864
13794,13646,20993,2,32856.63,2022-11-21,24,3.63,837
13795,6876,62,2,82112.89,2022-08-20,48,8.7,389
13796,4833,8232,1,10425.1,2024-05-21,60,7.75,617
13797,12046,38740,3,45768.29,2022-12-16,36,3.56,1507
13798,982,18560,1,65763.66,2020-07-31,48,8.27,147
13799,2516,20676,4,85218.58,2021-01-06,12,5.26,1303
13800,14969,26797,4,78676.71,2023-04-18,60,9.3,521
13801,19654,14396,1,28862.36,2021-08-24,24,9.6,630
13802,3444,13123,1,2662.71,2024-02-07,12,9.46,1630
13803,10280,9071,2,74275.94,2021-04-16,12,4.06,434
13804,15010,13432,4,42149.78,2021-08-10,24,3.54,144
13805,673,35805,1,84534.67,2021-11-07,48,4.37,289
13806,18007,20203,2,88844.94,2022-10-07,24,4.68,1410
13807,9093,11840,2,40705.87,2024-03-06,36,8.3,14
13808,8461,9325,3,2738.46,2020-07-06,12,5.34,257
13809,14429,31053,1,89542.73,2022-04-16,60,9.96,1370
13810,1320,22017,3,5318.8,2023-01-30,12,3.12,1722
13811,3231,20894,4,17979.72,2021-04-03,24,5.96,1369
13812,1862,1642,1,94365.42,2020-09-15,12,5.94,1424
13813,3368,39095,2,9203.92,2023-09-26,36,9.16,1231
13814,19232,24576,2,83214.67,2020-10-10,24,4.14,858
13815,8097,10707,3,40037.81,2020-08-29,60,8.01,943
13816,3079,30439,1,23655.2,2021-08-30,24,8.88,1196
13817,19485,23341,2,80980.99,2022-07-09,48,4.82,464
13818,12081,19038,3,44229.65,2020-07-15,60,3.0,270
13819,5224,4061,2,2850.99,2022-03-16,60,4.8,1245
13820,11826,31565,2,23415.3,2021-05-03,12,4.55,1176
13821,2081,21483,2,9134.86,2024-01-09,36,5.12,623
13822,6446,25791,3,70473.85,2021-11-16,48,7.98,1207
13823,17877,29183,3,39089.67,2023-02-24,60,8.79,1423
13824,12899,16402,3,4756.38,2023-08-29,36,7.35,1875
13825,17483,22782,2,20485.1,2023-05-29,12,7.62,72
13826,5622,38228,1,27236.12,2023-02-04,48,8.98,1442
13827,10347,28499,1,91873.66,2023-12-08,60,3.52,1922
13828,16753,23303,1,37131.79,2021-11-07,36,5.84,1307
13829,8606,1675,2,33659.54,2024-01-02,24,6.87,74
13830,10249,31156,4,12440.74,2022-03-27,48,3.85,355
13831,12010,16639,2,7096.29,2021-11-09,48,3.2,1751
13832,16606,7907,4,15312.48,2023-07-06,48,8.76,497
13833,255,11933,1,70140.32,2023-06-03,48,5.79,1352
13834,8764,15920,3,12196.5,2020-07-07,60,6.14,988
13835,16838,12039,4,69381.47,2022-06-22,24,5.83,1559
13836,17952,30683,1,69337.41,2023-09-12,60,9.71,580
13837,5261,29355,4,63767.95,2022-02-12,12,3.89,910
13838,19156,17744,3,50841.3,2022-09-26,24,8.76,1471
13839,4238,3540,3,38155.91,2022-01-29,12,6.76,373
13840,8811,967,1,96225.46,2022-06-04,24,5.36,362
13841,1014,26111,3,79021.17,2020-12-03,24,6.41,93
13842,19688,37508,4,10590.84,2022-02-15,12,4.15,1345
13843,9587,26155,4,15243.62,2021-03-01,48,8.77,324
13844,1436,27343,1,1059.41,2024-04-09,60,5.22,384
13845,16698,31791,2,64194.08,2023-02-02,36,9.29,575
13846,6293,6148,4,40206.71,2024-06-06,36,8.17,736
13847,12041,18163,2,17185.38,2024-03-18,48,3.84,737
13848,3009,9721,2,76274.83,2022-12-07,48,7.22,1905
13849,6285,29260,2,21597.51,2021-10-08,36,7.27,346
13850,10977,2635,1,93473.91,2021-04-08,60,3.32,1873
13851,9372,34394,3,8630.05,2020-12-24,36,9.41,1127
13852,15095,21758,1,68043.51,2023-01-14,60,9.64,1239
13853,19777,38717,4,31838.81,2024-04-29,12,9.73,1216
13854,19756,29008,3,21647.82,2023-05-22,36,8.57,1696
13855,12173,2786,3,5368.79,2022-08-03,12,8.53,1908
13856,12427,28448,4,10469.83,2021-05-06,36,4.24,719
13857,8171,23902,1,25199.27,2022-09-20,36,5.67,781
13858,17018,37371,1,97952.35,2021-02-26,36,3.72,1020
13859,18217,10863,2,55882.22,2023-02-14,36,6.67,1218
13860,3679,35790,3,70546.97,2023-11-24,24,3.27,1404
13861,14657,5775,4,5033.0,2023-11-19,24,6.84,1427
13862,18761,34748,3,74140.2,2021-07-20,36,6.27,664
13863,10954,29847,4,93014.68,2022-05-21,36,7.08,1773
13864,11870,18412,3,2001.28,2023-11-18,60,7.22,600
13865,8611,21046,4,89826.9,2022-03-11,24,9.73,11
13866,6895,22510,4,67179.49,2023-04-08,48,7.95,187
13867,9318,25382,3,62774.32,2023-11-05,36,4.57,726
13868,11051,1296,1,83322.06,2023-08-22,12,5.58,1039
13869,14294,9285,2,68726.41,2021-03-26,36,6.5,778
13870,11004,37824,4,43025.13,2020-08-12,24,5.22,1321
13871,4435,23548,4,58575.78,2023-10-09,60,4.89,411
13872,19044,23371,2,10527.33,2022-05-26,60,4.38,956
13873,16724,32755,2,54365.84,2021-07-08,60,4.43,585
13874,1935,12668,2,2300.17,2023-10-10,48,9.24,1076
13875,15732,10959,2,38048.14,2022-03-05,24,7.89,1664
13876,5677,27574,4,43372.85,2021-08-14,24,4.58,1052
13877,2647,28834,4,23636.87,2024-01-11,36,4.18,577
13878,10886,9769,3,13514.99,2024-05-28,12,7.56,1041
13879,8551,19796,1,27514.11,2023-03-30,48,6.06,1375
13880,2339,4378,2,1574.31,2022-03-27,60,3.18,1452
13881,12182,17321,4,66302.65,2024-03-11,60,4.09,1674
13882,16165,38120,4,84728.3,2021-01-12,60,6.05,1855
13883,2139,18848,3,13332.23,2021-12-27,12,5.22,1253
13884,9465,20600,2,55577.66,2022-08-28,24,8.53,1790
13885,9095,3370,1,73164.27,2021-07-28,24,4.62,989
13886,18905,35267,4,42676.65,2022-07-18,48,7.15,1234
13887,5087,36176,4,67262.87,2021-08-31,12,8.81,1455
13888,1053,37222,3,63573.08,2020-12-27,48,3.13,1318
13889,6526,28010,2,20950.2,2020-12-24,48,4.48,743
13890,4273,36148,1,72375.15,2022-11-24,24,9.75,1777
13891,18831,33266,1,29540.98,2023-11-29,12,9.97,1606
13892,745,38038,4,70025.58,2021-08-15,48,5.86,1128
13893,14154,37081,1,62436.46,2023-02-24,36,5.01,204
13894,2255,35230,4,39765.99,2021-04-26,60,3.49,1077
13895,7057,14932,4,69544.62,2022-07-28,12,9.24,974
13896,5938,18862,3,49826.09,2021-12-15,24,8.23,940
13897,7928,3732,3,27698.01,2021-01-04,48,6.52,1399
13898,18795,30614,1,46183.51,2020-10-09,36,7.45,1866
13899,16376,27805,3,42018.16,2022-11-11,24,4.83,1078
13900,15466,39300,4,70743.9,2024-02-03,36,9.63,1300
13901,17164,29011,4,43628.72,2023-08-26,60,7.45,1359
13902,19161,32053,2,53600.77,2020-12-24,60,5.04,1055
13903,9018,6114,4,13604.28,2022-03-21,12,6.84,1159
13904,10851,30486,1,41612.41,2021-03-03,60,4.68,1082
13905,6606,25706,2,33058.73,2021-11-29,24,4.63,105
13906,15192,17639,2,79231.51,2023-01-22,36,7.71,1290
13907,18898,3150,4,24627.87,2021-07-16,24,5.13,1546
13908,9772,38468,4,67470.28,2024-03-03,60,7.18,1520
13909,14922,22070,1,9493.06,2024-01-09,60,8.75,253
13910,3343,35869,1,48907.63,2022-06-12,36,4.53,295
13911,10176,30960,1,63199.39,2022-03-05,48,9.58,668
13912,10290,17100,2,29993.47,2023-02-27,48,5.06,1182
13913,4349,5373,4,81318.83,2021-02-10,36,5.2,549
13914,6898,17057,2,28707.15,2020-09-26,36,5.41,631
13915,10045,2830,4,37602.65,2024-05-10,36,5.42,1091
13916,5132,32250,1,83355.36,2021-06-21,60,8.05,1778
13917,10049,32461,3,99483.5,2023-01-15,60,6.89,299
13918,13017,33869,1,96573.73,2020-08-15,24,6.76,1487
13919,996,29746,3,1372.08,2020-11-20,48,6.31,1749
13920,10642,34038,3,99989.95,2020-11-16,24,6.28,1844
13921,3670,39103,4,60799.81,2022-03-24,60,8.61,101
13922,17777,39422,1,73087.29,2020-11-09,48,4.97,1080
13923,5742,23335,1,14623.69,2022-07-20,24,4.76,332
13924,12483,2059,2,83855.52,2023-04-09,12,9.01,836
13925,9237,7154,1,8878.9,2021-10-26,36,7.14,1775
13926,10910,2663,2,60914.41,2022-11-19,60,8.9,393
13927,9989,17682,2,67804.78,2023-11-10,12,5.58,1767
13928,3272,30157,2,98156.29,2023-12-19,36,7.07,874
13929,16006,18982,2,54009.76,2023-09-01,60,5.99,381
13930,17913,28635,1,50218.92,2021-06-06,48,3.66,92
13931,9257,25676,3,11023.29,2023-03-17,60,8.51,1815
13932,4746,24698,2,31748.74,2021-08-13,36,7.07,447
13933,15070,27376,3,91381.41,2021-06-02,24,5.46,109
13934,15242,31825,4,89708.23,2022-09-12,48,7.91,317
13935,5046,12423,2,30691.71,2021-11-14,12,4.36,1192
13936,16313,30986,2,14885.68,2021-05-25,36,7.07,1836
13937,3724,25533,3,41503.68,2024-03-25,36,7.55,1944
13938,7181,22571,3,38654.11,2023-11-13,60,3.67,1459
13939,3820,39826,4,55477.51,2021-11-19,24,9.41,442
13940,14595,13061,1,40493.15,2023-07-25,48,9.64,218
13941,19166,31623,4,36592.05,2021-04-03,60,7.73,1246
13942,14482,20626,2,73499.16,2023-10-28,48,4.8,673
13943,3811,16988,4,56544.67,2021-08-17,12,8.13,1552
13944,8764,20759,1,31631.19,2023-11-28,48,7.62,278
13945,17976,35559,3,97984.1,2020-11-02,12,3.71,1009
13946,13462,16865,2,73743.23,2021-06-14,36,4.23,569
13947,13131,10422,3,88837.4,2022-09-22,48,9.93,1598
13948,14028,6695,2,82827.72,2021-07-21,12,6.85,1010
13949,13372,32393,3,60788.61,2022-06-08,12,4.94,875
13950,16227,27541,3,15091.04,2023-11-03,24,4.7,466
13951,3138,4989,4,52091.05,2021-10-17,24,4.79,839
13952,5873,25514,1,22778.01,2023-03-30,12,9.57,754
13953,7808,28938,1,25132.03,2024-05-25,12,6.69,1626
13954,6706,37365,2,62753.66,2022-08-11,24,7.15,1608
13955,16085,38891,4,66964.64,2021-10-29,24,5.01,838
13956,8331,30137,1,32600.6,2023-05-22,12,6.99,30
13957,6364,38638,4,93498.92,2020-11-07,48,6.29,359
13958,17545,31031,3,37261.78,2020-07-19,24,4.1,1943
13959,8966,38029,1,42081.34,2023-01-22,36,9.27,1312
13960,16239,11881,2,78335.74,2020-08-20,60,5.66,86
13961,18972,18711,3,54128.75,2022-08-17,48,5.95,1258
13962,15042,26180,1,73902.47,2022-02-01,12,6.49,747
13963,4489,4498,3,19261.95,2023-10-12,12,6.27,313
13964,17409,12263,4,9386.7,2020-08-14,60,4.42,365
13965,14924,4878,1,48205.59,2021-10-05,24,4.69,1801
13966,726,8834,3,1737.8,2022-04-29,24,8.4,1823
13967,11449,2896,1,28197.44,2021-07-02,24,8.92,1863
13968,7131,14652,2,60560.79,2021-05-25,60,8.8,905
13969,9409,19512,2,78597.99,2023-10-15,24,6.89,1293
13970,13892,31713,1,51511.97,2020-11-14,60,7.25,698
13971,15335,30075,3,66305.17,2023-06-07,36,5.79,131
13972,6481,22818,2,54222.76,2023-07-05,36,9.33,803
13973,11642,17942,3,97928.13,2022-03-29,12,3.0,789
13974,8666,4938,4,7816.74,2020-11-25,12,6.94,1856
13975,19251,20178,3,26938.1,2022-05-07,24,4.96,351
13976,17988,38898,3,33710.7,2023-10-18,48,7.33,180
13977,3442,38502,3,20170.71,2022-03-10,60,6.41,1826
13978,15732,12294,3,82821.62,2024-06-08,24,6.4,1504
13979,13264,34517,3,30089.07,2023-03-08,36,6.41,1913
13980,5998,15709,1,81296.97,2022-11-18,36,5.26,1187
13981,13517,35947,3,8017.57,2023-12-21,24,8.74,1807
13982,1405,9764,1,58936.8,2024-03-07,60,5.28,1912
13983,16643,35688,4,88705.69,2023-11-02,24,6.5,1120
13984,2438,6433,2,82932.47,2022-10-17,48,4.4,774
13985,16811,23063,4,88445.23,2022-02-02,24,4.22,510
13986,19438,14796,4,1633.39,2024-06-27,60,9.83,365
13987,13571,38300,2,67493.26,2021-07-09,36,6.18,981
13988,9580,24794,1,90205.55,2023-03-13,48,6.26,353
13989,13704,37334,2,57836.94,2023-11-07,36,4.24,800
13990,7101,5735,3,67467.85,2021-03-12,36,6.65,1460
13991,14782,19498,3,92456.62,2021-02-23,48,3.63,1107
13992,3122,5789,2,63809.97,2023-08-24,24,7.5,1249
13993,16114,12794,3,63158.86,2023-05-08,24,9.36,412
13994,15669,22327,3,42891.98,2021-06-17,48,9.57,735
13995,12775,7021,1,99632.95,2021-08-16,48,3.23,981
13996,11866,16551,2,78359.79,2023-04-09,12,9.67,118
13997,15117,24819,3,18317.63,2021-12-24,24,6.09,482
13998,4077,16422,1,6395.26,2023-06-01,36,6.64,192
13999,14363,12567,3,98935.98,2024-06-28,48,4.49,591
14000,11364,36316,3,17286.67,2023-12-05,24,6.86,590
14001,15013,5100,4,50309.54,2022-08-15,12,6.07,659
14002,9019,26919,1,78304.75,2023-10-13,48,7.49,107
14003,12901,32792,1,24544.32,2023-08-11,36,6.9,382
14004,13549,5831,2,96572.97,2020-09-16,60,4.67,783
14005,9272,28173,1,84997.28,2022-01-12,36,4.15,390
14006,11940,21988,1,13148.21,2024-02-28,60,6.2,244
14007,1656,31989,3,67720.06,2022-10-19,12,7.7,585
14008,2827,8518,1,77484.28,2024-05-12,60,7.44,869
14009,10782,1727,1,57524.97,2023-07-17,60,6.61,468
14010,10271,39139,2,77763.85,2021-05-30,36,5.32,866
14011,18528,23694,4,73297.06,2021-09-28,24,3.99,934
14012,17334,3931,4,24317.19,2023-12-31,24,8.52,1562
14013,14197,7407,3,64299.31,2023-04-20,60,9.7,1234
14014,5814,37435,4,67498.94,2021-03-22,60,6.88,604
14015,17211,11852,3,15454.7,2023-05-11,24,7.13,1661
14016,9182,25124,1,13467.91,2021-01-20,48,3.38,1015
14017,16916,22766,1,72800.17,2020-10-14,24,5.84,1971
14018,5771,3781,2,44512.83,2023-04-26,48,3.68,1097
14019,18159,19566,2,95571.32,2023-02-26,48,3.9,1659
14020,5523,27647,4,65674.15,2024-05-02,36,3.09,1333
14021,19566,9297,4,33658.59,2020-10-29,48,3.17,1720
14022,14917,16361,1,32165.09,2020-07-12,36,6.95,1723
14023,12025,34509,2,29241.81,2024-03-17,60,5.02,1734
14024,10822,27483,3,71936.96,2022-09-18,36,3.15,1614
14025,19771,2992,2,35423.8,2020-10-23,24,8.16,860
14026,15496,29509,2,74286.53,2024-06-15,60,4.78,1210
14027,2077,4066,2,57244.47,2021-04-07,60,3.01,1880
14028,6919,34466,4,4647.35,2020-07-16,48,3.34,1277
14029,18727,33265,1,17661.06,2024-06-10,24,7.39,13
14030,2161,36435,1,95568.9,2021-10-27,60,6.51,299
14031,8105,379,3,82844.41,2020-12-21,48,7.25,1100
14032,850,15390,1,2996.84,2022-10-20,12,7.36,1075
14033,15713,31343,2,94943.26,2022-10-31,60,5.6,787
14034,17503,11624,1,59342.23,2023-02-13,60,8.72,149
14035,12614,22893,1,95717.52,2022-11-16,24,9.19,1755
14036,4658,19565,4,44431.88,2021-08-18,24,3.68,122
14037,8685,37996,2,72079.69,2021-07-15,24,3.32,1235
14038,5681,22104,1,31660.79,2021-09-13,60,8.2,1304
14039,9044,19593,3,41033.73,2023-03-06,36,7.25,538
14040,17925,24831,4,37614.03,2024-02-11,24,4.71,1709
14041,3072,22450,2,47805.39,2023-08-01,36,9.1,1180
14042,3677,27040,1,7409.87,2022-08-13,36,5.29,1262
14043,756,18440,4,55779.87,2022-05-02,36,6.1,376
14044,10183,27332,3,17681.17,2024-04-17,24,7.13,82
14045,19885,30137,4,69586.04,2023-05-02,24,5.95,492
14046,15717,18028,3,37407.14,2021-06-17,48,3.17,356
14047,7107,8069,4,70833.83,2020-12-26,36,9.9,925
14048,5486,12729,3,7245.45,2020-09-24,12,4.56,1297
14049,19549,15664,1,74323.66,2022-12-07,60,9.08,1604
14050,11707,29845,3,15518.27,2024-01-05,48,5.91,1068
14051,10619,21642,2,83370.76,2022-11-26,36,3.92,1005
14052,571,6766,3,32264.73,2023-09-22,60,9.53,1597
14053,1171,7212,2,33385.04,2023-06-20,36,5.73,123
14054,12050,21296,4,38396.98,2022-08-30,60,4.8,1373
14055,3675,34504,4,46299.7,2021-03-20,48,6.27,708
14056,3910,3805,3,24339.54,2023-10-13,24,3.05,330
14057,17378,39600,1,55422.93,2023-07-02,60,5.37,1433
14058,9667,11092,3,49468.45,2023-07-16,24,7.22,991
14059,8275,2227,4,82863.58,2021-01-04,24,7.48,323
14060,15978,18879,2,41597.38,2022-01-29,24,9.52,1135
14061,1819,17653,4,18991.06,2024-03-02,60,8.26,770
14062,5716,22822,4,86759.12,2021-05-18,24,7.83,1113
14063,12299,36851,3,2069.55,2024-06-25,60,3.78,433
14064,19225,27188,1,52118.33,2023-07-21,36,6.26,710
14065,1284,10743,2,18538.89,2020-11-25,36,3.91,794
14066,4708,18753,2,90696.11,2022-08-10,24,5.1,712
14067,16215,1506,3,35431.6,2024-01-05,24,6.62,1123
14068,16482,20391,1,76804.57,2022-07-16,24,9.32,539
14069,1425,30726,1,9330.39,2024-02-03,36,5.49,601
14070,15924,15186,4,6669.32,2023-06-24,12,9.92,1170
14071,7145,39805,2,43483.55,2023-02-22,36,5.7,1718
14072,12550,38231,1,72114.38,2020-08-21,36,6.52,257
14073,14606,32602,2,39975.66,2020-08-04,48,9.08,1213
14074,2729,32647,1,6625.21,2023-07-15,12,3.53,1264
14075,9939,23988,2,68108.68,2021-06-25,12,8.36,871
14076,10389,14803,2,22199.13,2021-06-26,24,5.71,899
14077,15597,27596,2,45137.46,2024-05-06,24,4.8,1527
14078,10474,18770,2,74593.68,2024-05-13,48,5.22,1732
14079,18371,33389,3,68682.83,2021-10-29,36,9.72,809
14080,3238,37553,1,5652.95,2022-04-26,48,8.21,677
14081,3085,32946,4,48333.4,2022-04-28,36,3.79,1843
14082,19269,21796,2,30544.54,2022-05-27,12,3.31,271
14083,603,11154,2,36165.42,2022-10-19,48,8.31,1544
14084,8359,20333,2,99701.5,2021-02-19,12,5.39,550
14085,11031,35257,4,35248.29,2023-03-17,48,7.0,1138
14086,7269,23525,3,23651.33,2023-02-06,48,5.24,1363
14087,4679,23345,1,26518.86,2023-03-25,48,5.33,568
14088,9932,18976,4,61546.53,2024-02-02,48,4.6,1967
14089,9861,12589,2,66257.28,2024-04-28,36,5.62,986
14090,198,16315,4,88746.55,2023-08-04,48,9.06,359
14091,17325,37869,1,17947.31,2023-06-04,24,3.22,1674
14092,6728,2290,4,1902.29,2022-12-26,48,4.43,1638
14093,13126,16679,4,18908.61,2021-05-16,24,8.59,1358
14094,19059,8084,4,12414.68,2021-05-31,24,8.27,1713
14095,8985,19819,1,47943.92,2022-07-23,60,8.44,1193
14096,1914,3519,2,12609.0,2021-07-29,60,5.42,1363
14097,12909,16418,3,55672.23,2021-05-05,36,7.11,798
14098,16993,649,4,60588.12,2021-07-07,36,9.98,1285
14099,994,4531,2,19766.44,2021-12-03,60,9.55,887
14100,6370,35945,4,41186.85,2022-06-09,24,9.18,1759
14101,2168,23325,4,9098.89,2022-07-11,48,5.87,1223
14102,19208,6251,4,87809.39,2021-10-28,60,5.08,211
14103,15068,21803,1,90382.66,2023-07-03,60,4.68,287
14104,14368,24310,3,72466.22,2022-06-12,60,4.08,1716
14105,17827,7757,1,99739.37,2023-07-30,24,8.73,1786
14106,10180,14575,3,87074.88,2021-08-01,12,5.87,743
14107,6254,37306,3,77322.6,2021-07-01,48,7.09,1496
14108,4100,13848,2,81043.97,2023-07-27,48,5.17,1506
14109,11170,2178,2,60261.72,2020-12-27,24,6.66,1047
14110,2376,11913,3,66169.85,2023-12-27,48,5.75,1584
14111,18681,2483,3,48227.58,2020-09-02,24,6.67,1133
14112,15111,34583,1,18738.55,2023-10-07,48,4.38,296
14113,1693,32829,1,38854.31,2021-05-15,12,8.77,6
14114,6908,16948,2,55579.57,2021-03-29,48,7.55,550
14115,3905,13881,2,4668.54,2023-08-15,12,5.15,681
14116,8796,17177,2,65538.62,2023-01-17,24,5.87,1892
14117,12290,17476,1,88131.03,2023-06-13,12,8.89,795
14118,8350,23284,2,74635.59,2021-03-31,60,8.28,203
14119,19356,3869,1,59849.68,2021-08-29,60,3.55,325
14120,19622,33139,4,46098.1,2021-11-01,24,6.04,825
14121,5985,16337,4,18358.07,2021-07-30,48,6.86,1809
14122,13220,24197,2,15508.1,2020-09-20,36,8.55,244
14123,18683,16547,4,79083.43,2022-10-30,60,3.8,327
14124,9542,16023,4,88366.84,2021-06-26,60,9.92,987
14125,3739,33414,1,4916.01,2024-05-13,36,4.4,1071
14126,15682,32061,1,34307.22,2024-01-20,48,4.73,761
14127,14049,13592,2,77348.69,2020-11-13,12,3.06,1615
14128,7854,11648,3,96726.45,2021-09-01,48,9.81,1646
14129,4517,5556,2,83816.37,2023-03-07,60,3.34,1037
14130,12871,21680,1,91371.24,2022-08-20,24,9.02,907
14131,17654,12634,2,13068.0,2023-06-10,60,5.31,1404
14132,10908,462,3,36873.85,2021-05-03,60,9.15,365
14133,4756,23298,2,82770.79,2022-04-24,60,8.17,1626
14134,9682,15427,3,68525.48,2021-12-03,12,3.97,1366
14135,5790,30502,4,73001.79,2023-02-24,60,4.41,1884
14136,4961,20159,3,22209.83,2022-11-13,48,8.32,1816
14137,7179,21267,3,62111.54,2022-03-07,12,3.78,1245
14138,10980,25645,1,70088.96,2023-03-19,48,8.6,73
14139,2819,14246,1,6407.35,2020-11-12,36,8.73,1770
14140,7372,5996,1,99862.07,2021-10-22,60,3.56,1796
14141,17568,32489,4,58671.52,2022-08-08,24,5.35,1649
14142,18115,18595,4,13536.86,2023-06-03,24,9.5,1070
14143,18513,34989,3,10244.98,2022-10-08,48,9.86,1528
14144,11728,37173,4,58511.97,2023-10-11,24,5.54,274
14145,5827,30830,1,99454.72,2021-10-19,48,3.38,1579
14146,7411,25454,3,50405.46,2023-04-03,24,4.28,208
14147,7228,37465,1,83793.69,2020-09-29,60,3.93,1953
14148,17533,3396,1,60215.18,2021-10-22,60,4.1,1885
14149,19305,21406,2,66390.63,2023-06-20,24,6.37,1639
14150,4011,34674,3,84946.25,2022-01-02,36,7.96,124
14151,9642,26564,4,97289.04,2024-05-24,48,9.76,1034
14152,1334,33145,3,37613.04,2021-10-08,60,6.15,1353
14153,17784,17031,4,70232.87,2020-12-28,36,5.35,1211
14154,3173,23824,3,37269.1,2023-03-10,12,4.8,543
14155,16366,12957,2,57312.67,2022-10-29,60,8.27,1692
14156,9100,22662,1,16951.63,2022-03-06,48,3.63,60
14157,4079,24380,3,14144.65,2023-02-11,48,5.34,1785
14158,6321,20703,4,46008.69,2022-07-01,24,6.74,899
14159,2143,24319,1,32053.99,2024-06-26,24,4.32,886
14160,4793,15667,1,8097.86,2023-04-15,60,7.11,1975
14161,9198,7167,1,92228.03,2023-09-17,24,9.77,782
14162,7645,3161,2,32154.72,2022-01-08,24,8.03,442
14163,14589,12773,2,37531.26,2021-10-02,12,5.91,1241
14164,3530,14541,1,10087.82,2022-11-27,36,5.49,911
14165,10835,36641,1,59307.53,2020-07-18,48,5.38,1026
14166,4464,28749,1,50579.78,2021-04-27,24,5.87,1560
14167,19596,21843,3,88991.14,2021-05-29,36,6.89,1742
14168,11424,8409,3,3129.93,2022-11-25,36,9.18,832
14169,1052,15822,2,84500.73,2021-03-01,36,4.77,1008
14170,17030,36097,4,5129.37,2022-10-12,60,3.72,1735
14171,19350,14921,2,5079.39,2024-06-03,36,3.93,1380
14172,14395,33624,2,22113.24,2024-04-01,24,8.08,626
14173,13298,21676,2,74573.83,2022-05-09,48,7.42,1816
14174,14628,11781,3,22805.66,2021-08-27,24,9.58,1691
14175,6140,31274,1,35589.93,2021-02-03,12,7.68,1189
14176,1574,28885,3,28804.41,2022-12-23,24,8.67,998
14177,5996,23284,4,88019.98,2022-03-24,48,7.39,734
14178,4726,25080,4,48768.68,2022-06-15,48,8.91,91
14179,16572,38595,1,68664.64,2021-05-16,24,3.81,167
14180,9836,9417,2,65340.17,2023-09-26,12,4.49,959
14181,19724,143,4,88950.14,2021-09-21,12,5.43,207
14182,5822,33579,2,79618.17,2023-01-19,48,7.22,1306
14183,10724,34367,1,54840.0,2020-12-22,12,7.27,1089
14184,12606,16434,4,83622.75,2023-02-15,60,8.71,1912
14185,10388,34892,4,93436.98,2020-09-15,48,7.18,516
14186,12858,9293,2,57250.03,2021-02-23,12,7.41,1181
14187,9514,28472,2,75911.02,2023-06-25,24,4.97,1785
14188,2434,19071,3,88040.49,2022-10-10,36,7.84,1793
14189,3782,9698,3,54139.74,2024-03-20,12,7.14,747
14190,4892,34369,2,12962.52,2020-09-03,36,7.55,306
14191,8188,29943,2,22969.16,2024-05-30,12,7.79,1902
14192,19420,25507,4,61744.48,2023-07-11,24,3.14,395
14193,7696,17525,4,14994.34,2022-01-06,48,5.73,1098
14194,3869,29881,3,88605.24,2021-01-07,12,8.18,187
14195,8682,36928,2,36756.93,2022-09-06,48,9.25,1598
14196,18455,25743,3,10558.28,2021-07-13,24,7.22,1361
14197,16974,38243,1,11062.16,2022-09-09,24,9.42,1700
14198,15182,3080,3,91511.87,2024-06-20,12,6.35,1592
14199,2000,10049,2,46771.51,2020-11-22,48,8.8,623
14200,10906,19912,1,86761.04,2024-03-04,12,7.36,730
14201,19866,870,3,68094.51,2024-05-17,24,8.61,240
14202,7860,15784,3,69003.24,2022-01-04,60,9.68,533
14203,4062,23658,3,48583.84,2020-11-23,24,9.39,141
14204,828,11828,1,77187.01,2023-08-04,36,8.94,1289
14205,5937,1616,3,29800.02,2020-10-17,60,8.54,139
14206,962,36856,3,96788.47,2020-08-24,60,7.8,459
14207,18234,24385,1,56269.45,2020-11-02,24,3.79,70
14208,11448,4486,1,42194.65,2021-11-21,24,9.5,385
14209,15176,15751,3,14815.13,2023-09-01,60,7.0,630
14210,12226,22549,1,44036.0,2020-11-30,24,8.81,198
14211,18814,29045,1,62586.8,2021-04-13,36,5.33,205
14212,1312,35989,3,21447.18,2021-11-22,24,5.81,1750
14213,6084,7295,4,52427.66,2023-02-11,24,4.16,568
14214,2464,12397,3,70122.84,2022-05-06,36,6.37,1823
14215,13247,27903,1,39853.62,2020-08-01,48,4.36,982
14216,2915,17645,1,87123.75,2021-02-02,36,4.83,805
14217,5053,26012,3,20537.73,2021-08-23,12,3.89,1711
14218,19191,39620,1,87798.22,2020-10-10,12,7.3,859
14219,17521,19386,4,84215.33,2023-10-17,48,5.7,882
14220,13009,34082,4,11224.27,2024-06-09,36,9.06,974
14221,19439,6626,3,95538.27,2023-03-22,12,7.28,640
14222,3740,25927,1,96951.13,2020-12-24,24,4.8,1455
14223,7473,13770,4,9353.92,2021-10-07,24,7.5,1914
14224,4977,37892,4,85568.55,2024-02-12,36,4.2,325
14225,636,17352,2,51952.29,2023-10-30,36,6.57,442
14226,9478,7915,1,3081.18,2021-01-09,48,3.94,804
14227,15530,391,4,5814.61,2023-07-09,36,5.83,288
14228,6978,13922,3,95439.99,2022-05-10,36,4.28,226
14229,15980,36973,2,88759.06,2021-05-07,24,6.6,1088
14230,15812,32828,3,78627.27,2022-09-15,12,9.42,967
14231,13058,15354,2,67642.98,2024-06-29,60,4.66,938
14232,14896,29015,4,33005.86,2021-08-25,12,8.89,560
14233,2276,36892,4,53870.53,2024-01-18,24,4.55,714
14234,7573,16345,2,30638.75,2022-05-19,12,8.28,498
14235,2964,29264,2,72130.36,2021-03-14,36,4.69,849
14236,9605,7774,4,12318.78,2024-03-03,12,7.81,926
14237,18686,27498,1,48327.82,2021-12-23,36,4.27,1941
14238,7629,4029,3,95326.63,2020-11-03,36,4.56,60
14239,12047,38407,2,26322.99,2020-09-06,36,6.67,1421
14240,6480,25894,1,45129.94,2020-09-21,24,5.87,257
14241,17455,14281,4,79478.35,2022-08-24,12,9.07,577
14242,14567,19745,4,70797.63,2022-05-14,12,3.89,239
14243,8111,24248,1,91308.57,2021-08-10,48,8.87,1825
14244,16979,1452,4,53118.65,2021-10-16,12,5.62,38
14245,6871,10502,3,15689.18,2023-03-07,12,8.21,25
14246,12326,36364,2,79594.3,2022-03-28,36,3.89,410
14247,1115,471,2,49794.47,2020-10-02,24,3.59,461
14248,18275,22906,4,50414.37,2022-12-06,24,6.64,1595
14249,9985,38791,2,63880.33,2021-12-06,36,6.04,988
14250,5482,15272,3,14183.79,2024-03-20,36,3.49,1441
14251,18678,37559,3,68035.31,2020-10-20,12,6.13,357
14252,13644,9630,2,98892.67,2021-08-10,36,4.79,383
14253,4136,1593,1,87067.8,2024-01-30,48,8.44,1833
14254,12945,36204,1,8445.93,2022-01-14,12,5.12,1182
14255,18516,30221,4,60802.95,2020-08-07,36,4.05,569
14256,13074,17761,4,59019.46,2020-07-10,12,8.64,1457
14257,13965,13856,3,77682.28,2020-12-01,36,4.9,1072
14258,9911,37958,4,70147.58,2024-02-28,36,7.23,1352
14259,4729,15628,2,92935.26,2024-01-28,36,3.16,433
14260,10353,35491,2,77964.33,2023-09-19,48,4.32,1455
14261,17595,1827,3,30134.23,2023-07-04,12,5.08,56
14262,14495,1534,2,87291.57,2021-01-16,24,4.88,577
14263,12301,29968,1,83146.85,2024-01-25,36,7.71,268
14264,19178,15436,4,87432.34,2023-01-25,12,4.16,69
14265,1678,23890,3,49939.24,2023-11-18,36,4.13,1752
14266,18034,30882,2,43005.46,2021-09-28,36,4.11,902
14267,12198,15972,4,40754.32,2020-11-22,60,4.68,1625
14268,2886,15854,2,91011.01,2023-09-27,12,7.86,1473
14269,6769,12518,3,95696.91,2020-07-16,48,5.68,793
14270,9601,4196,1,77074.48,2021-08-25,12,4.0,257
14271,4716,28892,1,89156.56,2022-03-27,12,9.53,672
14272,19270,6806,4,63065.02,2021-09-16,36,6.63,490
14273,12966,32292,3,4649.21,2023-04-01,12,5.83,746
14274,11694,26956,2,99010.5,2021-09-30,24,8.45,1667
14275,16903,9764,3,47303.38,2022-01-09,60,8.5,49
14276,9256,15878,4,30371.17,2020-07-04,60,7.31,1683
14277,3465,20265,2,36159.51,2023-08-07,48,4.53,316
14278,3216,36242,3,27603.53,2024-06-23,48,6.58,413
14279,4860,6261,1,46688.15,2021-03-28,24,8.85,434
14280,15394,25210,4,58824.81,2024-04-11,48,9.15,1026
14281,118,9845,1,25125.02,2022-02-06,24,4.15,1865
14282,2729,11702,2,43787.94,2022-06-09,24,7.94,1976
14283,8763,19930,1,48144.55,2021-11-24,36,9.67,1169
14284,4729,38419,1,80905.25,2022-05-15,60,4.13,1980
14285,7956,37890,2,58209.88,2024-03-05,60,9.2,1390
14286,18156,13755,3,55625.53,2020-09-22,36,7.93,420
14287,13346,30209,4,84202.81,2020-10-22,48,8.58,1597
14288,2972,36607,4,6013.05,2022-10-08,60,4.83,1809
14289,19288,5937,2,73018.53,2020-09-27,48,5.13,1585
14290,9468,20043,2,68557.07,2024-06-23,36,3.22,844
14291,16887,15525,4,32498.62,2021-07-18,36,6.74,1468
14292,17841,35086,2,5260.94,2021-02-13,48,3.19,916
14293,10519,11948,1,78320.06,2023-09-01,48,7.84,434
14294,5820,21227,2,72845.05,2021-05-31,12,5.84,643
14295,10436,37498,3,58855.48,2020-10-25,36,7.33,1579
14296,10376,38182,3,76783.12,2022-05-01,36,7.48,57
14297,17338,6401,1,85234.69,2022-12-13,60,8.9,1586
14298,11348,1625,1,28505.51,2021-12-26,60,6.21,964
14299,17350,26901,4,90386.7,2024-05-04,48,5.26,977
14300,17232,22359,3,93496.6,2021-09-13,60,6.42,1202
14301,19821,1179,4,23072.58,2024-03-27,12,4.44,1317
14302,832,35120,4,19257.82,2021-09-26,36,6.37,46
14303,444,8528,3,61350.39,2023-10-26,48,7.39,1194
14304,11511,21771,2,7928.26,2022-11-07,48,4.34,1295
14305,4969,17249,1,82993.55,2023-10-12,12,8.56,417
14306,14826,30060,1,46637.01,2022-06-20,24,6.33,848
14307,10495,16670,1,44244.41,2021-11-10,48,6.69,139
14308,17798,27145,3,84244.05,2021-06-09,48,8.96,247
14309,18590,116,3,83861.81,2020-08-27,12,6.11,1172
14310,10028,12279,4,52133.82,2022-09-23,36,8.11,230
14311,4650,3172,2,38326.31,2024-04-05,12,9.29,792
14312,2377,21240,1,25288.75,2023-03-22,60,7.24,637
14313,12926,32033,1,69727.84,2024-03-16,12,5.4,1728
14314,6013,6528,4,24904.95,2024-04-14,12,4.31,374
14315,11414,29280,4,69410.99,2021-07-09,24,7.11,1104
14316,16071,24239,1,90092.89,2021-12-26,12,3.63,1630
14317,18037,5475,2,5348.16,2022-11-15,12,4.82,738
14318,15479,9577,3,60215.37,2024-06-30,24,9.2,1089
14319,3356,23692,4,41397.82,2023-12-26,48,4.45,88
14320,7190,14620,3,53095.22,2022-03-09,60,8.57,1112
14321,4094,15091,3,99103.51,2021-02-27,12,4.9,713
14322,14115,39184,3,84174.53,2021-06-19,36,8.56,1750
14323,5125,10055,4,20553.2,2024-05-03,36,9.11,1228
14324,2741,39079,4,88309.86,2021-12-03,36,6.76,1937
14325,463,13096,4,79931.01,2023-04-27,36,5.17,1406
14326,11550,26708,3,10727.71,2024-04-30,36,5.57,601
14327,1106,17589,4,72887.15,2022-03-28,36,3.04,1500
14328,6155,28824,2,50000.46,2023-10-20,60,8.19,1597
14329,5337,13645,1,15001.97,2022-01-31,60,9.54,1807
14330,2400,24954,2,99841.25,2021-08-19,24,9.34,1630
14331,16672,36831,4,18540.74,2023-08-02,12,7.31,1843
14332,15729,15984,1,31508.06,2024-04-24,60,3.04,539
14333,883,20008,2,75420.68,2023-07-03,60,7.16,214
14334,17907,11373,3,37946.96,2020-07-13,24,7.27,74
14335,11060,29520,1,62623.18,2023-07-10,60,9.55,61
14336,16699,27794,2,70686.11,2022-10-11,48,5.13,698
14337,2182,4463,2,99647.75,2024-01-07,24,8.16,1567
14338,7626,733,3,54847.77,2023-01-16,48,4.67,1243
14339,12243,35776,3,89275.46,2022-05-03,12,3.29,12
14340,18942,19387,3,78475.28,2022-11-22,36,3.89,814
14341,14464,32516,4,40297.81,2022-04-01,60,9.9,1439
14342,19274,38868,4,63048.71,2023-10-22,24,5.14,32
14343,4222,26525,4,22636.87,2022-09-27,36,3.29,1184
14344,12791,36945,1,92658.16,2024-05-13,36,6.98,1001
14345,19500,19056,2,36858.87,2022-06-18,24,8.21,237
14346,3262,26230,1,44670.23,2023-02-07,12,5.31,1763
14347,10643,35736,2,74600.63,2023-10-26,12,9.67,1205
14348,12618,2460,4,13593.74,2024-05-07,24,7.69,1853
14349,13306,32950,3,40055.73,2023-08-04,60,3.92,558
14350,8355,38222,4,12398.16,2021-08-31,12,9.05,1365
14351,9940,39177,3,37789.03,2022-10-21,24,9.27,1482
14352,1487,17327,3,16498.43,2023-03-17,48,3.85,1104
14353,9485,21474,1,13660.24,2022-10-26,36,7.02,647
14354,19083,39611,4,13835.37,2023-07-09,24,6.75,1796
14355,19907,2417,1,27224.6,2021-06-06,12,7.95,987
14356,1995,24736,3,88001.89,2022-12-08,24,7.49,820
14357,144,30964,4,26091.94,2021-06-24,12,4.91,1783
14358,13534,14050,1,50015.23,2022-08-02,12,6.86,473
14359,2345,26730,2,92279.76,2024-06-29,48,9.47,1695
14360,13106,34882,2,38524.26,2024-01-16,60,7.84,1739
14361,18759,22675,1,8902.98,2023-04-19,36,4.06,112
14362,18129,27390,3,46489.47,2022-09-02,36,4.59,1316
14363,13036,6247,1,48590.42,2023-07-07,12,8.27,1974
14364,14386,10424,2,71812.2,2022-07-27,12,8.77,1846
14365,17681,7544,1,20177.24,2023-07-24,36,9.84,1655
14366,14694,5533,2,21958.45,2024-04-01,48,7.17,383
14367,11170,11551,3,48764.56,2021-02-10,60,6.88,17
14368,14769,29883,3,37962.17,2020-11-01,12,4.17,493
14369,17081,18559,2,58188.92,2021-05-28,36,8.58,1355
14370,11061,29032,1,63076.68,2020-09-21,24,5.7,926
14371,16466,9315,4,44224.1,2021-03-18,60,7.72,1763
14372,18811,1629,4,39317.16,2022-06-12,36,3.13,1897
14373,2313,17756,4,71781.7,2024-01-22,12,6.88,1510
14374,13532,18566,1,89879.34,2022-09-29,12,4.55,1430
14375,9169,3612,4,67413.31,2020-08-27,12,5.1,117
14376,15390,29445,3,62796.67,2023-09-12,36,6.22,1579
14377,5039,13098,3,75933.49,2023-08-30,24,4.8,880
14378,5306,29124,1,12278.29,2023-07-15,36,4.79,115
14379,17797,35745,4,31310.04,2022-05-08,48,5.84,1819
14380,13341,238,3,96724.55,2021-08-09,12,5.13,1573
14381,11212,1686,1,49033.99,2021-05-22,36,7.25,814
14382,8349,12212,2,53708.3,2024-04-11,60,5.07,1649
14383,5421,2348,4,92510.12,2023-06-30,48,8.97,1571
14384,9447,17819,3,44881.45,2022-08-08,48,5.49,644
14385,17396,37792,3,13273.3,2024-02-17,12,7.88,1360
14386,7738,2154,2,88975.71,2024-04-13,24,8.26,336
14387,10365,23621,4,20574.62,2021-01-12,60,8.15,922
14388,19183,31926,2,94968.23,2023-03-20,24,5.17,1913
14389,10213,5718,3,26341.89,2022-04-12,60,7.45,1764
14390,9723,1330,3,75165.24,2021-06-26,12,7.15,147
14391,4346,30810,3,79287.27,2020-09-13,60,3.59,122
14392,7592,28272,4,53604.08,2021-11-15,24,6.03,81
14393,14188,39117,3,71276.0,2023-09-14,48,5.43,685
14394,9746,19800,4,29377.56,2022-05-09,24,9.32,1690
14395,15441,39111,1,59179.17,2022-11-16,60,9.29,662
14396,18207,14839,3,80868.85,2020-12-22,36,8.18,375
14397,14700,33854,2,39251.2,2021-03-27,24,9.11,1594
14398,17349,23837,3,98771.32,2023-06-29,48,5.46,63
14399,15411,11816,2,98802.13,2023-07-05,60,3.24,504
14400,8880,14736,3,11834.26,2022-12-28,60,6.78,668
14401,15724,14575,4,94601.67,2024-04-08,24,5.82,449
14402,4293,16828,1,93715.95,2023-01-24,48,6.83,1452
14403,6336,31583,4,79538.7,2024-02-09,36,9.22,868
14404,2343,24086,2,77497.27,2024-04-02,60,8.02,1451
14405,18960,19802,2,26504.26,2023-07-26,12,4.92,1445
14406,7789,26469,4,64180.3,2022-06-01,48,9.97,1346
14407,15058,32772,1,8411.43,2023-08-31,48,4.42,1937
14408,6205,18810,4,30854.76,2021-04-12,12,3.93,680
14409,5942,36033,1,48777.97,2021-09-26,24,5.31,1190
14410,600,35290,3,88419.79,2021-01-15,24,5.37,1621
14411,4706,21510,4,98561.71,2021-09-20,48,5.96,1981
14412,16589,22487,4,48663.77,2021-10-25,60,9.19,1673
14413,17970,5424,4,84829.1,2021-06-28,48,3.18,461
14414,9064,21767,4,67028.16,2024-03-19,24,9.08,459
14415,15903,34848,3,8828.48,2024-02-24,36,4.51,1213
14416,16968,25525,1,96806.81,2021-06-09,12,5.54,464
14417,10209,10032,2,98901.06,2020-11-24,60,7.26,912
14418,8578,6514,1,76725.59,2023-11-12,24,8.84,379
14419,2605,7303,1,84118.18,2022-04-24,12,7.59,1026
14420,14667,15012,1,61196.62,2021-04-02,12,3.32,1642
14421,9052,25914,4,40476.36,2022-10-19,48,8.6,364
14422,18055,32848,4,41505.72,2022-12-14,36,7.22,72
14423,10187,2644,3,19300.31,2022-01-18,12,7.46,1451
14424,19149,973,2,20812.39,2023-03-08,60,4.72,638
14425,1174,12669,4,30295.25,2024-06-19,60,8.6,1194
14426,111,13710,2,93760.3,2024-01-11,48,3.64,1229
14427,15710,27665,3,71189.55,2022-11-17,48,7.09,1849
14428,1732,3419,1,32493.19,2020-12-25,60,7.03,337
14429,7244,10158,3,57875.8,2024-03-18,48,8.31,1496
14430,18565,25988,2,87973.79,2023-12-21,12,7.07,195
14431,14097,29813,2,81986.07,2021-07-05,24,5.33,1694
14432,19798,32793,4,13457.71,2021-03-13,48,3.78,1012
14433,19601,6135,3,6721.96,2024-06-19,12,8.09,653
14434,17969,11002,2,76523.89,2023-03-22,12,6.06,1299
14435,2850,11458,3,19541.89,2021-07-11,36,7.83,7
14436,11892,19918,1,87960.47,2022-03-26,48,6.84,905
14437,5436,7563,3,70056.28,2024-03-04,36,5.03,979
14438,15987,11897,3,55413.5,2020-10-18,12,9.51,566
14439,341,16821,4,74318.27,2022-03-15,24,4.94,616
14440,13366,2694,4,16776.95,2024-01-17,12,8.0,1878
14441,3224,14071,2,15424.16,2023-12-09,24,9.18,1874
14442,17875,17321,2,24797.62,2021-10-13,60,9.8,573
14443,10712,1141,2,93394.28,2023-06-15,60,7.06,599
14444,5665,2146,2,56741.44,2021-04-22,48,8.31,770
14445,12411,19869,2,98094.33,2020-07-31,48,8.36,1202
14446,14334,34388,2,46272.61,2022-10-24,24,9.24,242
14447,5003,15156,3,17752.76,2023-05-01,36,5.58,1227
14448,8684,28815,4,53019.77,2023-08-24,12,7.47,1567
14449,11524,18057,2,22681.41,2022-04-23,12,4.78,1825
14450,4496,16557,3,49998.11,2021-08-17,24,8.12,1486
14451,10341,29324,2,36681.92,2024-01-10,12,5.74,1104
14452,5308,5563,4,52443.42,2024-06-17,48,6.44,1547
14453,5257,3466,2,5976.05,2023-02-07,48,3.37,1441
14454,5308,23491,2,69605.11,2023-02-20,48,7.27,766
14455,13256,8488,2,77731.92,2022-05-20,48,6.36,384
14456,11577,32391,4,91879.55,2023-11-18,24,5.98,391
14457,18320,1137,1,27061.17,2021-09-11,24,3.03,896
14458,8317,39017,4,75479.62,2023-02-02,36,7.74,1823
14459,18449,27545,2,70843.06,2021-08-14,60,4.61,688
14460,1639,12922,2,80968.32,2021-12-28,48,6.66,1150
14461,14915,38524,2,75420.04,2024-06-06,24,7.62,1518
14462,14880,39636,3,45502.86,2021-05-09,60,6.92,47
14463,1695,39852,3,79819.59,2022-10-15,48,4.12,1742
14464,19057,5555,3,40444.58,2021-09-12,36,7.03,1500
14465,11405,3394,4,13365.57,2022-12-22,24,9.77,1973
14466,10881,16099,4,77931.41,2023-08-05,24,6.47,619
14467,15992,38995,2,42379.57,2020-08-31,48,8.12,464
14468,11122,14026,1,3968.72,2021-03-14,12,5.64,1811
14469,14592,31299,1,18825.57,2020-09-30,12,8.53,1873
14470,18973,19071,3,54693.48,2021-04-08,12,4.79,123
14471,13621,4228,2,76130.9,2022-04-10,48,3.66,1498
14472,12710,1886,1,14945.51,2020-10-17,12,9.82,134
14473,3991,31816,3,73418.99,2024-04-23,12,8.11,1643
14474,11475,12403,2,57023.91,2021-05-30,36,3.44,1841
14475,9421,6083,1,27949.27,2023-03-10,36,8.39,841
14476,4804,9018,2,90607.56,2023-11-27,60,8.72,1586
14477,9796,32098,3,99032.85,2022-05-06,12,6.55,849
14478,2698,11256,4,8693.07,2022-10-14,24,8.85,607
14479,7468,8624,2,77360.35,2023-12-05,12,9.05,1804
14480,5889,15162,1,79105.75,2022-12-15,60,7.6,23
14481,12986,39904,2,17436.79,2023-05-27,60,7.09,566
14482,17875,23974,4,73905.37,2022-08-07,36,8.05,1910
14483,4908,19132,1,57846.7,2024-06-05,24,9.56,766
14484,8210,30086,1,46986.01,2024-01-08,24,7.43,965
14485,13815,13665,3,47555.25,2020-07-13,48,5.13,235
14486,10920,23472,2,46329.7,2024-03-24,24,7.04,996
14487,12706,24695,3,86936.82,2021-09-05,12,8.24,1083
14488,17252,14624,1,72091.84,2020-07-27,48,8.53,1188
14489,7999,10705,4,39345.89,2021-11-29,12,8.85,1795
14490,11247,28197,3,42171.5,2022-03-12,12,8.1,826
14491,16862,23155,2,53198.11,2020-12-17,36,5.69,216
14492,14998,37743,1,87322.31,2022-11-10,36,5.08,1207
14493,7429,8825,4,67338.69,2021-12-22,60,8.97,1593
14494,9220,39001,1,22979.57,2023-11-23,24,4.79,657
14495,5786,16186,2,14624.2,2020-07-19,48,5.68,935
14496,18172,37903,1,28830.56,2023-11-15,24,6.1,1114
14497,729,11756,1,99819.07,2022-12-15,12,9.62,1988
14498,5758,32092,1,6580.1,2020-09-25,60,4.85,311
14499,895,25748,3,83860.5,2023-03-15,24,3.97,557
14500,12813,7486,3,82620.79,2022-10-27,12,8.17,972
14501,1369,25360,1,56783.97,2021-03-05,12,6.98,257
14502,15145,15295,1,96013.7,2021-06-12,48,7.22,533
14503,19236,33704,1,2908.69,2021-04-21,12,3.5,1557
14504,7081,416,4,83276.35,2022-11-08,36,4.07,52
14505,4434,35408,4,20201.33,2023-05-02,12,4.69,1362
14506,16839,4797,2,46974.61,2024-01-06,48,8.59,1195
14507,1920,32143,4,51632.76,2023-10-30,12,8.11,1972
14508,12685,25791,1,93458.93,2023-08-30,12,7.41,1091
14509,19638,17762,1,35879.61,2023-03-25,60,6.49,1649
14510,13039,33005,2,37929.39,2020-09-02,60,6.38,300
14511,9588,7738,1,33769.22,2020-10-09,60,8.5,672
14512,11549,10850,3,45212.57,2021-06-16,60,8.34,778
14513,5431,13258,3,25758.83,2021-09-28,48,3.27,832
14514,10128,227,2,17232.83,2021-10-04,12,7.87,232
14515,11686,19546,2,79657.73,2021-10-27,12,6.79,975
14516,18728,24534,4,37880.72,2020-10-21,12,7.44,1861
14517,16800,693,4,71418.97,2021-04-29,60,7.6,1092
14518,9823,9051,4,32096.35,2024-03-22,24,4.36,1530
14519,11677,9338,3,26428.75,2021-11-21,12,8.79,28
14520,1596,22309,3,95109.94,2023-05-06,36,3.92,1973
14521,1691,21038,3,75036.25,2021-09-14,60,5.99,1652
14522,3839,14490,3,57464.98,2021-12-24,60,9.63,1075
14523,2512,36867,3,8563.01,2023-09-18,60,3.29,1717
14524,18146,33801,3,46674.54,2022-07-09,36,6.61,1284
14525,8089,33626,1,60211.92,2021-05-01,12,7.8,591
14526,15333,441,3,94711.82,2020-12-29,36,3.52,785
14527,4560,13812,2,38516.59,2021-03-01,12,7.08,620
14528,3428,33029,2,75794.15,2022-11-23,12,5.18,1987
14529,13593,27446,1,70517.77,2021-09-07,48,3.26,586
14530,15352,36844,3,29361.14,2020-12-16,48,5.67,1711
14531,11651,35338,1,51300.7,2021-07-15,48,8.6,1002
14532,382,15797,4,91961.73,2023-07-13,48,9.26,184
14533,14250,31434,2,42057.02,2022-06-06,12,4.08,1047
14534,199,32237,3,10786.67,2024-02-26,24,8.1,1810
14535,17791,24337,2,86208.31,2022-01-07,48,6.7,129
14536,5299,13504,2,12344.33,2022-09-28,48,3.06,291
14537,5472,15575,4,23306.2,2022-02-26,60,3.4,1856
14538,8638,17189,3,80267.42,2020-09-30,48,6.73,501
14539,16998,29648,2,41961.3,2023-07-15,24,4.91,186
14540,18015,35473,3,95757.64,2021-07-13,48,9.85,479
14541,7445,28452,1,9892.89,2023-10-31,24,5.18,1595
14542,14613,28454,2,44246.93,2022-08-17,12,5.67,492
14543,5527,36884,4,99632.44,2024-02-24,24,4.22,513
14544,4652,16870,1,2716.05,2023-08-07,36,9.09,1667
14545,7617,37431,2,27953.26,2020-10-03,12,4.45,1091
14546,1026,26427,3,50451.9,2024-04-03,24,5.07,1829
14547,2593,13957,2,42476.34,2023-04-20,60,7.64,467
14548,1885,24622,3,43793.79,2023-10-19,12,5.3,285
14549,5466,13965,4,55770.25,2022-02-14,12,7.35,601
14550,5790,27377,4,3065.8,2021-03-31,48,5.12,1441
14551,1634,5331,2,10184.35,2023-12-27,12,3.69,1124
14552,806,24567,3,41447.39,2020-12-01,36,3.98,189
14553,10077,3253,4,58486.32,2021-11-30,12,3.44,989
14554,13875,38015,3,42545.27,2022-01-29,24,3.88,890
14555,8118,13755,3,36699.0,2022-10-28,36,6.41,1882
14556,19863,16487,1,13161.58,2022-01-21,60,9.4,388
14557,7161,34559,4,12325.61,2022-03-07,12,7.6,241
14558,6305,4193,2,21255.91,2021-04-06,12,3.19,1806
14559,15701,7268,1,56893.02,2021-12-03,12,5.36,1755
14560,17108,19358,4,74213.35,2021-03-04,24,4.39,417
14561,704,21347,1,3514.31,2021-09-13,36,4.31,1942
14562,17212,31929,2,79001.29,2021-06-18,48,7.63,176
14563,12170,25615,1,98050.07,2024-01-29,12,9.99,387
14564,14849,23781,1,52539.51,2024-03-18,12,5.21,1495
14565,12643,38267,4,61150.69,2022-12-22,36,8.66,853
14566,8528,16859,3,24083.29,2021-09-04,48,8.65,1257
14567,6067,14145,2,26286.09,2023-09-29,12,6.16,663
14568,10885,4679,2,1261.17,2020-09-16,60,3.71,452
14569,1768,35231,1,3912.02,2020-07-04,48,4.41,277
14570,12228,15865,3,77819.76,2021-01-30,36,4.71,1253
14571,7692,1141,3,56858.29,2021-08-12,24,4.16,1195
14572,14848,16437,1,96181.3,2020-08-18,36,6.92,1759
14573,3241,25682,4,51069.17,2021-09-28,48,3.12,213
14574,399,30705,3,4332.11,2021-06-14,36,7.23,1306
14575,9186,31031,3,43080.05,2021-06-24,24,7.23,41
14576,14582,35006,1,62521.17,2020-11-14,12,5.1,1146
14577,8529,626,1,7207.03,2020-08-08,24,4.09,1251
14578,18592,27047,4,70174.9,2023-04-30,24,8.43,294
14579,11032,13426,3,44946.24,2024-06-13,48,5.13,600
14580,13663,11594,2,34549.44,2022-11-15,24,3.49,1291
14581,6944,6207,3,63534.86,2021-02-03,48,3.68,541
14582,5661,14553,2,47974.13,2024-03-08,48,4.15,1783
14583,11774,25295,1,37849.98,2021-11-06,36,8.92,1852
14584,3877,33843,3,32529.4,2022-08-10,60,5.14,451
14585,3223,28406,2,3551.35,2022-05-29,48,4.83,1473
14586,19421,6317,2,19026.58,2022-10-13,12,4.01,1780
14587,15719,6599,1,6063.42,2023-03-16,12,8.37,1085
14588,712,11808,3,94565.78,2023-10-03,24,7.06,1526
14589,380,34273,2,51860.23,2022-03-25,24,8.63,1171
14590,4285,29367,1,38254.06,2024-03-12,48,6.44,1710
14591,1282,30469,4,78543.44,2021-01-08,24,8.37,1969
14592,10583,39261,4,2967.09,2023-12-03,60,6.06,790
14593,17684,8417,3,47347.56,2023-12-03,12,9.75,334
14594,16519,11000,3,85572.26,2021-04-03,48,6.82,1905
14595,7673,23406,2,99739.81,2023-12-18,12,5.48,1977
14596,8749,760,2,60221.42,2022-12-30,48,5.56,891
14597,13796,13616,4,90143.04,2022-10-07,36,9.98,1166
14598,7659,3861,4,47384.27,2022-11-29,12,3.97,44
14599,2572,25633,2,39948.32,2022-05-28,36,3.99,144
14600,14829,6982,2,51074.77,2023-05-28,48,9.87,1889
14601,1858,34254,2,69530.51,2020-12-07,60,9.52,333
14602,1467,3992,1,34895.14,2024-01-03,36,9.18,998
14603,8634,2098,4,73660.89,2024-05-11,24,9.87,1521
14604,15056,30927,1,77832.25,2023-02-09,36,9.05,1420
14605,18876,38344,1,85754.27,2022-01-17,60,3.4,55
14606,10922,18383,4,53073.01,2020-08-16,12,7.89,1331
14607,1251,798,4,64105.51,2021-01-28,12,6.55,870
14608,3590,23817,2,54573.8,2024-04-06,12,3.98,1447
14609,5157,6732,1,28946.75,2022-12-24,60,4.74,1441
14610,19554,17758,4,91532.69,2023-06-09,48,3.62,1697
14611,13723,22035,1,89904.3,2023-11-27,24,9.16,797
14612,1479,20501,4,75401.3,2022-02-03,12,8.42,325
14613,7919,22473,3,65108.75,2022-07-23,60,7.48,1734
14614,4258,12657,3,98527.29,2022-05-20,48,5.25,1695
14615,11349,6531,4,1778.76,2023-01-03,60,9.12,80
14616,14790,26505,2,11365.01,2021-02-22,48,3.18,1055
14617,17521,37675,1,22529.99,2023-06-21,60,8.85,985
14618,2405,8444,1,94863.9,2020-12-07,60,7.11,1136
14619,439,10853,4,95543.57,2021-10-14,24,3.27,558
14620,603,22643,1,2715.0,2021-08-22,24,5.26,865
14621,10403,9400,4,21191.3,2022-01-26,48,8.86,717
14622,19569,35556,2,77623.19,2023-02-16,12,4.32,1588
14623,1613,18503,1,99017.85,2023-08-23,36,8.95,1674
14624,13708,21910,3,31067.68,2024-06-27,36,8.28,472
14625,10062,27543,1,13310.85,2021-11-01,24,4.79,74
14626,12410,39629,1,83581.27,2021-05-07,60,6.4,1577
14627,12070,20010,4,31959.83,2022-11-05,48,6.4,1503
14628,4143,36492,1,50906.44,2022-09-22,24,3.83,589
14629,4648,1983,1,41238.78,2022-01-20,48,6.17,1411
14630,19348,36265,1,96372.74,2022-01-11,36,9.12,1723
14631,8533,29473,2,59263.41,2020-09-05,48,6.51,1906
14632,12043,11074,2,34621.59,2021-07-20,36,7.05,564
14633,12568,9407,2,47266.76,2021-08-15,36,9.45,1954
14634,18212,10651,4,45509.53,2022-08-26,24,4.71,1457
14635,13845,10577,1,74099.95,2024-01-22,48,9.86,1436
14636,4843,22999,3,70629.51,2021-05-24,12,7.55,467
14637,14287,66,1,24500.6,2024-06-02,48,8.74,599
14638,8022,27285,2,97575.16,2022-03-09,60,8.34,1645
14639,5394,12633,3,39053.46,2021-04-22,48,6.55,992
14640,11413,970,4,82234.28,2020-08-22,48,7.72,1933
14641,7232,209,2,71999.4,2024-02-03,60,5.67,737
14642,659,27820,4,34222.88,2023-04-30,60,8.21,994
14643,13528,3133,4,32201.73,2022-06-11,60,8.87,248
14644,27,4256,3,31073.37,2023-10-05,48,4.5,1605
14645,8544,15579,3,12182.48,2020-12-17,60,7.33,1144
14646,14823,14881,4,83806.53,2021-02-04,48,6.5,67
14647,1873,16846,1,51958.99,2020-12-15,60,3.46,573
14648,2794,507,2,8197.62,2023-05-25,60,7.89,1980
14649,14149,18531,2,2533.16,2022-05-19,24,5.01,1351
14650,14050,26649,4,67832.38,2024-04-18,12,4.69,1944
14651,14391,29689,2,29536.22,2021-07-06,48,6.46,703
14652,7031,4005,2,74572.75,2021-07-22,60,7.18,470
14653,2699,30522,4,42974.46,2023-11-06,12,8.39,493
14654,17750,32401,2,67653.52,2023-05-10,48,9.16,1725
14655,8952,14580,1,24828.03,2023-05-04,48,7.55,663
14656,12769,32589,2,57122.7,2023-03-17,48,3.17,286
14657,14896,29529,4,85432.57,2024-06-17,48,5.14,1980
14658,14271,31636,4,81800.7,2022-12-09,12,9.47,1938
14659,13801,27253,1,92389.76,2023-11-24,24,3.34,1632
14660,18907,24578,2,74756.0,2023-11-09,36,6.14,312
14661,2017,17292,3,25449.08,2021-10-25,36,8.95,309
14662,19669,30530,4,47455.56,2020-09-25,24,9.9,775
14663,9138,5053,3,85402.06,2023-01-22,24,3.72,1121
14664,7359,2200,1,2607.49,2022-01-14,12,9.1,965
14665,7477,25398,1,84492.69,2021-11-15,48,7.05,1137
14666,5416,9938,3,86937.55,2023-11-07,24,9.53,1661
14667,18427,11912,2,58919.08,2023-11-29,36,6.9,456
14668,16459,22016,1,49442.5,2020-11-19,36,4.46,1487
14669,12025,28657,1,67332.48,2021-09-17,60,7.99,1972
14670,11310,8809,2,46979.7,2021-12-02,24,3.73,132
14671,10040,35442,3,2517.9,2023-07-12,48,8.4,930
14672,1126,27630,2,74434.06,2024-06-11,12,6.84,965
14673,14608,15424,3,53221.47,2022-10-06,48,9.88,929
14674,16410,26368,3,77883.67,2023-08-21,60,6.76,121
14675,5906,19944,4,79454.37,2023-04-11,48,3.94,1221
14676,4878,19608,4,61131.03,2020-10-24,12,9.32,1830
14677,6615,9144,3,2690.38,2022-12-01,60,5.58,1506
14678,16780,35576,3,10361.17,2023-02-03,36,4.92,634
14679,4230,20292,1,29979.69,2024-01-19,36,7.0,1818
14680,3361,22353,2,29605.35,2022-07-10,12,3.25,897
14681,15624,33609,4,91657.58,2022-04-29,24,6.87,772
14682,11952,12240,1,72638.0,2024-06-23,60,6.38,1063
14683,15054,25034,3,21259.27,2022-10-30,24,9.24,566
14684,6257,7988,2,71216.86,2023-01-06,36,6.11,512
14685,5280,12565,1,59979.89,2020-07-28,60,4.1,1498
14686,12938,33284,2,15769.49,2023-05-13,24,8.1,1185
14687,15778,10923,3,41067.32,2022-04-08,60,8.87,289
14688,10869,34295,1,60020.86,2022-09-20,12,8.02,200
14689,4698,31105,1,95719.72,2024-01-07,60,7.09,1812
14690,18318,17984,3,69272.45,2021-08-20,12,9.38,528
14691,17358,23577,1,1666.31,2021-07-19,60,3.77,917
14692,16848,9397,1,94490.53,2020-08-30,48,5.75,1709
14693,18130,15890,1,73554.32,2022-05-14,60,4.02,1527
14694,13513,20956,3,39298.33,2024-01-15,24,8.94,1272
14695,6910,35190,4,24072.78,2021-02-27,60,8.38,1407
14696,3592,36729,3,32218.44,2021-04-28,12,9.36,1242
14697,18895,10032,4,42466.35,2024-05-27,60,4.23,1111
14698,12466,2560,4,55432.96,2021-10-25,24,5.0,1106
14699,1073,35300,1,23972.57,2020-09-25,60,8.71,1086
14700,11287,38026,1,77379.57,2021-10-22,12,7.1,799
14701,18367,19800,3,65017.83,2024-02-19,12,8.91,1524
14702,13388,23214,2,21524.73,2022-05-26,48,6.58,1066
14703,7391,2510,4,88282.38,2021-09-13,36,7.0,12
14704,9132,32864,3,41909.14,2023-07-06,36,3.57,833
14705,1033,29896,4,87120.38,2021-08-16,24,3.12,1770
14706,18948,997,1,98181.56,2022-10-06,60,7.02,841
14707,1957,18499,2,72980.54,2024-02-20,36,3.92,643
14708,11784,4474,1,60030.18,2024-01-21,60,9.98,1139
14709,18206,8102,2,31743.99,2022-02-28,24,3.39,1242
14710,10096,13050,4,45695.54,2021-07-18,48,3.83,1673
14711,19300,19439,4,20307.84,2022-12-26,60,5.93,106
14712,6539,659,3,78617.2,2021-06-25,24,8.29,691
14713,6363,35019,1,24100.1,2022-01-27,60,9.32,528
14714,696,39835,4,44550.27,2024-04-26,12,7.52,1496
14715,14303,9535,2,8613.77,2021-06-15,24,6.8,1778
14716,8059,30817,1,32691.25,2022-04-11,60,6.75,846
14717,16551,23903,1,58921.89,2023-02-08,36,4.2,893
14718,4229,22891,1,21741.25,2020-11-15,48,5.21,387
14719,12847,18776,4,55706.28,2021-09-11,60,4.16,1250
14720,17959,12262,3,46765.38,2021-12-23,48,6.83,481
14721,495,22912,4,27688.9,2022-03-25,60,5.13,1778
14722,10769,9235,1,41507.61,2023-04-08,60,3.55,408
14723,13155,26713,3,98157.51,2024-06-05,24,7.65,1481
14724,961,15150,1,21580.84,2021-07-22,60,7.0,1677
14725,15301,9467,2,34937.81,2024-05-17,48,8.02,898
14726,18264,39128,4,40440.68,2022-09-07,36,7.45,711
14727,3260,18057,1,31553.78,2021-01-20,60,9.55,1648
14728,16359,24444,1,46456.34,2023-03-06,12,9.21,639
14729,16840,9924,3,79215.79,2024-04-12,48,5.96,1045
14730,15653,22207,2,77816.37,2022-09-27,12,3.84,1683
14731,1358,33029,1,52878.19,2022-01-26,12,3.78,1625
14732,2408,33471,3,1874.92,2023-01-05,24,8.33,815
14733,16063,25543,1,82140.16,2022-10-05,36,5.57,918
14734,13838,32475,4,41153.12,2020-09-01,48,6.4,203
14735,386,32478,2,62346.76,2022-02-01,12,6.84,417
14736,5131,22283,3,13599.69,2022-03-19,24,9.44,416
14737,3003,26525,2,50097.71,2023-08-24,60,8.24,1472
14738,10727,2689,3,96744.13,2023-02-28,60,5.33,1536
14739,17109,26784,4,95848.03,2024-06-07,12,4.1,85
14740,13352,33926,2,42731.19,2021-10-17,24,4.61,167
14741,16669,10263,1,21134.7,2024-04-01,24,8.09,384
14742,15505,209,4,30639.04,2021-07-03,12,9.27,468
14743,9953,3340,1,82721.5,2023-04-01,60,5.9,1096
14744,6800,24665,3,30470.15,2022-12-23,12,8.1,810
14745,14098,7979,2,60519.3,2020-08-08,12,3.92,997
14746,15355,26291,1,6492.83,2020-09-05,48,5.81,1545
14747,5970,9786,2,37771.14,2024-03-25,48,5.83,1817
14748,9273,36175,2,67171.0,2024-04-29,60,4.3,473
14749,18889,5692,4,48755.46,2022-10-13,12,5.22,993
14750,17755,29430,3,12730.83,2022-11-09,12,8.85,1282
14751,18841,35113,1,91278.09,2021-08-04,60,5.66,275
14752,15206,24997,1,7633.68,2020-07-12,60,3.4,1774
14753,12117,26591,2,85722.73,2021-07-29,36,3.2,1044
14754,15773,34580,2,58830.64,2022-06-04,24,4.96,1514
14755,9116,5101,2,35454.52,2023-09-25,24,7.88,1769
14756,17609,545,4,81340.27,2024-01-20,12,8.27,490
14757,18784,35947,2,58027.49,2021-03-01,48,3.48,1757
14758,17817,22257,4,1151.92,2024-05-05,48,9.21,326
14759,14529,5135,2,56116.88,2021-02-22,60,7.47,529
14760,953,20956,4,36196.48,2022-05-05,60,6.4,892
14761,8923,25320,1,98388.43,2023-10-15,24,5.09,89
14762,12368,39145,2,86119.37,2023-05-22,48,5.34,486
14763,13458,20697,2,36348.69,2022-10-09,24,3.91,708
14764,10507,32192,3,63547.16,2022-01-23,12,8.13,350
14765,11656,37137,1,68583.55,2022-04-22,12,6.64,1108
14766,11755,20951,3,34576.46,2020-12-05,48,3.49,387
14767,6595,12520,3,12740.76,2024-07-02,48,9.86,87
14768,2754,12931,1,18147.27,2023-06-26,12,7.73,307
14769,498,17656,4,12359.98,2021-11-08,24,6.96,1874
14770,444,2386,2,10262.97,2023-02-25,60,6.61,1178
14771,10445,25735,2,44559.82,2023-08-09,36,8.22,440
14772,19883,24970,3,97868.88,2022-09-25,12,4.79,740
14773,15479,36734,2,56367.91,2023-08-12,60,3.97,1984
14774,8573,37491,4,57379.0,2022-07-20,60,5.42,264
14775,17664,757,3,55350.21,2022-10-21,36,3.64,977
14776,10564,25010,1,4516.86,2022-09-18,12,9.93,735
14777,349,2053,2,58227.55,2022-04-20,12,4.68,421
14778,19971,24615,2,28947.52,2023-12-02,60,6.67,493
14779,17058,8137,2,94631.65,2023-08-10,48,5.54,633
14780,12048,15811,4,23588.17,2023-03-13,24,8.95,993
14781,17788,32594,3,7922.95,2020-09-04,48,4.12,411
14782,10877,17029,4,29351.46,2021-01-12,36,4.86,173
14783,6097,31742,1,94167.41,2023-07-01,60,4.59,4
14784,14592,14932,3,1014.79,2021-05-31,60,3.14,854
14785,12216,5650,2,48020.55,2021-10-31,36,7.75,1664
14786,16740,25,1,57871.41,2022-08-13,60,4.52,986
14787,9960,20659,3,65267.42,2021-04-06,36,5.1,1496
14788,2021,28570,1,79245.27,2021-11-30,36,6.9,1134
14789,6686,10223,4,15862.41,2020-07-24,48,4.2,1891
14790,8304,29400,4,53333.85,2022-10-09,48,9.78,1061
14791,5120,13010,1,26883.38,2022-03-02,60,5.64,583
14792,11775,2414,3,40190.05,2020-11-02,48,8.69,1825
14793,18204,1854,4,83770.12,2021-02-24,36,8.54,1055
14794,13123,32612,3,9704.81,2022-03-10,60,3.92,1975
14795,322,2970,3,85890.69,2020-07-30,60,3.81,381
14796,13442,19358,2,24564.44,2021-06-18,24,9.53,1292
14797,12886,7900,2,19525.04,2021-07-30,24,9.27,1035
14798,6943,22255,2,3352.88,2021-09-21,12,4.6,344
14799,12637,34724,2,34267.7,2021-04-28,48,7.43,1864
14800,9611,20701,4,84163.06,2023-12-30,36,9.11,1568
14801,1621,1277,4,89498.7,2020-09-28,36,6.3,1593
14802,4543,38774,3,20269.99,2022-05-22,36,3.05,166
14803,712,18945,1,17541.0,2022-06-13,24,7.77,700
14804,16910,8186,2,80768.39,2022-11-19,48,5.72,342
14805,4722,24960,4,86927.9,2021-09-08,48,7.6,1506
14806,17801,38188,4,56708.71,2023-07-10,60,7.21,1043
14807,7623,5087,3,13181.17,2021-10-26,48,5.77,1652
14808,5997,19720,4,22142.87,2022-06-04,24,8.58,980
14809,2813,8661,2,45191.9,2021-12-12,60,9.14,1208
14810,13910,35327,3,78328.15,2024-03-15,36,9.82,1806
14811,9843,10585,1,9407.9,2021-12-10,12,5.22,545
14812,10382,20397,3,97064.52,2024-06-05,36,7.02,1034
14813,7644,24573,2,42072.02,2020-10-02,60,3.41,1616
14814,5784,18145,3,7889.38,2021-10-23,60,7.96,192
14815,10344,25806,2,78539.81,2021-08-15,48,5.8,320
14816,10819,28719,2,36870.32,2021-06-20,24,4.39,1726
14817,7651,1660,4,42996.16,2024-04-01,48,8.52,580
14818,1812,26326,2,53579.38,2021-05-21,60,9.15,475
14819,10094,23925,2,85565.77,2023-02-26,48,8.64,1884
14820,12912,25464,3,11755.36,2023-06-01,24,5.98,637
14821,19477,30777,3,39752.09,2022-12-31,36,7.97,427
14822,3843,28999,3,82197.3,2021-12-01,12,6.47,1872
14823,13202,3390,2,6475.32,2021-09-06,24,9.53,1083
14824,13100,22440,1,24592.64,2023-04-10,36,9.23,1460
14825,8423,20423,2,15360.82,2021-11-18,12,4.75,97
14826,2568,13514,4,40069.42,2022-10-02,36,6.28,496
14827,6032,25442,2,96084.32,2023-06-08,24,5.01,1811
14828,11372,29140,3,27764.67,2020-09-10,24,5.51,661
14829,283,27399,1,76453.75,2022-04-12,24,5.38,1302
14830,9672,6351,4,47098.41,2022-01-10,48,5.24,1289
14831,10791,24315,2,77471.33,2021-12-08,36,4.04,9
14832,9089,36206,1,75235.31,2021-02-20,60,5.05,457
14833,16588,16607,2,65855.79,2022-09-17,12,6.75,1819
14834,7663,19492,3,64584.35,2023-09-21,48,8.83,273
14835,2629,16547,1,64193.38,2023-12-21,48,4.24,940
14836,2181,4394,2,45122.13,2022-06-05,60,9.3,1837
14837,11168,13082,3,44697.75,2023-10-23,36,8.64,1032
14838,14523,24500,3,49050.14,2023-04-09,60,4.06,208
14839,5572,29313,4,11823.34,2021-03-03,48,5.7,1938
14840,3393,39253,3,69193.22,2022-10-17,12,3.34,1661
14841,9036,10007,2,65986.38,2021-04-03,12,9.69,1147
14842,1559,10631,3,4214.89,2022-10-05,24,3.97,1057
14843,7265,33264,4,37987.48,2024-05-12,48,4.73,1537
14844,15575,33109,1,52619.12,2020-12-04,60,5.46,204
14845,1012,33410,2,66016.91,2022-07-09,60,8.59,518
14846,8414,8456,1,80133.07,2020-11-12,12,4.57,1833
14847,4410,32472,2,23042.92,2022-10-24,60,5.36,1975
14848,5546,13857,4,68406.66,2023-06-17,12,4.21,517
14849,11233,24245,1,97084.44,2021-02-17,60,5.4,443
14850,4483,20088,2,71546.48,2023-06-04,12,4.36,1616
14851,5274,37602,4,90258.01,2022-07-15,48,9.56,1810
14852,11290,29193,4,30586.88,2024-02-09,12,3.81,689
14853,4955,38492,2,34713.51,2020-09-29,12,6.74,850
14854,6554,3041,3,37177.2,2024-05-14,36,9.83,833
14855,10556,5092,2,1022.89,2021-01-29,36,7.57,339
14856,17805,3375,1,80050.64,2021-08-27,60,5.59,1462
14857,16137,4761,1,69540.71,2023-01-03,12,4.27,1469
14858,3370,33267,3,45471.79,2021-12-15,24,9.0,1160
14859,4350,770,1,60120.14,2021-01-24,60,9.53,387
14860,2339,18619,1,22312.15,2020-10-27,48,6.84,1049
14861,13715,6510,4,5336.92,2024-03-28,12,6.55,506
14862,11586,7251,2,93254.27,2023-11-04,36,3.82,1349
14863,3184,5779,2,20085.86,2020-11-24,36,3.05,1719
14864,245,29295,2,34063.57,2020-08-25,12,6.87,680
14865,2354,36966,4,5893.0,2020-07-08,12,8.29,1362
14866,16780,39718,1,2294.0,2021-02-22,12,8.74,690
14867,7418,16899,4,42232.43,2020-09-12,60,4.33,885
14868,11616,33361,4,36770.26,2020-11-17,12,9.06,1119
14869,16947,27137,2,99024.64,2023-11-16,48,8.49,1569
14870,8608,20495,4,1900.74,2020-10-19,60,9.43,623
14871,18657,10145,3,72727.02,2020-09-09,48,9.41,1170
14872,7402,27404,4,74752.01,2021-07-21,12,6.99,893
14873,14998,7779,3,2541.01,2023-10-15,48,8.75,953
14874,13255,22964,1,40392.32,2022-01-15,24,4.19,1255
14875,7048,12079,1,77377.24,2021-10-05,36,9.36,784
14876,5304,5310,1,82768.81,2022-09-29,12,9.84,1872
14877,17741,17987,4,2850.51,2022-01-12,48,7.78,495
14878,11551,1160,3,82578.18,2022-02-07,48,3.47,1062
14879,7930,39481,3,47581.39,2020-10-25,36,3.26,1449
14880,8059,1064,2,87202.12,2023-08-21,36,3.55,1671
14881,15482,13405,1,16915.39,2021-10-22,36,7.17,1870
14882,11950,38687,1,39526.77,2021-03-27,36,8.33,747
14883,5806,34115,2,99460.98,2023-06-26,60,6.19,437
14884,13574,1260,4,5664.82,2020-11-17,12,7.57,1855
14885,6725,3336,3,1964.71,2022-12-03,60,8.64,1392
14886,15442,5690,4,37526.76,2023-01-15,60,7.76,345
14887,9364,12620,2,1876.65,2022-12-15,24,6.71,1184
14888,6266,14121,3,74787.05,2021-07-26,24,3.2,550
14889,7428,22312,4,41882.75,2023-07-16,48,9.65,1686
14890,6822,39991,1,86543.43,2023-09-11,60,10.0,1936
14891,5628,13112,4,58308.02,2020-08-15,12,3.9,820
14892,7403,32388,3,82733.23,2023-02-21,60,5.01,541
14893,14849,34517,2,98155.61,2023-06-13,24,4.69,144
14894,9367,8516,4,52183.51,2024-05-30,12,4.64,588
14895,5604,27521,1,51867.74,2021-06-21,48,6.82,657
14896,1791,23610,3,17699.31,2023-09-13,12,7.3,1765
14897,19620,10818,3,34062.32,2023-08-20,36,6.53,1600
14898,2492,6337,4,33721.37,2022-11-28,48,8.58,1883
14899,8677,20508,2,98616.34,2023-06-18,24,4.05,345
14900,1131,37282,2,91392.4,2020-12-23,12,4.11,1293
14901,17471,38534,1,16494.62,2022-06-14,48,4.7,1864
14902,16227,9567,3,12176.52,2022-08-04,24,9.41,696
14903,7860,35253,4,90002.19,2020-09-09,36,7.23,1797
14904,18637,9073,3,38907.17,2023-12-28,36,8.47,268
14905,8769,36587,2,20176.28,2022-09-22,60,6.09,169
14906,19674,13613,4,8655.48,2021-08-04,60,9.77,1795
14907,13627,24712,2,24372.8,2023-04-18,60,4.09,1763
14908,14310,169,3,76294.29,2022-10-10,48,7.24,33
14909,18314,38744,2,77835.04,2021-11-22,12,5.89,377
14910,7289,19301,1,71820.88,2022-04-09,60,3.37,1238
14911,16688,7805,1,42396.65,2021-07-21,24,5.87,1586
14912,15136,19622,4,84675.6,2021-12-01,12,4.29,1464
14913,9790,29823,2,30907.44,2024-04-14,12,5.89,1516
14914,17547,1772,2,59678.4,2021-08-05,48,5.56,393
14915,4095,39382,3,61165.24,2020-08-25,24,3.54,489
14916,10777,35210,4,22526.31,2022-06-13,12,6.08,722
14917,8807,16385,1,22071.59,2021-03-16,36,9.38,946
14918,9744,842,3,16485.84,2021-10-10,36,5.98,1053
14919,5607,31221,4,19055.82,2020-10-14,36,8.28,39
14920,3277,9854,3,47040.6,2024-01-03,24,6.23,1883
14921,7046,18753,4,29030.3,2021-06-30,24,8.02,1636
14922,2537,33075,3,86829.07,2022-06-02,12,7.47,1197
14923,15353,35313,3,40462.33,2020-09-04,36,7.26,1041
14924,13521,406,3,25041.95,2022-12-31,48,9.5,1080
14925,375,16197,3,3148.05,2023-02-26,12,5.66,226
14926,5370,26684,2,89447.85,2022-05-17,12,8.44,1582
14927,9701,36857,1,46302.37,2021-07-31,60,8.32,67
14928,12693,29428,2,90633.47,2023-05-12,36,4.78,1221
14929,17860,4876,4,28076.42,2020-12-07,60,4.38,1678
14930,10573,28406,2,72875.33,2022-01-16,60,8.7,835
14931,3347,7590,3,72553.96,2023-11-21,60,4.33,1047
14932,10755,14362,4,81125.68,2021-04-08,36,5.42,999
14933,1193,33746,3,71271.93,2021-11-01,24,7.98,1630
14934,11526,13574,1,86057.59,2022-10-23,24,3.94,1778
14935,15852,23502,3,68218.02,2024-03-26,48,4.03,237
14936,11392,12854,1,34580.67,2023-11-30,36,7.96,957
14937,4940,31008,4,67080.34,2023-07-23,36,6.16,919
14938,2938,16298,3,6370.34,2021-01-20,12,7.62,1947
14939,5912,950,1,39505.34,2023-05-15,24,7.31,1590
14940,10046,34789,2,50185.83,2024-02-04,48,6.59,1162
14941,5804,9870,4,44025.09,2021-11-07,48,9.41,473
14942,12171,19999,4,27939.74,2021-02-26,24,3.19,1869
14943,11328,8396,1,1031.11,2021-05-04,36,3.75,1808
14944,15636,37086,4,51646.5,2021-02-01,36,6.28,553
14945,15535,38099,2,60596.76,2021-04-20,60,3.71,1634
14946,11364,13424,3,25968.55,2023-02-26,12,3.22,695
14947,10330,38941,2,95661.45,2021-12-25,60,5.42,1664
14948,7916,27574,4,55648.29,2021-10-23,36,9.56,1253
14949,5042,17295,3,70383.12,2020-08-14,48,4.9,317
14950,14299,29961,4,88970.78,2021-03-26,48,4.8,598
14951,12170,2625,1,30195.77,2020-07-05,60,7.38,768
14952,4103,12393,1,11552.64,2021-05-29,36,4.63,1745
14953,3950,15542,1,82602.9,2020-08-07,12,5.32,1751
14954,3557,39895,1,76481.35,2022-04-28,12,4.47,886
14955,15317,35724,1,31884.31,2023-11-04,48,7.04,1636
14956,4303,15191,4,31572.07,2023-03-19,24,6.07,561
14957,403,26740,3,93226.68,2023-02-18,36,3.68,1225
14958,4126,25449,4,12208.78,2023-04-12,12,9.66,1972
14959,935,23082,2,44040.38,2024-01-17,24,9.73,258
14960,133,17805,4,76479.02,2024-03-09,48,6.96,1504
14961,3211,9722,3,69035.92,2024-02-17,24,3.44,1912
14962,6705,961,3,55659.06,2021-09-16,36,9.06,1202
14963,8792,8205,2,89728.33,2024-03-09,36,3.32,757
14964,2524,6020,2,18552.59,2020-11-05,24,4.24,123
14965,5569,8770,1,96380.67,2023-04-25,60,9.64,342
14966,17287,13362,3,25716.03,2022-02-12,24,8.19,1195
14967,2538,15313,4,99257.89,2021-03-18,36,5.28,1869
14968,14274,6677,4,49400.11,2023-11-29,12,9.68,1672
14969,10502,23211,1,28567.8,2023-07-26,48,4.38,1083
14970,15408,14204,3,15937.05,2023-01-18,60,7.31,1729
14971,3403,26238,1,31164.94,2021-05-21,60,9.61,1489
14972,12250,35932,3,28762.17,2024-03-31,60,9.23,1804
14973,17200,31342,3,24191.79,2021-10-31,48,8.11,260
14974,5006,36105,2,87934.37,2023-06-10,48,5.47,1397
14975,2418,16457,4,20891.94,2022-04-14,48,5.49,1997
14976,12961,5029,3,15452.29,2022-02-16,48,8.96,95
14977,6161,31023,3,41423.8,2023-07-28,60,9.89,1149
14978,7952,2250,3,68419.88,2022-06-15,60,7.06,41
14979,17556,36146,3,69877.1,2021-10-26,36,6.55,1915
14980,17663,13348,4,40419.0,2023-10-23,48,7.34,254
14981,9799,24480,3,65317.19,2021-12-19,48,6.28,7
14982,9550,39332,1,47253.89,2022-01-19,12,3.28,1495
14983,18151,24501,1,23008.26,2020-09-27,24,5.7,728
14984,689,36194,3,24548.36,2022-06-16,36,7.06,1535
14985,4385,9883,2,40243.33,2020-09-14,24,4.75,1605
14986,4166,750,4,97243.31,2022-12-09,60,6.35,69
14987,18599,7917,3,94588.19,2023-08-25,60,7.13,1105
14988,11361,33172,3,37275.48,2021-06-18,60,4.02,542
14989,12731,2550,4,83899.49,2022-12-16,36,7.08,1609
14990,18439,31115,3,4624.78,2023-10-05,12,8.24,1286
14991,4484,14411,2,28205.18,2020-10-31,12,9.13,89
14992,19293,4635,1,42298.01,2023-06-19,12,9.01,1939
14993,18318,18991,3,76991.62,2021-01-18,48,3.54,1232
14994,4755,9643,1,78462.81,2022-04-20,60,6.96,213
14995,9370,18169,2,24020.63,2021-02-28,36,7.88,834
14996,17050,16859,2,5187.94,2021-03-12,60,7.85,266
14997,5291,26235,4,62100.08,2024-02-08,24,9.54,912
14998,17500,20027,4,93006.77,2022-04-07,12,5.74,293
14999,9977,10103,4,97474.24,2023-08-12,48,4.04,1231
15000,15205,38509,3,32127.5,2023-11-19,36,9.23,333
